Arguments: 
  /usr/local/bin/node /usr/local/Cellar/yarn/1.22.10/libexec/bin/yarn.js electron-builder

PATH: 
  /usr/local/bin:/usr/bin:/bin:/usr/sbin:/sbin

Yarn version: 
  1.22.10

Node version: 
  12.16.2

Platform: 
  darwin x64

Trace: 
  SyntaxError: /Users/neil/Documents/workspace/x-pro/package.json: Unexpected token , in JSON at position 2831
      at JSON.parse (<anonymous>)
      at /usr/local/Cellar/yarn/1.22.10/libexec/lib/cli.js:1625:59
      at Generator.next (<anonymous>)
      at step (/usr/local/Cellar/yarn/1.22.10/libexec/lib/cli.js:310:30)
      at /usr/local/Cellar/yarn/1.22.10/libexec/lib/cli.js:321:13

npm manifest: 
  {
      "name": "x-security-operation",
      "version": "2.0.0",
      "description": "x-security-operation",
      "repository": {
          "type": "git",
          "url": ""
      },
      "engines": {
          "npm": ">=5",
          "node": ">=8"
      },
      "author": "X",
      "license": "Apache-2.0",
      "scripts": {
          "analyze:clean": "rimraf stats.json",
          "preanalyze": "npm run analyze:clean",
          "analyze": "node ./internals/scripts/analyze.js",
          "npmcheckversion": "node ./internals/scripts/npmcheckversion.js",
          "preinstall": "npm run npmcheckversion",
          "prebuild": "npm run build:clean",
          "build": "cross-env NODE_ENV=production webpack --config internals/webpack/webpack.prod.babel.js --color -p --progress --hide-modules --display-optimization-bailout",
          "build:ci": "cross-env NODE_ENV=production webpack --config internals/webpack/webpack.prod.babel.js --color -p --progress --hide-modules --display-optimization-bailout",
          "build:clean": "rimraf ./build",
          "start": "cross-env NODE_ENV=development node server",
          "start:tunnel": "cross-env NODE_ENV=development ENABLE_TUNNEL=true node server",
          "start:production": "npm run test && npm run build && npm run start:prod",
          "start:prod": "cross-env NODE_ENV=production node server",
          "start:electron": "electron .",
          "electron-builder": "electron-builder",
          "presetup": "npm i chalk shelljs",
          "lint": "npm run lint:js",
          "lint:eslint": "eslint --ignore-path .gitignore --ignore-pattern server --ignore-pattern build",
          "lint:eslint:fix": "eslint --ignore-path .gitignore --ignore-pattern server --ignore-pattern build --fix",
          "lint:js": "npm run lint:eslint",
          "lint:staged": "lint-staged",
          "pretest": "npm run test:clean && npm run lint",
          "test:clean": "rimraf ./coverage",
          "test": "cross-env NODE_ENV=test jest --coverage",
          "test:ci": "cross-env NODE_ENV=test jest --coverage --ci --passWithNoTests --reporters=default --reporters=jest-junit",
          "test:watch": "cross-env NODE_ENV=test jest --watchAll",
          "prettify": "prettier --write"
      },
      "electron-builder": {
          "productName":"x-security-operation",
          "appId": "x-security-operation",
          "asar": false,
          "extraResources":  {
              "from": "./extraResources/",
              "to": "extraResources"
          },
          "win": {
              "target": [
                {
                  "target": "nsis",
                  "arch": [
                    "ia32"
                  ]
                }
              ]
          },
          "nsis": {
              "oneClick": false,
              "perMachine": true,
              "allowElevation": true,
              "allowToChangeInstallationDirectory": true
          }
        }
      },
      "browserslist": [
          "last 2 versions",
          "> 1%",
          "IE 10"
      ],
      "pre-commit": "lint:staged",
      "lint-staged": {
          "*.js": [
              "npm run lint:eslint"
          ]
      },
      "dependencies": {
          "@ant-design/icons": "4.2.2",
          "@antv/data-set": "0.11.5",
          "@babel/polyfill": "7.11.5",
          "@ckeditor/ckeditor5-build-classic": "22.0.0",
          "antd": "4.6.4",
          "bin-wrapper": "npm:bin-wrapper-china",
          "bin-wrapper-china": "npm:bin-wrapper-china",
          "bizcharts": "4.0.14",
          "chalk": "4.1.0",
          "clsx": "1.1.1",
          "compression": "1.7.4",
          "connected-react-router": "6.8.0",
          "crypto-js": "4.0.0",
          "express": "4.17.1",
          "history": "4.10.1",
          "html2canvas": "1.0.0-rc.7",
          "immer": "7.0.9",
          "ip": "1.1.5",
          "iscroll": "5.2.0",
          "js-base64": "3.5.2",
          "js-md5": "0.7.3",
          "jsonwebtoken": "8.5.1",
          "jspdf": "2.1.1",
          "keycloak-js": "^11.0.2",
          "lodash": "4.17.20",
          "minimist": "1.2.5",
          "moment": "2.28.0",
          "nprogress": "0.2.0",
          "prop-types": "15.7.2",
          "query-string": "6.13.2",
          "react": "16.13.1",
          "react-dom": "16.13.1",
          "react-helmet": "6.1.0",
          "react-redux": "7.2.1",
          "react-router-dom": "5.2.0",
          "redux": "4.0.5",
          "redux-thunk": "2.3.0",
          "reselect": "4.0.0",
          "styled-components": "5.2.0",
          "webpack-node-externals": "^2.5.2",
          "xlsx": "0.16.7"
      },
      "devDependencies": {
          "@babel/cli": "7.11.6",
          "@babel/core": "7.11.6",
          "@babel/helper-validator-identifier": "7.10.4",
          "@babel/plugin-syntax-dynamic-import": "7.8.3",
          "@babel/plugin-transform-modules-commonjs": "7.10.4",
          "@babel/plugin-transform-react-constant-elements": "7.10.4",
          "@babel/plugin-transform-react-inline-elements": "7.10.4",
          "@babel/plugin-transform-typescript": "7.11.0",
          "@babel/preset-env": "7.11.5",
          "@babel/preset-react": "7.10.4",
          "@babel/preset-typescript": "7.10.4",
          "@babel/register": "7.11.5",
          "add-asset-html-webpack-plugin": "3.1.3",
          "babel-core": "7.0.0-bridge.0",
          "babel-eslint": "10.1.0",
          "babel-jest": "26.3.0",
          "babel-loader": "8.1.0",
          "babel-plugin-dynamic-import-node": "2.3.3",
          "babel-plugin-import": "1.13.0",
          "babel-plugin-lodash": "3.3.4",
          "babel-plugin-transform-react-remove-prop-types": "0.4.24",
          "circular-dependency-plugin": "5.2.0",
          "compare-versions": "3.6.0",
          "compression-webpack-plugin": "6.0.0",
          "cross-env": "7.0.2",
          "css-loader": "4.3.0",
          "devtron": "^1.4.0",
          "electron": "^11.1.1",
          "electron-builder": "^22.9.1",
          "eslint": "7.9.0",
          "eslint-config-airbnb": "18.2.0",
          "eslint-config-airbnb-base": "14.2.0",
          "eslint-config-prettier": "6.11.0",
          "eslint-import-resolver-webpack": "0.12.2",
          "eslint-loader": "4.0.2",
          "eslint-plugin-import": "2.22.0",
          "eslint-plugin-jsx-a11y": "6.3.1",
          "eslint-plugin-prettier": "3.1.4",
          "eslint-plugin-react": "7.20.6",
          "eslint-plugin-react-hooks": "4.1.2",
          "file-loader": "6.1.0",
          "html-loader": "1.3.0",
          "html-webpack-plugin": "4.4.1",
          "http-proxy-middleware": "1.0.5",
          "imports-loader": "1.1.0",
          "jest-cli": "26.4.2",
          "lint-staged": "10.3.0",
          "moment-locales-webpack-plugin": "1.2.0",
          "offline-plugin": "5.0.7",
          "plop": "2.7.4",
          "pre-commit": "1.2.2",
          "prettier": "2.1.2",
          "react-app-polyfill": "1.0.6",
          "react-test-renderer": "16.13.1",
          "rimraf": "3.0.2",
          "shelljs": "0.8.4",
          "style-loader": "1.2.1",
          "svg-url-loader": "6.0.0",
          "terser-webpack-plugin": "4.2.1",
          "typescript": "4.0.2",
          "url-loader": "4.1.0",
          "webpack": "4.44.1",
          "webpack-cli": "3.3.12",
          "webpack-dev-middleware": "3.7.2",
          "webpack-hot-middleware": "2.25.0",
          "webpack-pwa-manifest": "4.2.0"
      },
      "resolutions": {
          "babel-core": "7.0.0-bridge.0",
          "bin-wrapper": "npm:bin-wrapper-china"
      },
      "main": "main.js"
  }

yarn manifest: 
  No manifest

Lockfile: 
  # THIS IS AN AUTOGENERATED FILE. DO NOT EDIT THIS FILE DIRECTLY.
  # yarn lockfile v1
  
  
  "7zip-bin@~5.0.3":
    version "5.0.3"
    resolved "https://registry.npm.taobao.org/7zip-bin/download/7zip-bin-5.0.3.tgz#bc5b5532ecafd923a61f2fb097e3b108c0106a3f"
    integrity sha1-vFtVMuyv2SOmHy+wl+OxCMAQaj8=
  
  "@ant-design/colors@^3.1.0":
    version "3.2.2"
    resolved "https://registry.npm.taobao.org/@ant-design/colors/download/@ant-design/colors-3.2.2.tgz?cache=0&sync_timestamp=1596611514727&other_urls=https%3A%2F%2Fregistry.npm.taobao.org%2F%40ant-design%2Fcolors%2Fdownload%2F%40ant-design%2Fcolors-3.2.2.tgz#5ad43d619e911f3488ebac303d606e66a8423903"
    integrity sha1-WtQ9YZ6RHzSI66wwPWBuZqhCOQM=
    dependencies:
      tinycolor2 "^1.4.1"
  
  "@ant-design/colors@^4.0.5":
    version "4.0.5"
    resolved "https://registry.npm.taobao.org/@ant-design/colors/download/@ant-design/colors-4.0.5.tgz?cache=0&sync_timestamp=1596611514727&other_urls=https%3A%2F%2Fregistry.npm.taobao.org%2F%40ant-design%2Fcolors%2Fdownload%2F%40ant-design%2Fcolors-4.0.5.tgz#d7d100d7545cca8f624954604a6892fc48ba5aae"
    integrity sha1-19EA11Rcyo9iSVRgSmiS/Ei6Wq4=
    dependencies:
      tinycolor2 "^1.4.1"
  
  "@ant-design/css-animation@^1.7.2":
    version "1.7.3"
    resolved "https://registry.npm.taobao.org/@ant-design/css-animation/download/@ant-design/css-animation-1.7.3.tgz?cache=0&sync_timestamp=1596104879940&other_urls=https%3A%2F%2Fregistry.npm.taobao.org%2F%40ant-design%2Fcss-animation%2Fdownload%2F%40ant-design%2Fcss-animation-1.7.3.tgz#60a1c970014e86b28f940510d69e503e428f1136"
    integrity sha1-YKHJcAFOhrKPlAUQ1p5QPkKPETY=
  
  "@ant-design/icons-svg@^4.0.0":
    version "4.1.0"
    resolved "https://registry.npm.taobao.org/@ant-design/icons-svg/download/@ant-design/icons-svg-4.1.0.tgz#480b025f4b20ef7fe8f47d4a4846e4fee84ea06c"
    integrity sha1-SAsCX0sg73/o9H1KSEbk/uhOoGw=
  
  "@ant-design/icons@4.2.2", "@ant-design/icons@^4.2.1", "@ant-design/icons@^4.2.2":
    version "4.2.2"
    resolved "https://registry.npm.taobao.org/@ant-design/icons/download/@ant-design/icons-4.2.2.tgz#6533c5a02aec49238ec4748074845ad7d85a4f5e"
    integrity sha1-ZTPFoCrsSSOOxHSAdIRa19haT14=
    dependencies:
      "@ant-design/colors" "^3.1.0"
      "@ant-design/icons-svg" "^4.0.0"
      "@babel/runtime" "^7.10.4"
      classnames "^2.2.6"
      insert-css "^2.0.0"
      rc-util "^5.0.1"
  
  "@ant-design/react-slick@~0.27.0":
    version "0.27.10"
    resolved "https://registry.npm.taobao.org/@ant-design/react-slick/download/@ant-design/react-slick-0.27.10.tgz?cache=0&sync_timestamp=1598086169192&other_urls=https%3A%2F%2Fregistry.npm.taobao.org%2F%40ant-design%2Freact-slick%2Fdownload%2F%40ant-design%2Freact-slick-0.27.10.tgz#84b01288ad1a9b049f1ff537d85b765d397b60c1"
    integrity sha1-hLASiK0amwSfH/U32Ft2XTl7YME=
    dependencies:
      "@babel/runtime" "^7.10.4"
      classnames "^2.2.5"
      json2mq "^0.2.0"
      lodash "^4.17.15"
      resize-observer-polyfill "^1.5.0"
  
  "@antv/adjust@^0.2.1":
    version "0.2.2"
    resolved "https://registry.npm.taobao.org/@antv/adjust/download/@antv/adjust-0.2.2.tgz#569ff937213d14a803b17f054cbe1db06805c508"
    integrity sha1-Vp/5NyE9FKgDsX8FTL4dsGgFxQg=
    dependencies:
      "@antv/util" "~2.0.0"
      tslib "^1.10.0"
  
  "@antv/attr@^0.3.1":
    version "0.3.2"
    resolved "https://registry.npm.taobao.org/@antv/attr/download/@antv/attr-0.3.2.tgz#e5866b64870c62f3a9c25b8a61f654ba2bfda051"
    integrity sha1-5YZrZIcMYvOpwluKYfZUuiv9oFE=
    dependencies:
      "@antv/color-util" "^2.0.1"
      "@antv/util" "~2.0.0"
      tslib "^1.10.0"
  
  "@antv/color-util@^2.0.1", "@antv/color-util@^2.0.2":
    version "2.0.5"
    resolved "https://registry.npm.taobao.org/@antv/color-util/download/@antv/color-util-2.0.5.tgz#6c6c14ad2873526bcba72380b781a2b24360ac6e"
    integrity sha1-bGwUrShzUmvLpyOAt4GiskNgrG4=
    dependencies:
      "@antv/util" "^2.0.9"
      tslib "^1.10.0"
  
  "@antv/component@^0.6.0", "@antv/component@~0.6.1":
    version "0.6.3"
    resolved "https://registry.npm.taobao.org/@antv/component/download/@antv/component-0.6.3.tgz?cache=0&sync_timestamp=1599009896301&other_urls=https%3A%2F%2Fregistry.npm.taobao.org%2F%40antv%2Fcomponent%2Fdownload%2F%40antv%2Fcomponent-0.6.3.tgz#3bb4cedbe985e831bfb378a9e672a46c0422a5a7"
    integrity sha1-O7TO2+mF6DG/s3ip5nKkbAQipac=
    dependencies:
      "@antv/dom-util" "~2.0.1"
      "@antv/g-base" "~0.4.0"
      "@antv/matrix-util" "^3.1.0-beta.1"
      "@antv/path-util" "~2.0.7"
      "@antv/scale" "~0.3.1"
      "@antv/util" "~2.0.0"
      fecha "~4.2.0"
      tslib "^1.10.0"
  
  "@antv/component@^0.7.2":
    version "0.7.3"
    resolved "https://registry.npm.taobao.org/@antv/component/download/@antv/component-0.7.3.tgz?cache=0&sync_timestamp=1599009896301&other_urls=https%3A%2F%2Fregistry.npm.taobao.org%2F%40antv%2Fcomponent%2Fdownload%2F%40antv%2Fcomponent-0.7.3.tgz#49733abc3ee8ec46f5c491c15bc6a2ad2a673f99"
    integrity sha1-SXM6vD7o7Eb1xJHBW8airSpnP5k=
    dependencies:
      "@antv/dom-util" "~2.0.1"
      "@antv/g-base" "~0.5.0"
      "@antv/matrix-util" "^3.1.0-beta.1"
      "@antv/path-util" "~2.0.7"
      "@antv/scale" "~0.3.1"
      "@antv/util" "~2.0.0"
      fecha "~4.2.0"
      tslib "^1.10.0"
  
  "@antv/coord@^0.3.0", "@antv/coord@~0.3.0":
    version "0.3.0"
    resolved "https://registry.npm.taobao.org/@antv/coord/download/@antv/coord-0.3.0.tgz#47239cfd3545f87b7a67a9bed92d12a529d5a996"
    integrity sha1-RyOc/TVF+Ht6Z6m+2S0SpSnVqZY=
    dependencies:
      "@antv/matrix-util" "^3.1.0-beta.2"
      "@antv/util" "~2.0.3"
      tslib "^1.10.0"
  
  "@antv/data-set@0.11.5":
    version "0.11.5"
    resolved "https://registry.npm.taobao.org/@antv/data-set/download/@antv/data-set-0.11.5.tgz#35ff5430bb7a336c42f150826c377061c26911ea"
    integrity sha1-Nf9UMLt6M2xC8VCCbDdwYcJpEeo=
    dependencies:
      "@antv/hierarchy" "^0.6.0"
      "@antv/util" "^2.0.0"
      d3-composite-projections "^1.2.0"
      d3-dsv "^1.0.5"
      d3-geo "~1.6.4"
      d3-geo-projection "~2.1.2"
      d3-hexjson "^1.0.1"
      d3-hierarchy "^1.1.5"
      d3-sankey "^0.9.1"
      d3-voronoi "^1.1.2"
      dagre "^0.8.2"
      point-at-length "^1.0.2"
      regression "^2.0.0"
      simple-statistics "^6.1.0"
      topojson-client "^3.0.0"
      wolfy87-eventemitter "^5.1.0"
  
  "@antv/dom-util@~2.0.1", "@antv/dom-util@~2.0.2":
    version "2.0.2"
    resolved "https://registry.npm.taobao.org/@antv/dom-util/download/@antv/dom-util-2.0.2.tgz#4c7b0a195e027e55570435a6825cec56dfb0b590"
    integrity sha1-THsKGV4CflVXBDWmglzsVt+wtZA=
    dependencies:
      tslib "^1.10.0"
  
  "@antv/event-emitter@^0.1.1", "@antv/event-emitter@~0.1.0", "@antv/event-emitter@~0.1.2":
    version "0.1.2"
    resolved "https://registry.npm.taobao.org/@antv/event-emitter/download/@antv/event-emitter-0.1.2.tgz#a17b7cb86e6d071880dc6bfb232756f88624ecbc"
    integrity sha1-oXt8uG5tBxiA3Gv7IydW+IYk7Lw=
  
  "@antv/g-base@^0.4.3", "@antv/g-base@^0.4.7", "@antv/g-base@~0.4.0":
    version "0.4.7"
    resolved "https://registry.npm.taobao.org/@antv/g-base/download/@antv/g-base-0.4.7.tgz?cache=0&sync_timestamp=1600174460559&other_urls=https%3A%2F%2Fregistry.npm.taobao.org%2F%40antv%2Fg-base%2Fdownload%2F%40antv%2Fg-base-0.4.7.tgz#7698fc4c8cb381f2b789a30fbeb26b1e88c48196"
    integrity sha1-dpj8TIyzgfK3iaMPvrJrHojEgZY=
    dependencies:
      "@antv/event-emitter" "^0.1.1"
      "@antv/g-math" "^0.1.3"
      "@antv/matrix-util" "^3.1.0-beta.1"
      "@antv/path-util" "~2.0.5"
      "@antv/util" "~2.0.0"
      "@types/d3-timer" "^1.0.9"
      d3-ease "^1.0.5"
      d3-interpolate "^1.3.2"
      d3-timer "^1.0.9"
      detect-browser "^5.1.0"
  
  "@antv/g-base@~0.5.0":
    version "0.5.1"
    resolved "https://registry.npm.taobao.org/@antv/g-base/download/@antv/g-base-0.5.1.tgz?cache=0&sync_timestamp=1600174460559&other_urls=https%3A%2F%2Fregistry.npm.taobao.org%2F%40antv%2Fg-base%2Fdownload%2F%40antv%2Fg-base-0.5.1.tgz#466b8719ae99e4d26e4e1fffade9db176000de1e"
    integrity sha1-RmuHGa6Z5NJuTh//renbF2AA3h4=
    dependencies:
      "@antv/event-emitter" "^0.1.1"
      "@antv/g-math" "^0.1.5"
      "@antv/matrix-util" "^3.1.0-beta.1"
      "@antv/path-util" "~2.0.5"
      "@antv/util" "~2.0.0"
      "@types/d3-timer" "^1.0.9"
      d3-ease "^1.0.5"
      d3-interpolate "^1.3.2"
      d3-timer "^1.0.9"
      detect-browser "^5.1.0"
  
  "@antv/g-canvas@^0.4.0", "@antv/g-canvas@~0.4.0":
    version "0.4.14"
    resolved "https://registry.npm.taobao.org/@antv/g-canvas/download/@antv/g-canvas-0.4.14.tgz?cache=0&sync_timestamp=1600174461256&other_urls=https%3A%2F%2Fregistry.npm.taobao.org%2F%40antv%2Fg-canvas%2Fdownload%2F%40antv%2Fg-canvas-0.4.14.tgz#fb97afdc997ad8fdfd07a4104547c46c61a1b28a"
    integrity sha1-+5ev3Jl62P39B6QQRUfEbGGhsoo=
    dependencies:
      "@antv/g-base" "^0.4.7"
      "@antv/g-math" "^0.1.3"
      "@antv/path-util" "~2.0.5"
      "@antv/util" "~2.0.0"
      gl-matrix "^3.0.0"
  
  "@antv/g-gesture@~1.0.0":
    version "1.0.0"
    resolved "https://registry.npm.taobao.org/@antv/g-gesture/download/@antv/g-gesture-1.0.0.tgz#4586991b746852e0890b963d728bba3761d6cd05"
    integrity sha1-RYaZG3RoUuCJC5Y9cou6N2HWzQU=
    dependencies:
      "@antv/event-emitter" "~0.1.2"
      d3-ease "^1.0.5"
  
  "@antv/g-math@^0.1.3", "@antv/g-math@^0.1.5":
    version "0.1.5"
    resolved "https://registry.npm.taobao.org/@antv/g-math/download/@antv/g-math-0.1.5.tgz?cache=0&sync_timestamp=1600174459928&other_urls=https%3A%2F%2Fregistry.npm.taobao.org%2F%40antv%2Fg-math%2Fdownload%2F%40antv%2Fg-math-0.1.5.tgz#8e4498a7bc02b113c11b50373a9b15273139cdef"
    integrity sha1-jkSYp7wCsRPBG1A3OpsVJzE5ze8=
    dependencies:
      "@antv/util" "~2.0.0"
      gl-matrix "^3.0.0"
  
  "@antv/g-svg@^0.4.0", "@antv/g-svg@~0.4.0":
    version "0.4.7"
    resolved "https://registry.npm.taobao.org/@antv/g-svg/download/@antv/g-svg-0.4.7.tgz?cache=0&sync_timestamp=1600174462035&other_urls=https%3A%2F%2Fregistry.npm.taobao.org%2F%40antv%2Fg-svg%2Fdownload%2F%40antv%2Fg-svg-0.4.7.tgz#0d65e1db34e6dfe609aadb3eddf4748db02f0b01"
    integrity sha1-DWXh2zTm3+YJqts+3fR0jbAvCwE=
    dependencies:
      "@antv/g-base" "^0.4.7"
      "@antv/g-math" "^0.1.3"
      "@antv/util" "~2.0.0"
      detect-browser "^4.6.0"
  
  "@antv/g2@4.0.15", "@antv/g2@~4.0.9":
    version "4.0.15"
    resolved "https://registry.npm.taobao.org/@antv/g2/download/@antv/g2-4.0.15.tgz?cache=0&other_urls=https%3A%2F%2Fregistry.npm.taobao.org%2F%40antv%2Fg2%2Fdownload%2F%40antv%2Fg2-4.0.15.tgz#68eeee5befd9f2e654f7655f8d3d2935cdd526b8"
    integrity sha1-aO7uW+/Z8uZU92VfjT0pNc3VJrg=
    dependencies:
      "@antv/adjust" "^0.2.1"
      "@antv/attr" "^0.3.1"
      "@antv/color-util" "^2.0.2"
      "@antv/component" "^0.6.0"
      "@antv/coord" "^0.3.0"
      "@antv/event-emitter" "~0.1.0"
      "@antv/g-base" "^0.4.3"
      "@antv/g-canvas" "^0.4.0"
      "@antv/g-svg" "^0.4.0"
      "@antv/matrix-util" "^3.1.0-beta.1"
      "@antv/path-util" "^2.0.3"
      "@antv/scale" "^0.3.1"
      "@antv/util" "~2.0.5"
      tslib "^2.0.0"
  
  "@antv/g2plot@1.1.23":
    version "1.1.23"
    resolved "https://registry.npm.taobao.org/@antv/g2plot/download/@antv/g2plot-1.1.23.tgz#ee9ea2839bef52b1baed01f954d5e0052246228a"
    integrity sha1-7p6ig5vvUrG67QH5VNXgBSJGIoo=
    dependencies:
      "@antv/component" "~0.6.1"
      "@antv/coord" "~0.3.0"
      "@antv/dom-util" "~2.0.2"
      "@antv/event-emitter" "~0.1.2"
      "@antv/g-base" "~0.4.0"
      "@antv/g-canvas" "~0.4.0"
      "@antv/g-gesture" "~1.0.0"
      "@antv/g-svg" "~0.4.0"
      "@antv/g2" "~4.0.9"
      "@antv/matrix-util" "~3.1.0-beta.1"
      "@antv/scale" "~0.3.1"
      "@antv/util" "~2.0.7"
      d3-regression "~1.3.4"
      resize-observer-polyfill "^1.5.1"
      tslib "^1.11.1"
      warning "^4.0.3"
  
  "@antv/hierarchy@^0.6.0":
    version "0.6.6"
    resolved "https://registry.npm.taobao.org/@antv/hierarchy/download/@antv/hierarchy-0.6.6.tgz?cache=0&sync_timestamp=1598256745036&other_urls=https%3A%2F%2Fregistry.npm.taobao.org%2F%40antv%2Fhierarchy%2Fdownload%2F%40antv%2Fhierarchy-0.6.6.tgz#58459b08ef19bb34d8df0a96d52954580783aebe"
    integrity sha1-WEWbCO8ZuzTY3wqW1SlUWAeDrr4=
    dependencies:
      "@antv/util" "^2.0.7"
  
  "@antv/matrix-util@^3.1.0-beta.1", "@antv/matrix-util@^3.1.0-beta.2", "@antv/matrix-util@~3.1.0-beta.1":
    version "3.1.0-beta.2"
    resolved "https://registry.npm.taobao.org/@antv/matrix-util/download/@antv/matrix-util-3.1.0-beta.2.tgz#b4afafb70dbdf52affca308d3546c8a090fd23ca"
    integrity sha1-tK+vtw299Sr/yjCNNUbIoJD9I8o=
    dependencies:
      "@antv/util" "^2.0.9"
      gl-matrix "^3.3.0"
      tslib "^1.10.0"
  
  "@antv/path-util@^2.0.3", "@antv/path-util@~2.0.5", "@antv/path-util@~2.0.7":
    version "2.0.8"
    resolved "https://registry.npm.taobao.org/@antv/path-util/download/@antv/path-util-2.0.8.tgz#9bc54d2b7198aad988a9cc4a6de9054f26919b84"
    integrity sha1-m8VNK3GYqtmIqcxKbekFTyaRm4Q=
    dependencies:
      "@antv/util" "^2.0.9"
      tslib "^1.10.0"
  
  "@antv/scale@^0.3.1", "@antv/scale@~0.3.1":
    version "0.3.3"
    resolved "https://registry.npm.taobao.org/@antv/scale/download/@antv/scale-0.3.3.tgz?cache=0&sync_timestamp=1595418989520&other_urls=https%3A%2F%2Fregistry.npm.taobao.org%2F%40antv%2Fscale%2Fdownload%2F%40antv%2Fscale-0.3.3.tgz#c45a09b43eddbe0986f09da1cda52df6d9644325"
    integrity sha1-xFoJtD7dvgmG8J2hzaUt9tlkQyU=
    dependencies:
      "@antv/util" "~2.0.3"
      fecha "~4.2.0"
      tslib "^2.0.0"
  
  "@antv/util@^2.0.0", "@antv/util@^2.0.5", "@antv/util@^2.0.7", "@antv/util@^2.0.9", "@antv/util@~2.0.0", "@antv/util@~2.0.3", "@antv/util@~2.0.5", "@antv/util@~2.0.7":
    version "2.0.9"
    resolved "https://registry.npm.taobao.org/@antv/util/download/@antv/util-2.0.9.tgz#bd3e296a392e11fbe2781fde39d8e70ba1c53ed0"
    integrity sha1-vT4pajkuEfvieB/eOdjnC6HFPtA=
    dependencies:
      tslib "^1.10.0"
  
  "@babel/cli@7.11.6":
    version "7.11.6"
    resolved "https://registry.npm.taobao.org/@babel/cli/download/@babel/cli-7.11.6.tgz#1fcbe61c2a6900c3539c06ee58901141f3558482"
    integrity sha1-H8vmHCppAMNTnAbuWJARQfNVhII=
    dependencies:
      commander "^4.0.1"
      convert-source-map "^1.1.0"
      fs-readdir-recursive "^1.1.0"
      glob "^7.0.0"
      lodash "^4.17.19"
      make-dir "^2.1.0"
      slash "^2.0.0"
      source-map "^0.5.0"
    optionalDependencies:
      chokidar "^2.1.8"
  
  "@babel/code-frame@^7.0.0", "@babel/code-frame@^7.10.4":
    version "7.10.4"
    resolved "https://registry.npm.taobao.org/@babel/code-frame/download/@babel/code-frame-7.10.4.tgz#168da1a36e90da68ae8d49c0f1b48c7c6249213a"
    integrity sha1-Fo2ho26Q2miujUnA8bSMfGJJITo=
    dependencies:
      "@babel/highlight" "^7.10.4"
  
  "@babel/compat-data@^7.10.4", "@babel/compat-data@^7.11.0":
    version "7.11.0"
    resolved "https://registry.npm.taobao.org/@babel/compat-data/download/@babel/compat-data-7.11.0.tgz?cache=0&sync_timestamp=1596141128333&other_urls=https%3A%2F%2Fregistry.npm.taobao.org%2F%40babel%2Fcompat-data%2Fdownload%2F%40babel%2Fcompat-data-7.11.0.tgz#e9f73efe09af1355b723a7f39b11bad637d7c99c"
    integrity sha1-6fc+/gmvE1W3I6fzmxG61jfXyZw=
    dependencies:
      browserslist "^4.12.0"
      invariant "^2.2.4"
      semver "^5.5.0"
  
  "@babel/core@7.11.6", "@babel/core@^7.1.0", "@babel/core@^7.7.5":
    version "7.11.6"
    resolved "https://registry.npm.taobao.org/@babel/core/download/@babel/core-7.11.6.tgz#3a9455dc7387ff1bac45770650bc13ba04a15651"
    integrity sha1-OpRV3HOH/xusRXcGULwTugShVlE=
    dependencies:
      "@babel/code-frame" "^7.10.4"
      "@babel/generator" "^7.11.6"
      "@babel/helper-module-transforms" "^7.11.0"
      "@babel/helpers" "^7.10.4"
      "@babel/parser" "^7.11.5"
      "@babel/template" "^7.10.4"
      "@babel/traverse" "^7.11.5"
      "@babel/types" "^7.11.5"
      convert-source-map "^1.7.0"
      debug "^4.1.0"
      gensync "^1.0.0-beta.1"
      json5 "^2.1.2"
      lodash "^4.17.19"
      resolve "^1.3.2"
      semver "^5.4.1"
      source-map "^0.5.0"
  
  "@babel/generator@^7.11.5", "@babel/generator@^7.11.6":
    version "7.11.6"
    resolved "https://registry.npm.taobao.org/@babel/generator/download/@babel/generator-7.11.6.tgz?cache=0&sync_timestamp=1599148478414&other_urls=https%3A%2F%2Fregistry.npm.taobao.org%2F%40babel%2Fgenerator%2Fdownload%2F%40babel%2Fgenerator-7.11.6.tgz#b868900f81b163b4d464ea24545c61cbac4dc620"
    integrity sha1-uGiQD4GxY7TUZOokVFxhy6xNxiA=
    dependencies:
      "@babel/types" "^7.11.5"
      jsesc "^2.5.1"
      source-map "^0.5.0"
  
  "@babel/helper-annotate-as-pure@^7.0.0", "@babel/helper-annotate-as-pure@^7.10.4":
    version "7.10.4"
    resolved "https://registry.npm.taobao.org/@babel/helper-annotate-as-pure/download/@babel/helper-annotate-as-pure-7.10.4.tgz?cache=0&sync_timestamp=1593521260284&other_urls=https%3A%2F%2Fregistry.npm.taobao.org%2F%40babel%2Fhelper-annotate-as-pure%2Fdownload%2F%40babel%2Fhelper-annotate-as-pure-7.10.4.tgz#5bf0d495a3f757ac3bda48b5bf3b3ba309c72ba3"
    integrity sha1-W/DUlaP3V6w72ki1vzs7ownHK6M=
    dependencies:
      "@babel/types" "^7.10.4"
  
  "@babel/helper-builder-binary-assignment-operator-visitor@^7.10.4":
    version "7.10.4"
    resolved "https://registry.npm.taobao.org/@babel/helper-builder-binary-assignment-operator-visitor/download/@babel/helper-builder-binary-assignment-operator-visitor-7.10.4.tgz#bb0b75f31bf98cbf9ff143c1ae578b87274ae1a3"
    integrity sha1-uwt18xv5jL+f8UPBrleLhydK4aM=
    dependencies:
      "@babel/helper-explode-assignable-expression" "^7.10.4"
      "@babel/types" "^7.10.4"
  
  "@babel/helper-builder-react-jsx-experimental@^7.10.4", "@babel/helper-builder-react-jsx-experimental@^7.11.5":
    version "7.11.5"
    resolved "https://registry.npm.taobao.org/@babel/helper-builder-react-jsx-experimental/download/@babel/helper-builder-react-jsx-experimental-7.11.5.tgz#4ea43dd63857b0a35cd1f1b161dc29b43414e79f"
    integrity sha1-TqQ91jhXsKNc0fGxYdwptDQU558=
    dependencies:
      "@babel/helper-annotate-as-pure" "^7.10.4"
      "@babel/helper-module-imports" "^7.10.4"
      "@babel/types" "^7.11.5"
  
  "@babel/helper-builder-react-jsx@^7.10.4":
    version "7.10.4"
    resolved "https://registry.npm.taobao.org/@babel/helper-builder-react-jsx/download/@babel/helper-builder-react-jsx-7.10.4.tgz?cache=0&sync_timestamp=1593522949240&other_urls=https%3A%2F%2Fregistry.npm.taobao.org%2F%40babel%2Fhelper-builder-react-jsx%2Fdownload%2F%40babel%2Fhelper-builder-react-jsx-7.10.4.tgz#8095cddbff858e6fa9c326daee54a2f2732c1d5d"
    integrity sha1-gJXN2/+Fjm+pwyba7lSi8nMsHV0=
    dependencies:
      "@babel/helper-annotate-as-pure" "^7.10.4"
      "@babel/types" "^7.10.4"
  
  "@babel/helper-compilation-targets@^7.10.4":
    version "7.10.4"
    resolved "https://registry.npm.taobao.org/@babel/helper-compilation-targets/download/@babel/helper-compilation-targets-7.10.4.tgz?cache=0&sync_timestamp=1593522927738&other_urls=https%3A%2F%2Fregistry.npm.taobao.org%2F%40babel%2Fhelper-compilation-targets%2Fdownload%2F%40babel%2Fhelper-compilation-targets-7.10.4.tgz#804ae8e3f04376607cc791b9d47d540276332bd2"
    integrity sha1-gEro4/BDdmB8x5G51H1UAnYzK9I=
    dependencies:
      "@babel/compat-data" "^7.10.4"
      browserslist "^4.12.0"
      invariant "^2.2.4"
      levenary "^1.1.1"
      semver "^5.5.0"
  
  "@babel/helper-create-class-features-plugin@^7.10.4", "@babel/helper-create-class-features-plugin@^7.10.5":
    version "7.10.5"
    resolved "https://registry.npm.taobao.org/@babel/helper-create-class-features-plugin/download/@babel/helper-create-class-features-plugin-7.10.5.tgz#9f61446ba80e8240b0a5c85c6fdac8459d6f259d"
    integrity sha1-n2FEa6gOgkCwpchcb9rIRZ1vJZ0=
    dependencies:
      "@babel/helper-function-name" "^7.10.4"
      "@babel/helper-member-expression-to-functions" "^7.10.5"
      "@babel/helper-optimise-call-expression" "^7.10.4"
      "@babel/helper-plugin-utils" "^7.10.4"
      "@babel/helper-replace-supers" "^7.10.4"
      "@babel/helper-split-export-declaration" "^7.10.4"
  
  "@babel/helper-create-regexp-features-plugin@^7.10.4":
    version "7.10.4"
    resolved "https://registry.npm.taobao.org/@babel/helper-create-regexp-features-plugin/download/@babel/helper-create-regexp-features-plugin-7.10.4.tgz?cache=0&sync_timestamp=1593522952175&other_urls=https%3A%2F%2Fregistry.npm.taobao.org%2F%40babel%2Fhelper-create-regexp-features-plugin%2Fdownload%2F%40babel%2Fhelper-create-regexp-features-plugin-7.10.4.tgz#fdd60d88524659a0b6959c0579925e425714f3b8"
    integrity sha1-/dYNiFJGWaC2lZwFeZJeQlcU87g=
    dependencies:
      "@babel/helper-annotate-as-pure" "^7.10.4"
      "@babel/helper-regex" "^7.10.4"
      regexpu-core "^4.7.0"
  
  "@babel/helper-define-map@^7.10.4":
    version "7.10.5"
    resolved "https://registry.npm.taobao.org/@babel/helper-define-map/download/@babel/helper-define-map-7.10.5.tgz#b53c10db78a640800152692b13393147acb9bb30"
    integrity sha1-tTwQ23imQIABUmkrEzkxR6y5uzA=
    dependencies:
      "@babel/helper-function-name" "^7.10.4"
      "@babel/types" "^7.10.5"
      lodash "^4.17.19"
  
  "@babel/helper-explode-assignable-expression@^7.10.4":
    version "7.11.4"
    resolved "https://registry.npm.taobao.org/@babel/helper-explode-assignable-expression/download/@babel/helper-explode-assignable-expression-7.11.4.tgz?cache=0&sync_timestamp=1597948453171&other_urls=https%3A%2F%2Fregistry.npm.taobao.org%2F%40babel%2Fhelper-explode-assignable-expression%2Fdownload%2F%40babel%2Fhelper-explode-assignable-expression-7.11.4.tgz#2d8e3470252cc17aba917ede7803d4a7a276a41b"
    integrity sha1-LY40cCUswXq6kX7eeAPUp6J2pBs=
    dependencies:
      "@babel/types" "^7.10.4"
  
  "@babel/helper-function-name@^7.10.4":
    version "7.10.4"
    resolved "https://registry.npm.taobao.org/@babel/helper-function-name/download/@babel/helper-function-name-7.10.4.tgz#d2d3b20c59ad8c47112fa7d2a94bc09d5ef82f1a"
    integrity sha1-0tOyDFmtjEcRL6fSqUvAnV74Lxo=
    dependencies:
      "@babel/helper-get-function-arity" "^7.10.4"
      "@babel/template" "^7.10.4"
      "@babel/types" "^7.10.4"
  
  "@babel/helper-get-function-arity@^7.10.4":
    version "7.10.4"
    resolved "https://registry.npm.taobao.org/@babel/helper-get-function-arity/download/@babel/helper-get-function-arity-7.10.4.tgz?cache=0&sync_timestamp=1593521259643&other_urls=https%3A%2F%2Fregistry.npm.taobao.org%2F%40babel%2Fhelper-get-function-arity%2Fdownload%2F%40babel%2Fhelper-get-function-arity-7.10.4.tgz#98c1cbea0e2332f33f9a4661b8ce1505b2c19ba2"
    integrity sha1-mMHL6g4jMvM/mkZhuM4VBbLBm6I=
    dependencies:
      "@babel/types" "^7.10.4"
  
  "@babel/helper-hoist-variables@^7.10.4":
    version "7.10.4"
    resolved "https://registry.npm.taobao.org/@babel/helper-hoist-variables/download/@babel/helper-hoist-variables-7.10.4.tgz?cache=0&sync_timestamp=1593521259807&other_urls=https%3A%2F%2Fregistry.npm.taobao.org%2F%40babel%2Fhelper-hoist-variables%2Fdownload%2F%40babel%2Fhelper-hoist-variables-7.10.4.tgz#d49b001d1d5a68ca5e6604dda01a6297f7c9381e"
    integrity sha1-1JsAHR1aaMpeZgTdoBpil/fJOB4=
    dependencies:
      "@babel/types" "^7.10.4"
  
  "@babel/helper-member-expression-to-functions@^7.10.4", "@babel/helper-member-expression-to-functions@^7.10.5":
    version "7.11.0"
    resolved "https://registry.npm.taobao.org/@babel/helper-member-expression-to-functions/download/@babel/helper-member-expression-to-functions-7.11.0.tgz#ae69c83d84ee82f4b42f96e2a09410935a8f26df"
    integrity sha1-rmnIPYTugvS0L5bioJQQk1qPJt8=
    dependencies:
      "@babel/types" "^7.11.0"
  
  "@babel/helper-module-imports@^7.0.0", "@babel/helper-module-imports@^7.0.0-beta.49", "@babel/helper-module-imports@^7.10.4":
    version "7.10.4"
    resolved "https://registry.npm.taobao.org/@babel/helper-module-imports/download/@babel/helper-module-imports-7.10.4.tgz?cache=0&sync_timestamp=1593524750098&other_urls=https%3A%2F%2Fregistry.npm.taobao.org%2F%40babel%2Fhelper-module-imports%2Fdownload%2F%40babel%2Fhelper-module-imports-7.10.4.tgz#4c5c54be04bd31670a7382797d75b9fa2e5b5620"
    integrity sha1-TFxUvgS9MWcKc4J5fXW5+i5bViA=
    dependencies:
      "@babel/types" "^7.10.4"
  
  "@babel/helper-module-transforms@^7.10.4", "@babel/helper-module-transforms@^7.10.5", "@babel/helper-module-transforms@^7.11.0":
    version "7.11.0"
    resolved "https://registry.npm.taobao.org/@babel/helper-module-transforms/download/@babel/helper-module-transforms-7.11.0.tgz#b16f250229e47211abdd84b34b64737c2ab2d359"
    integrity sha1-sW8lAinkchGr3YSzS2RzfCqy01k=
    dependencies:
      "@babel/helper-module-imports" "^7.10.4"
      "@babel/helper-replace-supers" "^7.10.4"
      "@babel/helper-simple-access" "^7.10.4"
      "@babel/helper-split-export-declaration" "^7.11.0"
      "@babel/template" "^7.10.4"
      "@babel/types" "^7.11.0"
      lodash "^4.17.19"
  
  "@babel/helper-optimise-call-expression@^7.10.4":
    version "7.10.4"
    resolved "https://registry.npm.taobao.org/@babel/helper-optimise-call-expression/download/@babel/helper-optimise-call-expression-7.10.4.tgz?cache=0&sync_timestamp=1593521296446&other_urls=https%3A%2F%2Fregistry.npm.taobao.org%2F%40babel%2Fhelper-optimise-call-expression%2Fdownload%2F%40babel%2Fhelper-optimise-call-expression-7.10.4.tgz#50dc96413d594f995a77905905b05893cd779673"
    integrity sha1-UNyWQT1ZT5lad5BZBbBYk813lnM=
    dependencies:
      "@babel/types" "^7.10.4"
  
  "@babel/helper-plugin-utils@^7.0.0", "@babel/helper-plugin-utils@^7.10.4", "@babel/helper-plugin-utils@^7.8.0", "@babel/helper-plugin-utils@^7.8.3":
    version "7.10.4"
    resolved "https://registry.npm.taobao.org/@babel/helper-plugin-utils/download/@babel/helper-plugin-utils-7.10.4.tgz?cache=0&sync_timestamp=1593521244919&other_urls=https%3A%2F%2Fregistry.npm.taobao.org%2F%40babel%2Fhelper-plugin-utils%2Fdownload%2F%40babel%2Fhelper-plugin-utils-7.10.4.tgz#2f75a831269d4f677de49986dff59927533cf375"
    integrity sha1-L3WoMSadT2d95JmG3/WZJ1M883U=
  
  "@babel/helper-regex@^7.10.4":
    version "7.10.5"
    resolved "https://registry.npm.taobao.org/@babel/helper-regex/download/@babel/helper-regex-7.10.5.tgz#32dfbb79899073c415557053a19bd055aae50ae0"
    integrity sha1-Mt+7eYmQc8QVVXBToZvQVarlCuA=
    dependencies:
      lodash "^4.17.19"
  
  "@babel/helper-remap-async-to-generator@^7.10.4":
    version "7.11.4"
    resolved "https://registry.npm.taobao.org/@babel/helper-remap-async-to-generator/download/@babel/helper-remap-async-to-generator-7.11.4.tgz?cache=0&sync_timestamp=1597948453268&other_urls=https%3A%2F%2Fregistry.npm.taobao.org%2F%40babel%2Fhelper-remap-async-to-generator%2Fdownload%2F%40babel%2Fhelper-remap-async-to-generator-7.11.4.tgz#4474ea9f7438f18575e30b0cac784045b402a12d"
    integrity sha1-RHTqn3Q48YV14wsMrHhARbQCoS0=
    dependencies:
      "@babel/helper-annotate-as-pure" "^7.10.4"
      "@babel/helper-wrap-function" "^7.10.4"
      "@babel/template" "^7.10.4"
      "@babel/types" "^7.10.4"
  
  "@babel/helper-replace-supers@^7.10.4":
    version "7.10.4"
    resolved "https://registry.npm.taobao.org/@babel/helper-replace-supers/download/@babel/helper-replace-supers-7.10.4.tgz#d585cd9388ea06e6031e4cd44b6713cbead9e6cf"
    integrity sha1-1YXNk4jqBuYDHkzUS2cTy+rZ5s8=
    dependencies:
      "@babel/helper-member-expression-to-functions" "^7.10.4"
      "@babel/helper-optimise-call-expression" "^7.10.4"
      "@babel/traverse" "^7.10.4"
      "@babel/types" "^7.10.4"
  
  "@babel/helper-simple-access@^7.10.4":
    version "7.10.4"
    resolved "https://registry.npm.taobao.org/@babel/helper-simple-access/download/@babel/helper-simple-access-7.10.4.tgz#0f5ccda2945277a2a7a2d3a821e15395edcf3461"
    integrity sha1-D1zNopRSd6KnotOoIeFTle3PNGE=
    dependencies:
      "@babel/template" "^7.10.4"
      "@babel/types" "^7.10.4"
  
  "@babel/helper-skip-transparent-expression-wrappers@^7.11.0":
    version "7.11.0"
    resolved "https://registry.npm.taobao.org/@babel/helper-skip-transparent-expression-wrappers/download/@babel/helper-skip-transparent-expression-wrappers-7.11.0.tgz#eec162f112c2f58d3af0af125e3bb57665146729"
    integrity sha1-7sFi8RLC9Y068K8SXju1dmUUZyk=
    dependencies:
      "@babel/types" "^7.11.0"
  
  "@babel/helper-split-export-declaration@^7.10.4", "@babel/helper-split-export-declaration@^7.11.0":
    version "7.11.0"
    resolved "https://registry.npm.taobao.org/@babel/helper-split-export-declaration/download/@babel/helper-split-export-declaration-7.11.0.tgz?cache=0&other_urls=https%3A%2F%2Fregistry.npm.taobao.org%2F%40babel%2Fhelper-split-export-declaration%2Fdownload%2F%40babel%2Fhelper-split-export-declaration-7.11.0.tgz#f8a491244acf6a676158ac42072911ba83ad099f"
    integrity sha1-+KSRJErPamdhWKxCBykRuoOtCZ8=
    dependencies:
      "@babel/types" "^7.11.0"
  
  "@babel/helper-validator-identifier@7.10.4", "@babel/helper-validator-identifier@^7.10.4":
    version "7.10.4"
    resolved "https://registry.npm.taobao.org/@babel/helper-validator-identifier/download/@babel/helper-validator-identifier-7.10.4.tgz#a78c7a7251e01f616512d31b10adcf52ada5e0d2"
    integrity sha1-p4x6clHgH2FlEtMbEK3PUq2l4NI=
  
  "@babel/helper-wrap-function@^7.10.4":
    version "7.10.4"
    resolved "https://registry.npm.taobao.org/@babel/helper-wrap-function/download/@babel/helper-wrap-function-7.10.4.tgz#8a6f701eab0ff39f765b5a1cfef409990e624b87"
    integrity sha1-im9wHqsP8592W1oc/vQJmQ5iS4c=
    dependencies:
      "@babel/helper-function-name" "^7.10.4"
      "@babel/template" "^7.10.4"
      "@babel/traverse" "^7.10.4"
      "@babel/types" "^7.10.4"
  
  "@babel/helpers@^7.10.4":
    version "7.10.4"
    resolved "https://registry.npm.taobao.org/@babel/helpers/download/@babel/helpers-7.10.4.tgz?cache=0&sync_timestamp=1593522841291&other_urls=https%3A%2F%2Fregistry.npm.taobao.org%2F%40babel%2Fhelpers%2Fdownload%2F%40babel%2Fhelpers-7.10.4.tgz#2abeb0d721aff7c0a97376b9e1f6f65d7a475044"
    integrity sha1-Kr6w1yGv98Cpc3a54fb2XXpHUEQ=
    dependencies:
      "@babel/template" "^7.10.4"
      "@babel/traverse" "^7.10.4"
      "@babel/types" "^7.10.4"
  
  "@babel/highlight@^7.10.4":
    version "7.10.4"
    resolved "https://registry.npm.taobao.org/@babel/highlight/download/@babel/highlight-7.10.4.tgz?cache=0&sync_timestamp=1593521251318&other_urls=https%3A%2F%2Fregistry.npm.taobao.org%2F%40babel%2Fhighlight%2Fdownload%2F%40babel%2Fhighlight-7.10.4.tgz#7d1bdfd65753538fabe6c38596cdb76d9ac60143"
    integrity sha1-fRvf1ldTU4+r5sOFls23bZrGAUM=
    dependencies:
      "@babel/helper-validator-identifier" "^7.10.4"
      chalk "^2.0.0"
      js-tokens "^4.0.0"
  
  "@babel/parser@^7.1.0", "@babel/parser@^7.10.4", "@babel/parser@^7.11.5", "@babel/parser@^7.7.0":
    version "7.11.5"
    resolved "https://registry.npm.taobao.org/@babel/parser/download/@babel/parser-7.11.5.tgz#c7ff6303df71080ec7a4f5b8c003c58f1cf51037"
    integrity sha1-x/9jA99xCA7HpPW4wAPFjxz1EDc=
  
  "@babel/plugin-proposal-async-generator-functions@^7.10.4":
    version "7.10.5"
    resolved "https://registry.npm.taobao.org/@babel/plugin-proposal-async-generator-functions/download/@babel/plugin-proposal-async-generator-functions-7.10.5.tgz#3491cabf2f7c179ab820606cec27fed15e0e8558"
    integrity sha1-NJHKvy98F5q4IGBs7Cf+0V4OhVg=
    dependencies:
      "@babel/helper-plugin-utils" "^7.10.4"
      "@babel/helper-remap-async-to-generator" "^7.10.4"
      "@babel/plugin-syntax-async-generators" "^7.8.0"
  
  "@babel/plugin-proposal-class-properties@^7.10.4":
    version "7.10.4"
    resolved "https://registry.npm.taobao.org/@babel/plugin-proposal-class-properties/download/@babel/plugin-proposal-class-properties-7.10.4.tgz#a33bf632da390a59c7a8c570045d1115cd778807"
    integrity sha1-ozv2Mto5ClnHqMVwBF0RFc13iAc=
    dependencies:
      "@babel/helper-create-class-features-plugin" "^7.10.4"
      "@babel/helper-plugin-utils" "^7.10.4"
  
  "@babel/plugin-proposal-dynamic-import@^7.10.4":
    version "7.10.4"
    resolved "https://registry.npm.taobao.org/@babel/plugin-proposal-dynamic-import/download/@babel/plugin-proposal-dynamic-import-7.10.4.tgz?cache=0&sync_timestamp=1593522928045&other_urls=https%3A%2F%2Fregistry.npm.taobao.org%2F%40babel%2Fplugin-proposal-dynamic-import%2Fdownload%2F%40babel%2Fplugin-proposal-dynamic-import-7.10.4.tgz#ba57a26cb98b37741e9d5bca1b8b0ddf8291f17e"
    integrity sha1-uleibLmLN3QenVvKG4sN34KR8X4=
    dependencies:
      "@babel/helper-plugin-utils" "^7.10.4"
      "@babel/plugin-syntax-dynamic-import" "^7.8.0"
  
  "@babel/plugin-proposal-export-namespace-from@^7.10.4":
    version "7.10.4"
    resolved "https://registry.npm.taobao.org/@babel/plugin-proposal-export-namespace-from/download/@babel/plugin-proposal-export-namespace-from-7.10.4.tgz#570d883b91031637b3e2958eea3c438e62c05f54"
    integrity sha1-Vw2IO5EDFjez4pWO6jxDjmLAX1Q=
    dependencies:
      "@babel/helper-plugin-utils" "^7.10.4"
      "@babel/plugin-syntax-export-namespace-from" "^7.8.3"
  
  "@babel/plugin-proposal-json-strings@^7.10.4":
    version "7.10.4"
    resolved "https://registry.npm.taobao.org/@babel/plugin-proposal-json-strings/download/@babel/plugin-proposal-json-strings-7.10.4.tgz?cache=0&sync_timestamp=1593522929666&other_urls=https%3A%2F%2Fregistry.npm.taobao.org%2F%40babel%2Fplugin-proposal-json-strings%2Fdownload%2F%40babel%2Fplugin-proposal-json-strings-7.10.4.tgz#593e59c63528160233bd321b1aebe0820c2341db"
    integrity sha1-WT5ZxjUoFgIzvTIbGuvgggwjQds=
    dependencies:
      "@babel/helper-plugin-utils" "^7.10.4"
      "@babel/plugin-syntax-json-strings" "^7.8.0"
  
  "@babel/plugin-proposal-logical-assignment-operators@^7.11.0":
    version "7.11.0"
    resolved "https://registry.npm.taobao.org/@babel/plugin-proposal-logical-assignment-operators/download/@babel/plugin-proposal-logical-assignment-operators-7.11.0.tgz#9f80e482c03083c87125dee10026b58527ea20c8"
    integrity sha1-n4DkgsAwg8hxJd7hACa1hSfqIMg=
    dependencies:
      "@babel/helper-plugin-utils" "^7.10.4"
      "@babel/plugin-syntax-logical-assignment-operators" "^7.10.4"
  
  "@babel/plugin-proposal-nullish-coalescing-operator@^7.10.4":
    version "7.10.4"
    resolved "https://registry.npm.taobao.org/@babel/plugin-proposal-nullish-coalescing-operator/download/@babel/plugin-proposal-nullish-coalescing-operator-7.10.4.tgz?cache=0&sync_timestamp=1593522930126&other_urls=https%3A%2F%2Fregistry.npm.taobao.org%2F%40babel%2Fplugin-proposal-nullish-coalescing-operator%2Fdownload%2F%40babel%2Fplugin-proposal-nullish-coalescing-operator-7.10.4.tgz#02a7e961fc32e6d5b2db0649e01bf80ddee7e04a"
    integrity sha1-AqfpYfwy5tWy2wZJ4Bv4Dd7n4Eo=
    dependencies:
      "@babel/helper-plugin-utils" "^7.10.4"
      "@babel/plugin-syntax-nullish-coalescing-operator" "^7.8.0"
  
  "@babel/plugin-proposal-numeric-separator@^7.10.4":
    version "7.10.4"
    resolved "https://registry.npm.taobao.org/@babel/plugin-proposal-numeric-separator/download/@babel/plugin-proposal-numeric-separator-7.10.4.tgz?cache=0&sync_timestamp=1593522929927&other_urls=https%3A%2F%2Fregistry.npm.taobao.org%2F%40babel%2Fplugin-proposal-numeric-separator%2Fdownload%2F%40babel%2Fplugin-proposal-numeric-separator-7.10.4.tgz#ce1590ff0a65ad12970a609d78855e9a4c1aef06"
    integrity sha1-zhWQ/wplrRKXCmCdeIVemkwa7wY=
    dependencies:
      "@babel/helper-plugin-utils" "^7.10.4"
      "@babel/plugin-syntax-numeric-separator" "^7.10.4"
  
  "@babel/plugin-proposal-object-rest-spread@^7.11.0":
    version "7.11.0"
    resolved "https://registry.npm.taobao.org/@babel/plugin-proposal-object-rest-spread/download/@babel/plugin-proposal-object-rest-spread-7.11.0.tgz?cache=0&sync_timestamp=1596141544867&other_urls=https%3A%2F%2Fregistry.npm.taobao.org%2F%40babel%2Fplugin-proposal-object-rest-spread%2Fdownload%2F%40babel%2Fplugin-proposal-object-rest-spread-7.11.0.tgz#bd81f95a1f746760ea43b6c2d3d62b11790ad0af"
    integrity sha1-vYH5Wh90Z2DqQ7bC09YrEXkK0K8=
    dependencies:
      "@babel/helper-plugin-utils" "^7.10.4"
      "@babel/plugin-syntax-object-rest-spread" "^7.8.0"
      "@babel/plugin-transform-parameters" "^7.10.4"
  
  "@babel/plugin-proposal-optional-catch-binding@^7.10.4":
    version "7.10.4"
    resolved "https://registry.npm.taobao.org/@babel/plugin-proposal-optional-catch-binding/download/@babel/plugin-proposal-optional-catch-binding-7.10.4.tgz?cache=0&other_urls=https%3A%2F%2Fregistry.npm.taobao.org%2F%40babel%2Fplugin-proposal-optional-catch-binding%2Fdownload%2F%40babel%2Fplugin-proposal-optional-catch-binding-7.10.4.tgz#31c938309d24a78a49d68fdabffaa863758554dd"
    integrity sha1-Mck4MJ0kp4pJ1o/av/qoY3WFVN0=
    dependencies:
      "@babel/helper-plugin-utils" "^7.10.4"
      "@babel/plugin-syntax-optional-catch-binding" "^7.8.0"
  
  "@babel/plugin-proposal-optional-chaining@^7.11.0":
    version "7.11.0"
    resolved "https://registry.npm.taobao.org/@babel/plugin-proposal-optional-chaining/download/@babel/plugin-proposal-optional-chaining-7.11.0.tgz#de5866d0646f6afdaab8a566382fe3a221755076"
    integrity sha1-3lhm0GRvav2quKVmOC/joiF1UHY=
    dependencies:
      "@babel/helper-plugin-utils" "^7.10.4"
      "@babel/helper-skip-transparent-expression-wrappers" "^7.11.0"
      "@babel/plugin-syntax-optional-chaining" "^7.8.0"
  
  "@babel/plugin-proposal-private-methods@^7.10.4":
    version "7.10.4"
    resolved "https://registry.npm.taobao.org/@babel/plugin-proposal-private-methods/download/@babel/plugin-proposal-private-methods-7.10.4.tgz?cache=0&sync_timestamp=1593521235156&other_urls=https%3A%2F%2Fregistry.npm.taobao.org%2F%40babel%2Fplugin-proposal-private-methods%2Fdownload%2F%40babel%2Fplugin-proposal-private-methods-7.10.4.tgz#b160d972b8fdba5c7d111a145fc8c421fc2a6909"
    integrity sha1-sWDZcrj9ulx9ERoUX8jEIfwqaQk=
    dependencies:
      "@babel/helper-create-class-features-plugin" "^7.10.4"
      "@babel/helper-plugin-utils" "^7.10.4"
  
  "@babel/plugin-proposal-unicode-property-regex@^7.10.4", "@babel/plugin-proposal-unicode-property-regex@^7.4.4":
    version "7.10.4"
    resolved "https://registry.npm.taobao.org/@babel/plugin-proposal-unicode-property-regex/download/@babel/plugin-proposal-unicode-property-regex-7.10.4.tgz#4483cda53041ce3413b7fe2f00022665ddfaa75d"
    integrity sha1-RIPNpTBBzjQTt/4vAAImZd36p10=
    dependencies:
      "@babel/helper-create-regexp-features-plugin" "^7.10.4"
      "@babel/helper-plugin-utils" "^7.10.4"
  
  "@babel/plugin-syntax-async-generators@^7.8.0", "@babel/plugin-syntax-async-generators@^7.8.4":
    version "7.8.4"
    resolved "https://registry.npm.taobao.org/@babel/plugin-syntax-async-generators/download/@babel/plugin-syntax-async-generators-7.8.4.tgz#a983fb1aeb2ec3f6ed042a210f640e90e786fe0d"
    integrity sha1-qYP7Gusuw/btBCohD2QOkOeG/g0=
    dependencies:
      "@babel/helper-plugin-utils" "^7.8.0"
  
  "@babel/plugin-syntax-bigint@^7.8.3":
    version "7.8.3"
    resolved "https://registry.npm.taobao.org/@babel/plugin-syntax-bigint/download/@babel/plugin-syntax-bigint-7.8.3.tgz#4c9a6f669f5d0cdf1b90a1671e9a146be5300cea"
    integrity sha1-TJpvZp9dDN8bkKFnHpoUa+UwDOo=
    dependencies:
      "@babel/helper-plugin-utils" "^7.8.0"
  
  "@babel/plugin-syntax-class-properties@^7.10.4", "@babel/plugin-syntax-class-properties@^7.8.3":
    version "7.10.4"
    resolved "https://registry.npm.taobao.org/@babel/plugin-syntax-class-properties/download/@babel/plugin-syntax-class-properties-7.10.4.tgz?cache=0&sync_timestamp=1593522928770&other_urls=https%3A%2F%2Fregistry.npm.taobao.org%2F%40babel%2Fplugin-syntax-class-properties%2Fdownload%2F%40babel%2Fplugin-syntax-class-properties-7.10.4.tgz#6644e6a0baa55a61f9e3231f6c9eeb6ee46c124c"
    integrity sha1-ZkTmoLqlWmH54yMfbJ7rbuRsEkw=
    dependencies:
      "@babel/helper-plugin-utils" "^7.10.4"
  
  "@babel/plugin-syntax-dynamic-import@7.8.3", "@babel/plugin-syntax-dynamic-import@^7.8.0":
    version "7.8.3"
    resolved "https://registry.npm.taobao.org/@babel/plugin-syntax-dynamic-import/download/@babel/plugin-syntax-dynamic-import-7.8.3.tgz#62bf98b2da3cd21d626154fc96ee5b3cb68eacb3"
    integrity sha1-Yr+Ysto80h1iYVT8lu5bPLaOrLM=
    dependencies:
      "@babel/helper-plugin-utils" "^7.8.0"
  
  "@babel/plugin-syntax-export-namespace-from@^7.8.3":
    version "7.8.3"
    resolved "https://registry.npm.taobao.org/@babel/plugin-syntax-export-namespace-from/download/@babel/plugin-syntax-export-namespace-from-7.8.3.tgz#028964a9ba80dbc094c915c487ad7c4e7a66465a"
    integrity sha1-AolkqbqA28CUyRXEh618TnpmRlo=
    dependencies:
      "@babel/helper-plugin-utils" "^7.8.3"
  
  "@babel/plugin-syntax-import-meta@^7.8.3":
    version "7.10.4"
    resolved "https://registry.npm.taobao.org/@babel/plugin-syntax-import-meta/download/@babel/plugin-syntax-import-meta-7.10.4.tgz?cache=0&sync_timestamp=1593525045347&other_urls=https%3A%2F%2Fregistry.npm.taobao.org%2F%40babel%2Fplugin-syntax-import-meta%2Fdownload%2F%40babel%2Fplugin-syntax-import-meta-7.10.4.tgz#ee601348c370fa334d2207be158777496521fd51"
    integrity sha1-7mATSMNw+jNNIge+FYd3SWUh/VE=
    dependencies:
      "@babel/helper-plugin-utils" "^7.10.4"
  
  "@babel/plugin-syntax-json-strings@^7.8.0", "@babel/plugin-syntax-json-strings@^7.8.3":
    version "7.8.3"
    resolved "https://registry.npm.taobao.org/@babel/plugin-syntax-json-strings/download/@babel/plugin-syntax-json-strings-7.8.3.tgz#01ca21b668cd8218c9e640cb6dd88c5412b2c96a"
    integrity sha1-AcohtmjNghjJ5kDLbdiMVBKyyWo=
    dependencies:
      "@babel/helper-plugin-utils" "^7.8.0"
  
  "@babel/plugin-syntax-jsx@^7.10.4":
    version "7.10.4"
    resolved "https://registry.npm.taobao.org/@babel/plugin-syntax-jsx/download/@babel/plugin-syntax-jsx-7.10.4.tgz?cache=0&sync_timestamp=1593523009226&other_urls=https%3A%2F%2Fregistry.npm.taobao.org%2F%40babel%2Fplugin-syntax-jsx%2Fdownload%2F%40babel%2Fplugin-syntax-jsx-7.10.4.tgz#39abaae3cbf710c4373d8429484e6ba21340166c"
    integrity sha1-Oauq48v3EMQ3PYQpSE5rohNAFmw=
    dependencies:
      "@babel/helper-plugin-utils" "^7.10.4"
  
  "@babel/plugin-syntax-logical-assignment-operators@^7.10.4", "@babel/plugin-syntax-logical-assignment-operators@^7.8.3":
    version "7.10.4"
    resolved "https://registry.npm.taobao.org/@babel/plugin-syntax-logical-assignment-operators/download/@babel/plugin-syntax-logical-assignment-operators-7.10.4.tgz?cache=0&sync_timestamp=1593525072473&other_urls=https%3A%2F%2Fregistry.npm.taobao.org%2F%40babel%2Fplugin-syntax-logical-assignment-operators%2Fdownload%2F%40babel%2Fplugin-syntax-logical-assignment-operators-7.10.4.tgz#ca91ef46303530448b906652bac2e9fe9941f699"
    integrity sha1-ypHvRjA1MESLkGZSusLp/plB9pk=
    dependencies:
      "@babel/helper-plugin-utils" "^7.10.4"
  
  "@babel/plugin-syntax-nullish-coalescing-operator@^7.8.0", "@babel/plugin-syntax-nullish-coalescing-operator@^7.8.3":
    version "7.8.3"
    resolved "https://registry.npm.taobao.org/@babel/plugin-syntax-nullish-coalescing-operator/download/@babel/plugin-syntax-nullish-coalescing-operator-7.8.3.tgz#167ed70368886081f74b5c36c65a88c03b66d1a9"
    integrity sha1-Fn7XA2iIYIH3S1w2xlqIwDtm0ak=
    dependencies:
      "@babel/helper-plugin-utils" "^7.8.0"
  
  "@babel/plugin-syntax-numeric-separator@^7.10.4", "@babel/plugin-syntax-numeric-separator@^7.8.3":
    version "7.10.4"
    resolved "https://registry.npm.taobao.org/@babel/plugin-syntax-numeric-separator/download/@babel/plugin-syntax-numeric-separator-7.10.4.tgz?cache=0&sync_timestamp=1593522054358&other_urls=https%3A%2F%2Fregistry.npm.taobao.org%2F%40babel%2Fplugin-syntax-numeric-separator%2Fdownload%2F%40babel%2Fplugin-syntax-numeric-separator-7.10.4.tgz#b9b070b3e33570cd9fd07ba7fa91c0dd37b9af97"
    integrity sha1-ubBws+M1cM2f0Hun+pHA3Te5r5c=
    dependencies:
      "@babel/helper-plugin-utils" "^7.10.4"
  
  "@babel/plugin-syntax-object-rest-spread@^7.8.0", "@babel/plugin-syntax-object-rest-spread@^7.8.3":
    version "7.8.3"
    resolved "https://registry.npm.taobao.org/@babel/plugin-syntax-object-rest-spread/download/@babel/plugin-syntax-object-rest-spread-7.8.3.tgz#60e225edcbd98a640332a2e72dd3e66f1af55871"
    integrity sha1-YOIl7cvZimQDMqLnLdPmbxr1WHE=
    dependencies:
      "@babel/helper-plugin-utils" "^7.8.0"
  
  "@babel/plugin-syntax-optional-catch-binding@^7.8.0", "@babel/plugin-syntax-optional-catch-binding@^7.8.3":
    version "7.8.3"
    resolved "https://registry.npm.taobao.org/@babel/plugin-syntax-optional-catch-binding/download/@babel/plugin-syntax-optional-catch-binding-7.8.3.tgz#6111a265bcfb020eb9efd0fdfd7d26402b9ed6c1"
    integrity sha1-YRGiZbz7Ag6579D9/X0mQCue1sE=
    dependencies:
      "@babel/helper-plugin-utils" "^7.8.0"
  
  "@babel/plugin-syntax-optional-chaining@^7.8.0", "@babel/plugin-syntax-optional-chaining@^7.8.3":
    version "7.8.3"
    resolved "https://registry.npm.taobao.org/@babel/plugin-syntax-optional-chaining/download/@babel/plugin-syntax-optional-chaining-7.8.3.tgz#4f69c2ab95167e0180cd5336613f8c5788f7d48a"
    integrity sha1-T2nCq5UWfgGAzVM2YT+MV4j31Io=
    dependencies:
      "@babel/helper-plugin-utils" "^7.8.0"
  
  "@babel/plugin-syntax-top-level-await@^7.10.4":
    version "7.10.4"
    resolved "https://registry.npm.taobao.org/@babel/plugin-syntax-top-level-await/download/@babel/plugin-syntax-top-level-await-7.10.4.tgz?cache=0&sync_timestamp=1593521242737&other_urls=https%3A%2F%2Fregistry.npm.taobao.org%2F%40babel%2Fplugin-syntax-top-level-await%2Fdownload%2F%40babel%2Fplugin-syntax-top-level-await-7.10.4.tgz#4bbeb8917b54fcf768364e0a81f560e33a3ef57d"
    integrity sha1-S764kXtU/PdoNk4KgfVg4zo+9X0=
    dependencies:
      "@babel/helper-plugin-utils" "^7.10.4"
  
  "@babel/plugin-syntax-typescript@^7.10.4":
    version "7.10.4"
    resolved "https://registry.npm.taobao.org/@babel/plugin-syntax-typescript/download/@babel/plugin-syntax-typescript-7.10.4.tgz?cache=0&sync_timestamp=1593522955971&other_urls=https%3A%2F%2Fregistry.npm.taobao.org%2F%40babel%2Fplugin-syntax-typescript%2Fdownload%2F%40babel%2Fplugin-syntax-typescript-7.10.4.tgz#2f55e770d3501e83af217d782cb7517d7bb34d25"
    integrity sha1-L1XncNNQHoOvIX14LLdRfXuzTSU=
    dependencies:
      "@babel/helper-plugin-utils" "^7.10.4"
  
  "@babel/plugin-transform-arrow-functions@^7.10.4":
    version "7.10.4"
    resolved "https://registry.npm.taobao.org/@babel/plugin-transform-arrow-functions/download/@babel/plugin-transform-arrow-functions-7.10.4.tgz#e22960d77e697c74f41c501d44d73dbf8a6a64cd"
    integrity sha1-4ilg135pfHT0HFAdRNc9v4pqZM0=
    dependencies:
      "@babel/helper-plugin-utils" "^7.10.4"
  
  "@babel/plugin-transform-async-to-generator@^7.10.4":
    version "7.10.4"
    resolved "https://registry.npm.taobao.org/@babel/plugin-transform-async-to-generator/download/@babel/plugin-transform-async-to-generator-7.10.4.tgz?cache=0&other_urls=https%3A%2F%2Fregistry.npm.taobao.org%2F%40babel%2Fplugin-transform-async-to-generator%2Fdownload%2F%40babel%2Fplugin-transform-async-to-generator-7.10.4.tgz#41a5017e49eb6f3cda9392a51eef29405b245a37"
    integrity sha1-QaUBfknrbzzak5KlHu8pQFskWjc=
    dependencies:
      "@babel/helper-module-imports" "^7.10.4"
      "@babel/helper-plugin-utils" "^7.10.4"
      "@babel/helper-remap-async-to-generator" "^7.10.4"
  
  "@babel/plugin-transform-block-scoped-functions@^7.10.4":
    version "7.10.4"
    resolved "https://registry.npm.taobao.org/@babel/plugin-transform-block-scoped-functions/download/@babel/plugin-transform-block-scoped-functions-7.10.4.tgz#1afa595744f75e43a91af73b0d998ecfe4ebc2e8"
    integrity sha1-GvpZV0T3XkOpGvc7DZmOz+Trwug=
    dependencies:
      "@babel/helper-plugin-utils" "^7.10.4"
  
  "@babel/plugin-transform-block-scoping@^7.10.4":
    version "7.11.1"
    resolved "https://registry.npm.taobao.org/@babel/plugin-transform-block-scoping/download/@babel/plugin-transform-block-scoping-7.11.1.tgz?cache=0&sync_timestamp=1596579100863&other_urls=https%3A%2F%2Fregistry.npm.taobao.org%2F%40babel%2Fplugin-transform-block-scoping%2Fdownload%2F%40babel%2Fplugin-transform-block-scoping-7.11.1.tgz#5b7efe98852bef8d652c0b28144cd93a9e4b5215"
    integrity sha1-W37+mIUr741lLAsoFEzZOp5LUhU=
    dependencies:
      "@babel/helper-plugin-utils" "^7.10.4"
  
  "@babel/plugin-transform-classes@^7.10.4":
    version "7.10.4"
    resolved "https://registry.npm.taobao.org/@babel/plugin-transform-classes/download/@babel/plugin-transform-classes-7.10.4.tgz?cache=0&sync_timestamp=1593521236444&other_urls=https%3A%2F%2Fregistry.npm.taobao.org%2F%40babel%2Fplugin-transform-classes%2Fdownload%2F%40babel%2Fplugin-transform-classes-7.10.4.tgz#405136af2b3e218bc4a1926228bc917ab1a0adc7"
    integrity sha1-QFE2rys+IYvEoZJiKLyRerGgrcc=
    dependencies:
      "@babel/helper-annotate-as-pure" "^7.10.4"
      "@babel/helper-define-map" "^7.10.4"
      "@babel/helper-function-name" "^7.10.4"
      "@babel/helper-optimise-call-expression" "^7.10.4"
      "@babel/helper-plugin-utils" "^7.10.4"
      "@babel/helper-replace-supers" "^7.10.4"
      "@babel/helper-split-export-declaration" "^7.10.4"
      globals "^11.1.0"
  
  "@babel/plugin-transform-computed-properties@^7.10.4":
    version "7.10.4"
    resolved "https://registry.npm.taobao.org/@babel/plugin-transform-computed-properties/download/@babel/plugin-transform-computed-properties-7.10.4.tgz#9ded83a816e82ded28d52d4b4ecbdd810cdfc0eb"
    integrity sha1-ne2DqBboLe0o1S1LTsvdgQzfwOs=
    dependencies:
      "@babel/helper-plugin-utils" "^7.10.4"
  
  "@babel/plugin-transform-destructuring@^7.10.4":
    version "7.10.4"
    resolved "https://registry.npm.taobao.org/@babel/plugin-transform-destructuring/download/@babel/plugin-transform-destructuring-7.10.4.tgz#70ddd2b3d1bea83d01509e9bb25ddb3a74fc85e5"
    integrity sha1-cN3Ss9G+qD0BUJ6bsl3bOnT8heU=
    dependencies:
      "@babel/helper-plugin-utils" "^7.10.4"
  
  "@babel/plugin-transform-dotall-regex@^7.10.4", "@babel/plugin-transform-dotall-regex@^7.4.4":
    version "7.10.4"
    resolved "https://registry.npm.taobao.org/@babel/plugin-transform-dotall-regex/download/@babel/plugin-transform-dotall-regex-7.10.4.tgz#469c2062105c1eb6a040eaf4fac4b488078395ee"
    integrity sha1-RpwgYhBcHragQOr0+sS0iAeDle4=
    dependencies:
      "@babel/helper-create-regexp-features-plugin" "^7.10.4"
      "@babel/helper-plugin-utils" "^7.10.4"
  
  "@babel/plugin-transform-duplicate-keys@^7.10.4":
    version "7.10.4"
    resolved "https://registry.npm.taobao.org/@babel/plugin-transform-duplicate-keys/download/@babel/plugin-transform-duplicate-keys-7.10.4.tgz#697e50c9fee14380fe843d1f306b295617431e47"
    integrity sha1-aX5Qyf7hQ4D+hD0fMGspVhdDHkc=
    dependencies:
      "@babel/helper-plugin-utils" "^7.10.4"
  
  "@babel/plugin-transform-exponentiation-operator@^7.10.4":
    version "7.10.4"
    resolved "https://registry.npm.taobao.org/@babel/plugin-transform-exponentiation-operator/download/@babel/plugin-transform-exponentiation-operator-7.10.4.tgz?cache=0&sync_timestamp=1593521230232&other_urls=https%3A%2F%2Fregistry.npm.taobao.org%2F%40babel%2Fplugin-transform-exponentiation-operator%2Fdownload%2F%40babel%2Fplugin-transform-exponentiation-operator-7.10.4.tgz#5ae338c57f8cf4001bdb35607ae66b92d665af2e"
    integrity sha1-WuM4xX+M9AAb2zVgeuZrktZlry4=
    dependencies:
      "@babel/helper-builder-binary-assignment-operator-visitor" "^7.10.4"
      "@babel/helper-plugin-utils" "^7.10.4"
  
  "@babel/plugin-transform-for-of@^7.10.4":
    version "7.10.4"
    resolved "https://registry.npm.taobao.org/@babel/plugin-transform-for-of/download/@babel/plugin-transform-for-of-7.10.4.tgz#c08892e8819d3a5db29031b115af511dbbfebae9"
    integrity sha1-wIiS6IGdOl2ykDGxFa9RHbv+uuk=
    dependencies:
      "@babel/helper-plugin-utils" "^7.10.4"
  
  "@babel/plugin-transform-function-name@^7.10.4":
    version "7.10.4"
    resolved "https://registry.npm.taobao.org/@babel/plugin-transform-function-name/download/@babel/plugin-transform-function-name-7.10.4.tgz#6a467880e0fc9638514ba369111811ddbe2644b7"
    integrity sha1-akZ4gOD8ljhRS6NpERgR3b4mRLc=
    dependencies:
      "@babel/helper-function-name" "^7.10.4"
      "@babel/helper-plugin-utils" "^7.10.4"
  
  "@babel/plugin-transform-literals@^7.10.4":
    version "7.10.4"
    resolved "https://registry.npm.taobao.org/@babel/plugin-transform-literals/download/@babel/plugin-transform-literals-7.10.4.tgz#9f42ba0841100a135f22712d0e391c462f571f3c"
    integrity sha1-n0K6CEEQChNfInEtDjkcRi9XHzw=
    dependencies:
      "@babel/helper-plugin-utils" "^7.10.4"
  
  "@babel/plugin-transform-member-expression-literals@^7.10.4":
    version "7.10.4"
    resolved "https://registry.npm.taobao.org/@babel/plugin-transform-member-expression-literals/download/@babel/plugin-transform-member-expression-literals-7.10.4.tgz#b1ec44fcf195afcb8db2c62cd8e551c881baf8b7"
    integrity sha1-sexE/PGVr8uNssYs2OVRyIG6+Lc=
    dependencies:
      "@babel/helper-plugin-utils" "^7.10.4"
  
  "@babel/plugin-transform-modules-amd@^7.10.4":
    version "7.10.5"
    resolved "https://registry.npm.taobao.org/@babel/plugin-transform-modules-amd/download/@babel/plugin-transform-modules-amd-7.10.5.tgz#1b9cddaf05d9e88b3aad339cb3e445c4f020a9b1"
    integrity sha1-G5zdrwXZ6Is6rTOcs+RFxPAgqbE=
    dependencies:
      "@babel/helper-module-transforms" "^7.10.5"
      "@babel/helper-plugin-utils" "^7.10.4"
      babel-plugin-dynamic-import-node "^2.3.3"
  
  "@babel/plugin-transform-modules-commonjs@7.10.4", "@babel/plugin-transform-modules-commonjs@^7.10.4":
    version "7.10.4"
    resolved "https://registry.npm.taobao.org/@babel/plugin-transform-modules-commonjs/download/@babel/plugin-transform-modules-commonjs-7.10.4.tgz#66667c3eeda1ebf7896d41f1f16b17105a2fbca0"
    integrity sha1-ZmZ8Pu2h6/eJbUHx8WsXEFovvKA=
    dependencies:
      "@babel/helper-module-transforms" "^7.10.4"
      "@babel/helper-plugin-utils" "^7.10.4"
      "@babel/helper-simple-access" "^7.10.4"
      babel-plugin-dynamic-import-node "^2.3.3"
  
  "@babel/plugin-transform-modules-systemjs@^7.10.4":
    version "7.10.5"
    resolved "https://registry.npm.taobao.org/@babel/plugin-transform-modules-systemjs/download/@babel/plugin-transform-modules-systemjs-7.10.5.tgz#6270099c854066681bae9e05f87e1b9cadbe8c85"
    integrity sha1-YnAJnIVAZmgbrp4F+H4bnK2+jIU=
    dependencies:
      "@babel/helper-hoist-variables" "^7.10.4"
      "@babel/helper-module-transforms" "^7.10.5"
      "@babel/helper-plugin-utils" "^7.10.4"
      babel-plugin-dynamic-import-node "^2.3.3"
  
  "@babel/plugin-transform-modules-umd@^7.10.4":
    version "7.10.4"
    resolved "https://registry.npm.taobao.org/@babel/plugin-transform-modules-umd/download/@babel/plugin-transform-modules-umd-7.10.4.tgz#9a8481fe81b824654b3a0b65da3df89f3d21839e"
    integrity sha1-moSB/oG4JGVLOgtl2j34nz0hg54=
    dependencies:
      "@babel/helper-module-transforms" "^7.10.4"
      "@babel/helper-plugin-utils" "^7.10.4"
  
  "@babel/plugin-transform-named-capturing-groups-regex@^7.10.4":
    version "7.10.4"
    resolved "https://registry.npm.taobao.org/@babel/plugin-transform-named-capturing-groups-regex/download/@babel/plugin-transform-named-capturing-groups-regex-7.10.4.tgz#78b4d978810b6f3bcf03f9e318f2fc0ed41aecb6"
    integrity sha1-eLTZeIELbzvPA/njGPL8DtQa7LY=
    dependencies:
      "@babel/helper-create-regexp-features-plugin" "^7.10.4"
  
  "@babel/plugin-transform-new-target@^7.10.4":
    version "7.10.4"
    resolved "https://registry.npm.taobao.org/@babel/plugin-transform-new-target/download/@babel/plugin-transform-new-target-7.10.4.tgz#9097d753cb7b024cb7381a3b2e52e9513a9c6888"
    integrity sha1-kJfXU8t7Aky3OBo7LlLpUTqcaIg=
    dependencies:
      "@babel/helper-plugin-utils" "^7.10.4"
  
  "@babel/plugin-transform-object-super@^7.10.4":
    version "7.10.4"
    resolved "https://registry.npm.taobao.org/@babel/plugin-transform-object-super/download/@babel/plugin-transform-object-super-7.10.4.tgz#d7146c4d139433e7a6526f888c667e314a093894"
    integrity sha1-1xRsTROUM+emUm+IjGZ+MUoJOJQ=
    dependencies:
      "@babel/helper-plugin-utils" "^7.10.4"
      "@babel/helper-replace-supers" "^7.10.4"
  
  "@babel/plugin-transform-parameters@^7.10.4":
    version "7.10.5"
    resolved "https://registry.npm.taobao.org/@babel/plugin-transform-parameters/download/@babel/plugin-transform-parameters-7.10.5.tgz#59d339d58d0b1950435f4043e74e2510005e2c4a"
    integrity sha1-WdM51Y0LGVBDX0BD504lEABeLEo=
    dependencies:
      "@babel/helper-get-function-arity" "^7.10.4"
      "@babel/helper-plugin-utils" "^7.10.4"
  
  "@babel/plugin-transform-property-literals@^7.10.4":
    version "7.10.4"
    resolved "https://registry.npm.taobao.org/@babel/plugin-transform-property-literals/download/@babel/plugin-transform-property-literals-7.10.4.tgz#f6fe54b6590352298785b83edd815d214c42e3c0"
    integrity sha1-9v5UtlkDUimHhbg+3YFdIUxC48A=
    dependencies:
      "@babel/helper-plugin-utils" "^7.10.4"
  
  "@babel/plugin-transform-react-constant-elements@7.10.4":
    version "7.10.4"
    resolved "https://registry.npm.taobao.org/@babel/plugin-transform-react-constant-elements/download/@babel/plugin-transform-react-constant-elements-7.10.4.tgz#0f485260bf1c29012bb973e7e404749eaac12c9e"
    integrity sha1-D0hSYL8cKQEruXPn5AR0nqrBLJ4=
    dependencies:
      "@babel/helper-plugin-utils" "^7.10.4"
  
  "@babel/plugin-transform-react-display-name@^7.10.4":
    version "7.10.4"
    resolved "https://registry.npm.taobao.org/@babel/plugin-transform-react-display-name/download/@babel/plugin-transform-react-display-name-7.10.4.tgz?cache=0&sync_timestamp=1593521258961&other_urls=https%3A%2F%2Fregistry.npm.taobao.org%2F%40babel%2Fplugin-transform-react-display-name%2Fdownload%2F%40babel%2Fplugin-transform-react-display-name-7.10.4.tgz#b5795f4e3e3140419c3611b7a2a3832b9aef328d"
    integrity sha1-tXlfTj4xQEGcNhG3oqODK5rvMo0=
    dependencies:
      "@babel/helper-plugin-utils" "^7.10.4"
  
  "@babel/plugin-transform-react-inline-elements@7.10.4":
    version "7.10.4"
    resolved "https://registry.npm.taobao.org/@babel/plugin-transform-react-inline-elements/download/@babel/plugin-transform-react-inline-elements-7.10.4.tgz#9b7ea0051d3d10520bd7e0d5b021eb49fa311674"
    integrity sha1-m36gBR09EFIL1+DVsCHrSfoxFnQ=
    dependencies:
      "@babel/helper-builder-react-jsx" "^7.10.4"
      "@babel/helper-plugin-utils" "^7.10.4"
  
  "@babel/plugin-transform-react-jsx-development@^7.10.4":
    version "7.11.5"
    resolved "https://registry.npm.taobao.org/@babel/plugin-transform-react-jsx-development/download/@babel/plugin-transform-react-jsx-development-7.11.5.tgz#e1439e6a57ee3d43e9f54ace363fb29cefe5d7b6"
    integrity sha1-4UOealfuPUPp9UrONj+ynO/l17Y=
    dependencies:
      "@babel/helper-builder-react-jsx-experimental" "^7.11.5"
      "@babel/helper-plugin-utils" "^7.10.4"
      "@babel/plugin-syntax-jsx" "^7.10.4"
  
  "@babel/plugin-transform-react-jsx-self@^7.10.4":
    version "7.10.4"
    resolved "https://registry.npm.taobao.org/@babel/plugin-transform-react-jsx-self/download/@babel/plugin-transform-react-jsx-self-7.10.4.tgz?cache=0&sync_timestamp=1593521262457&other_urls=https%3A%2F%2Fregistry.npm.taobao.org%2F%40babel%2Fplugin-transform-react-jsx-self%2Fdownload%2F%40babel%2Fplugin-transform-react-jsx-self-7.10.4.tgz#cd301a5fed8988c182ed0b9d55e9bd6db0bd9369"
    integrity sha1-zTAaX+2JiMGC7QudVem9bbC9k2k=
    dependencies:
      "@babel/helper-plugin-utils" "^7.10.4"
      "@babel/plugin-syntax-jsx" "^7.10.4"
  
  "@babel/plugin-transform-react-jsx-source@^7.10.4":
    version "7.10.5"
    resolved "https://registry.npm.taobao.org/@babel/plugin-transform-react-jsx-source/download/@babel/plugin-transform-react-jsx-source-7.10.5.tgz#34f1779117520a779c054f2cdd9680435b9222b4"
    integrity sha1-NPF3kRdSCnecBU8s3ZaAQ1uSIrQ=
    dependencies:
      "@babel/helper-plugin-utils" "^7.10.4"
      "@babel/plugin-syntax-jsx" "^7.10.4"
  
  "@babel/plugin-transform-react-jsx@^7.10.4":
    version "7.10.4"
    resolved "https://registry.npm.taobao.org/@babel/plugin-transform-react-jsx/download/@babel/plugin-transform-react-jsx-7.10.4.tgz?cache=0&sync_timestamp=1593521269001&other_urls=https%3A%2F%2Fregistry.npm.taobao.org%2F%40babel%2Fplugin-transform-react-jsx%2Fdownload%2F%40babel%2Fplugin-transform-react-jsx-7.10.4.tgz#673c9f913948764a4421683b2bef2936968fddf2"
    integrity sha1-ZzyfkTlIdkpEIWg7K+8pNpaP3fI=
    dependencies:
      "@babel/helper-builder-react-jsx" "^7.10.4"
      "@babel/helper-builder-react-jsx-experimental" "^7.10.4"
      "@babel/helper-plugin-utils" "^7.10.4"
      "@babel/plugin-syntax-jsx" "^7.10.4"
  
  "@babel/plugin-transform-react-pure-annotations@^7.10.4":
    version "7.10.4"
    resolved "https://registry.npm.taobao.org/@babel/plugin-transform-react-pure-annotations/download/@babel/plugin-transform-react-pure-annotations-7.10.4.tgz?cache=0&sync_timestamp=1593522948827&other_urls=https%3A%2F%2Fregistry.npm.taobao.org%2F%40babel%2Fplugin-transform-react-pure-annotations%2Fdownload%2F%40babel%2Fplugin-transform-react-pure-annotations-7.10.4.tgz#3eefbb73db94afbc075f097523e445354a1c6501"
    integrity sha1-Pu+7c9uUr7wHXwl1I+RFNUocZQE=
    dependencies:
      "@babel/helper-annotate-as-pure" "^7.10.4"
      "@babel/helper-plugin-utils" "^7.10.4"
  
  "@babel/plugin-transform-regenerator@^7.10.4":
    version "7.10.4"
    resolved "https://registry.npm.taobao.org/@babel/plugin-transform-regenerator/download/@babel/plugin-transform-regenerator-7.10.4.tgz?cache=0&sync_timestamp=1593521244746&other_urls=https%3A%2F%2Fregistry.npm.taobao.org%2F%40babel%2Fplugin-transform-regenerator%2Fdownload%2F%40babel%2Fplugin-transform-regenerator-7.10.4.tgz#2015e59d839074e76838de2159db421966fd8b63"
    integrity sha1-IBXlnYOQdOdoON4hWdtCGWb9i2M=
    dependencies:
      regenerator-transform "^0.14.2"
  
  "@babel/plugin-transform-reserved-words@^7.10.4":
    version "7.10.4"
    resolved "https://registry.npm.taobao.org/@babel/plugin-transform-reserved-words/download/@babel/plugin-transform-reserved-words-7.10.4.tgz#8f2682bcdcef9ed327e1b0861585d7013f8a54dd"
    integrity sha1-jyaCvNzvntMn4bCGFYXXAT+KVN0=
    dependencies:
      "@babel/helper-plugin-utils" "^7.10.4"
  
  "@babel/plugin-transform-shorthand-properties@^7.10.4":
    version "7.10.4"
    resolved "https://registry.npm.taobao.org/@babel/plugin-transform-shorthand-properties/download/@babel/plugin-transform-shorthand-properties-7.10.4.tgz#9fd25ec5cdd555bb7f473e5e6ee1c971eede4dd6"
    integrity sha1-n9Jexc3VVbt/Rz5ebuHJce7eTdY=
    dependencies:
      "@babel/helper-plugin-utils" "^7.10.4"
  
  "@babel/plugin-transform-spread@^7.11.0":
    version "7.11.0"
    resolved "https://registry.npm.taobao.org/@babel/plugin-transform-spread/download/@babel/plugin-transform-spread-7.11.0.tgz?cache=0&sync_timestamp=1596145724980&other_urls=https%3A%2F%2Fregistry.npm.taobao.org%2F%40babel%2Fplugin-transform-spread%2Fdownload%2F%40babel%2Fplugin-transform-spread-7.11.0.tgz#fa84d300f5e4f57752fe41a6d1b3c554f13f17cc"
    integrity sha1-+oTTAPXk9XdS/kGm0bPFVPE/F8w=
    dependencies:
      "@babel/helper-plugin-utils" "^7.10.4"
      "@babel/helper-skip-transparent-expression-wrappers" "^7.11.0"
  
  "@babel/plugin-transform-sticky-regex@^7.10.4":
    version "7.10.4"
    resolved "https://registry.npm.taobao.org/@babel/plugin-transform-sticky-regex/download/@babel/plugin-transform-sticky-regex-7.10.4.tgz?cache=0&sync_timestamp=1593522926947&other_urls=https%3A%2F%2Fregistry.npm.taobao.org%2F%40babel%2Fplugin-transform-sticky-regex%2Fdownload%2F%40babel%2Fplugin-transform-sticky-regex-7.10.4.tgz#8f3889ee8657581130a29d9cc91d7c73b7c4a28d"
    integrity sha1-jziJ7oZXWBEwop2cyR18c7fEoo0=
    dependencies:
      "@babel/helper-plugin-utils" "^7.10.4"
      "@babel/helper-regex" "^7.10.4"
  
  "@babel/plugin-transform-template-literals@^7.10.4":
    version "7.10.5"
    resolved "https://registry.npm.taobao.org/@babel/plugin-transform-template-literals/download/@babel/plugin-transform-template-literals-7.10.5.tgz#78bc5d626a6642db3312d9d0f001f5e7639fde8c"
    integrity sha1-eLxdYmpmQtszEtnQ8AH152Of3ow=
    dependencies:
      "@babel/helper-annotate-as-pure" "^7.10.4"
      "@babel/helper-plugin-utils" "^7.10.4"
  
  "@babel/plugin-transform-typeof-symbol@^7.10.4":
    version "7.10.4"
    resolved "https://registry.npm.taobao.org/@babel/plugin-transform-typeof-symbol/download/@babel/plugin-transform-typeof-symbol-7.10.4.tgz?cache=0&sync_timestamp=1593522929368&other_urls=https%3A%2F%2Fregistry.npm.taobao.org%2F%40babel%2Fplugin-transform-typeof-symbol%2Fdownload%2F%40babel%2Fplugin-transform-typeof-symbol-7.10.4.tgz#9509f1a7eec31c4edbffe137c16cc33ff0bc5bfc"
    integrity sha1-lQnxp+7DHE7b/+E3wWzDP/C8W/w=
    dependencies:
      "@babel/helper-plugin-utils" "^7.10.4"
  
  "@babel/plugin-transform-typescript@7.11.0", "@babel/plugin-transform-typescript@^7.10.4":
    version "7.11.0"
    resolved "https://registry.npm.taobao.org/@babel/plugin-transform-typescript/download/@babel/plugin-transform-typescript-7.11.0.tgz#2b4879676af37342ebb278216dd090ac67f13abb"
    integrity sha1-K0h5Z2rzc0LrsnghbdCQrGfxOrs=
    dependencies:
      "@babel/helper-create-class-features-plugin" "^7.10.5"
      "@babel/helper-plugin-utils" "^7.10.4"
      "@babel/plugin-syntax-typescript" "^7.10.4"
  
  "@babel/plugin-transform-unicode-escapes@^7.10.4":
    version "7.10.4"
    resolved "https://registry.npm.taobao.org/@babel/plugin-transform-unicode-escapes/download/@babel/plugin-transform-unicode-escapes-7.10.4.tgz?cache=0&sync_timestamp=1593522929644&other_urls=https%3A%2F%2Fregistry.npm.taobao.org%2F%40babel%2Fplugin-transform-unicode-escapes%2Fdownload%2F%40babel%2Fplugin-transform-unicode-escapes-7.10.4.tgz#feae523391c7651ddac115dae0a9d06857892007"
    integrity sha1-/q5SM5HHZR3awRXa4KnQaFeJIAc=
    dependencies:
      "@babel/helper-plugin-utils" "^7.10.4"
  
  "@babel/plugin-transform-unicode-regex@^7.10.4":
    version "7.10.4"
    resolved "https://registry.npm.taobao.org/@babel/plugin-transform-unicode-regex/download/@babel/plugin-transform-unicode-regex-7.10.4.tgz#e56d71f9282fac6db09c82742055576d5e6d80a8"
    integrity sha1-5W1x+SgvrG2wnIJ0IFVXbV5tgKg=
    dependencies:
      "@babel/helper-create-regexp-features-plugin" "^7.10.4"
      "@babel/helper-plugin-utils" "^7.10.4"
  
  "@babel/polyfill@7.11.5":
    version "7.11.5"
    resolved "https://registry.npm.taobao.org/@babel/polyfill/download/@babel/polyfill-7.11.5.tgz#df550b2ec53abbc2ed599367ec59e64c7a707bb5"
    integrity sha1-31ULLsU6u8LtWZNn7FnmTHpwe7U=
    dependencies:
      core-js "^2.6.5"
      regenerator-runtime "^0.13.4"
  
  "@babel/preset-env@7.11.5":
    version "7.11.5"
    resolved "https://registry.npm.taobao.org/@babel/preset-env/download/@babel/preset-env-7.11.5.tgz#18cb4b9379e3e92ffea92c07471a99a2914e4272"
    integrity sha1-GMtLk3nj6S/+qSwHRxqZopFOQnI=
    dependencies:
      "@babel/compat-data" "^7.11.0"
      "@babel/helper-compilation-targets" "^7.10.4"
      "@babel/helper-module-imports" "^7.10.4"
      "@babel/helper-plugin-utils" "^7.10.4"
      "@babel/plugin-proposal-async-generator-functions" "^7.10.4"
      "@babel/plugin-proposal-class-properties" "^7.10.4"
      "@babel/plugin-proposal-dynamic-import" "^7.10.4"
      "@babel/plugin-proposal-export-namespace-from" "^7.10.4"
      "@babel/plugin-proposal-json-strings" "^7.10.4"
      "@babel/plugin-proposal-logical-assignment-operators" "^7.11.0"
      "@babel/plugin-proposal-nullish-coalescing-operator" "^7.10.4"
      "@babel/plugin-proposal-numeric-separator" "^7.10.4"
      "@babel/plugin-proposal-object-rest-spread" "^7.11.0"
      "@babel/plugin-proposal-optional-catch-binding" "^7.10.4"
      "@babel/plugin-proposal-optional-chaining" "^7.11.0"
      "@babel/plugin-proposal-private-methods" "^7.10.4"
      "@babel/plugin-proposal-unicode-property-regex" "^7.10.4"
      "@babel/plugin-syntax-async-generators" "^7.8.0"
      "@babel/plugin-syntax-class-properties" "^7.10.4"
      "@babel/plugin-syntax-dynamic-import" "^7.8.0"
      "@babel/plugin-syntax-export-namespace-from" "^7.8.3"
      "@babel/plugin-syntax-json-strings" "^7.8.0"
      "@babel/plugin-syntax-logical-assignment-operators" "^7.10.4"
      "@babel/plugin-syntax-nullish-coalescing-operator" "^7.8.0"
      "@babel/plugin-syntax-numeric-separator" "^7.10.4"
      "@babel/plugin-syntax-object-rest-spread" "^7.8.0"
      "@babel/plugin-syntax-optional-catch-binding" "^7.8.0"
      "@babel/plugin-syntax-optional-chaining" "^7.8.0"
      "@babel/plugin-syntax-top-level-await" "^7.10.4"
      "@babel/plugin-transform-arrow-functions" "^7.10.4"
      "@babel/plugin-transform-async-to-generator" "^7.10.4"
      "@babel/plugin-transform-block-scoped-functions" "^7.10.4"
      "@babel/plugin-transform-block-scoping" "^7.10.4"
      "@babel/plugin-transform-classes" "^7.10.4"
      "@babel/plugin-transform-computed-properties" "^7.10.4"
      "@babel/plugin-transform-destructuring" "^7.10.4"
      "@babel/plugin-transform-dotall-regex" "^7.10.4"
      "@babel/plugin-transform-duplicate-keys" "^7.10.4"
      "@babel/plugin-transform-exponentiation-operator" "^7.10.4"
      "@babel/plugin-transform-for-of" "^7.10.4"
      "@babel/plugin-transform-function-name" "^7.10.4"
      "@babel/plugin-transform-literals" "^7.10.4"
      "@babel/plugin-transform-member-expression-literals" "^7.10.4"
      "@babel/plugin-transform-modules-amd" "^7.10.4"
      "@babel/plugin-transform-modules-commonjs" "^7.10.4"
      "@babel/plugin-transform-modules-systemjs" "^7.10.4"
      "@babel/plugin-transform-modules-umd" "^7.10.4"
      "@babel/plugin-transform-named-capturing-groups-regex" "^7.10.4"
      "@babel/plugin-transform-new-target" "^7.10.4"
      "@babel/plugin-transform-object-super" "^7.10.4"
      "@babel/plugin-transform-parameters" "^7.10.4"
      "@babel/plugin-transform-property-literals" "^7.10.4"
      "@babel/plugin-transform-regenerator" "^7.10.4"
      "@babel/plugin-transform-reserved-words" "^7.10.4"
      "@babel/plugin-transform-shorthand-properties" "^7.10.4"
      "@babel/plugin-transform-spread" "^7.11.0"
      "@babel/plugin-transform-sticky-regex" "^7.10.4"
      "@babel/plugin-transform-template-literals" "^7.10.4"
      "@babel/plugin-transform-typeof-symbol" "^7.10.4"
      "@babel/plugin-transform-unicode-escapes" "^7.10.4"
      "@babel/plugin-transform-unicode-regex" "^7.10.4"
      "@babel/preset-modules" "^0.1.3"
      "@babel/types" "^7.11.5"
      browserslist "^4.12.0"
      core-js-compat "^3.6.2"
      invariant "^2.2.2"
      levenary "^1.1.1"
      semver "^5.5.0"
  
  "@babel/preset-modules@^0.1.3":
    version "0.1.4"
    resolved "https://registry.npm.taobao.org/@babel/preset-modules/download/@babel/preset-modules-0.1.4.tgz?cache=0&sync_timestamp=1598549685847&other_urls=https%3A%2F%2Fregistry.npm.taobao.org%2F%40babel%2Fpreset-modules%2Fdownload%2F%40babel%2Fpreset-modules-0.1.4.tgz#362f2b68c662842970fdb5e254ffc8fc1c2e415e"
    integrity sha1-Ni8raMZihClw/bXiVP/I/BwuQV4=
    dependencies:
      "@babel/helper-plugin-utils" "^7.0.0"
      "@babel/plugin-proposal-unicode-property-regex" "^7.4.4"
      "@babel/plugin-transform-dotall-regex" "^7.4.4"
      "@babel/types" "^7.4.4"
      esutils "^2.0.2"
  
  "@babel/preset-react@7.10.4":
    version "7.10.4"
    resolved "https://registry.npm.taobao.org/@babel/preset-react/download/@babel/preset-react-7.10.4.tgz#92e8a66d816f9911d11d4cc935be67adfc82dbcf"
    integrity sha1-kuimbYFvmRHRHUzJNb5nrfyC288=
    dependencies:
      "@babel/helper-plugin-utils" "^7.10.4"
      "@babel/plugin-transform-react-display-name" "^7.10.4"
      "@babel/plugin-transform-react-jsx" "^7.10.4"
      "@babel/plugin-transform-react-jsx-development" "^7.10.4"
      "@babel/plugin-transform-react-jsx-self" "^7.10.4"
      "@babel/plugin-transform-react-jsx-source" "^7.10.4"
      "@babel/plugin-transform-react-pure-annotations" "^7.10.4"
  
  "@babel/preset-typescript@7.10.4":
    version "7.10.4"
    resolved "https://registry.npm.taobao.org/@babel/preset-typescript/download/@babel/preset-typescript-7.10.4.tgz#7d5d052e52a682480d6e2cc5aa31be61c8c25e36"
    integrity sha1-fV0FLlKmgkgNbizFqjG+YcjCXjY=
    dependencies:
      "@babel/helper-plugin-utils" "^7.10.4"
      "@babel/plugin-transform-typescript" "^7.10.4"
  
  "@babel/register@7.11.5":
    version "7.11.5"
    resolved "https://registry.npm.taobao.org/@babel/register/download/@babel/register-7.11.5.tgz#79becf89e0ddd0fba8b92bc279bc0f5d2d7ce2ea"
    integrity sha1-eb7PieDd0PuouSvCebwPXS184uo=
    dependencies:
      find-cache-dir "^2.0.0"
      lodash "^4.17.19"
      make-dir "^2.1.0"
      pirates "^4.0.0"
      source-map-support "^0.5.16"
  
  "@babel/runtime-corejs3@^7.10.2", "@babel/runtime-corejs3@^7.9.2":
    version "7.11.2"
    resolved "https://registry.npm.taobao.org/@babel/runtime-corejs3/download/@babel/runtime-corejs3-7.11.2.tgz?cache=0&sync_timestamp=1596638061502&other_urls=https%3A%2F%2Fregistry.npm.taobao.org%2F%40babel%2Fruntime-corejs3%2Fdownload%2F%40babel%2Fruntime-corejs3-7.11.2.tgz#02c3029743150188edeb66541195f54600278419"
    integrity sha1-AsMCl0MVAYjt62ZUEZX1RgAnhBk=
    dependencies:
      core-js-pure "^3.0.0"
      regenerator-runtime "^0.13.4"
  
  "@babel/runtime@^7.0.0", "@babel/runtime@^7.1.2", "@babel/runtime@^7.10.1", "@babel/runtime@^7.10.2", "@babel/runtime@^7.10.4", "@babel/runtime@^7.11.1", "@babel/runtime@^7.11.2", "@babel/runtime@^7.5.5", "@babel/runtime@^7.6.3", "@babel/runtime@^7.8.4":
    version "7.11.2"
    resolved "https://registry.npm.taobao.org/@babel/runtime/download/@babel/runtime-7.11.2.tgz?cache=0&sync_timestamp=1596637824771&other_urls=https%3A%2F%2Fregistry.npm.taobao.org%2F%40babel%2Fruntime%2Fdownload%2F%40babel%2Fruntime-7.11.2.tgz#f549c13c754cc40b87644b9fa9f09a6a95fe0736"
    integrity sha1-9UnBPHVMxAuHZEufqfCaapX+BzY=
    dependencies:
      regenerator-runtime "^0.13.4"
  
  "@babel/template@^7.10.4", "@babel/template@^7.3.3":
    version "7.10.4"
    resolved "https://registry.npm.taobao.org/@babel/template/download/@babel/template-7.10.4.tgz?cache=0&sync_timestamp=1593523000769&other_urls=https%3A%2F%2Fregistry.npm.taobao.org%2F%40babel%2Ftemplate%2Fdownload%2F%40babel%2Ftemplate-7.10.4.tgz#3251996c4200ebc71d1a8fc405fba940f36ba278"
    integrity sha1-MlGZbEIA68cdGo/EBfupQPNrong=
    dependencies:
      "@babel/code-frame" "^7.10.4"
      "@babel/parser" "^7.10.4"
      "@babel/types" "^7.10.4"
  
  "@babel/traverse@^7.1.0", "@babel/traverse@^7.10.4", "@babel/traverse@^7.11.5", "@babel/traverse@^7.4.5", "@babel/traverse@^7.7.0":
    version "7.11.5"
    resolved "https://registry.npm.taobao.org/@babel/traverse/download/@babel/traverse-7.11.5.tgz#be777b93b518eb6d76ee2e1ea1d143daa11e61c3"
    integrity sha1-vnd7k7UY62127i4eodFD2qEeYcM=
    dependencies:
      "@babel/code-frame" "^7.10.4"
      "@babel/generator" "^7.11.5"
      "@babel/helper-function-name" "^7.10.4"
      "@babel/helper-split-export-declaration" "^7.11.0"
      "@babel/parser" "^7.11.5"
      "@babel/types" "^7.11.5"
      debug "^4.1.0"
      globals "^11.1.0"
      lodash "^4.17.19"
  
  "@babel/types@^7.0.0", "@babel/types@^7.0.0-beta.49", "@babel/types@^7.10.4", "@babel/types@^7.10.5", "@babel/types@^7.11.0", "@babel/types@^7.11.5", "@babel/types@^7.3.0", "@babel/types@^7.3.3", "@babel/types@^7.4.4", "@babel/types@^7.7.0":
    version "7.11.5"
    resolved "https://registry.npm.taobao.org/@babel/types/download/@babel/types-7.11.5.tgz#d9de577d01252d77c6800cee039ee64faf75662d"
    integrity sha1-2d5XfQElLXfGgAzuA57mT691Zi0=
    dependencies:
      "@babel/helper-validator-identifier" "^7.10.4"
      lodash "^4.17.19"
      to-fast-properties "^2.0.0"
  
  "@bcoe/v8-coverage@^0.2.3":
    version "0.2.3"
    resolved "https://registry.npm.taobao.org/@bcoe/v8-coverage/download/@bcoe/v8-coverage-0.2.3.tgz#75a2e8b51cb758a7553d6804a5932d7aace75c39"
    integrity sha1-daLotRy3WKdVPWgEpZMteqznXDk=
  
  "@ckeditor/ckeditor5-build-classic@22.0.0":
    version "22.0.0"
    resolved "https://registry.npm.taobao.org/@ckeditor/ckeditor5-build-classic/download/@ckeditor/ckeditor5-build-classic-22.0.0.tgz#24e4a32a4d68211c58b4ea49e794217bd61bf0b7"
    integrity sha1-JOSjKk1oIRxYtOpJ55Qhe9Yb8Lc=
  
  "@cnakazawa/watch@^1.0.3":
    version "1.0.4"
    resolved "https://registry.npm.taobao.org/@cnakazawa/watch/download/@cnakazawa/watch-1.0.4.tgz#f864ae85004d0fcab6f50be9141c4da368d1656a"
    integrity sha1-+GSuhQBND8q29QvpFBxNo2jRZWo=
    dependencies:
      exec-sh "^0.3.2"
      minimist "^1.2.0"
  
  "@develar/schema-utils@~2.6.5":
    version "2.6.5"
    resolved "https://registry.npm.taobao.org/@develar/schema-utils/download/@develar/schema-utils-2.6.5.tgz#3ece22c5838402419a6e0425f85742b961d9b6c6"
    integrity sha1-Ps4ixYOEAkGabgQl+FdCuWHZtsY=
    dependencies:
      ajv "^6.12.0"
      ajv-keywords "^3.4.1"
  
  "@electron/get@^1.0.1":
    version "1.12.2"
    resolved "https://registry.npm.taobao.org/@electron/get/download/@electron/get-1.12.2.tgz#6442066afb99be08cefb9a281e4b4692b33764f3"
    integrity sha1-ZEIGavuZvgjO+5ooHktGkrM3ZPM=
    dependencies:
      debug "^4.1.1"
      env-paths "^2.2.0"
      fs-extra "^8.1.0"
      got "^9.6.0"
      progress "^2.0.3"
      sanitize-filename "^1.6.2"
      sumchecker "^3.0.1"
    optionalDependencies:
      global-agent "^2.0.2"
      global-tunnel-ng "^2.7.1"
  
  "@emotion/is-prop-valid@^0.8.8":
    version "0.8.8"
    resolved "https://registry.npm.taobao.org/@emotion/is-prop-valid/download/@emotion/is-prop-valid-0.8.8.tgz#db28b1c4368a259b60a97311d6a952d4fd01ac1a"
    integrity sha1-2yixxDaKJZtgqXMR1qlS1P0BrBo=
    dependencies:
      "@emotion/memoize" "0.7.4"
  
  "@emotion/memoize@0.7.4":
    version "0.7.4"
    resolved "https://registry.npm.taobao.org/@emotion/memoize/download/@emotion/memoize-0.7.4.tgz#19bf0f5af19149111c40d98bb0cf82119f5d9eeb"
    integrity sha1-Gb8PWvGRSREcQNmLsM+CEZ9dnus=
  
  "@emotion/stylis@^0.8.4":
    version "0.8.5"
    resolved "https://registry.npm.taobao.org/@emotion/stylis/download/@emotion/stylis-0.8.5.tgz#deacb389bd6ee77d1e7fcaccce9e16c5c7e78e04"
    integrity sha1-3qyzib1u530ef8rMzp4WxcfnjgQ=
  
  "@emotion/unitless@^0.7.4":
    version "0.7.5"
    resolved "https://registry.npm.taobao.org/@emotion/unitless/download/@emotion/unitless-0.7.5.tgz#77211291c1900a700b8a78cfafda3160d76949ed"
    integrity sha1-dyESkcGQCnALinjPr9oxYNdpSe0=
  
  "@eslint/eslintrc@^0.1.3":
    version "0.1.3"
    resolved "https://registry.npm.taobao.org/@eslint/eslintrc/download/@eslint/eslintrc-0.1.3.tgz#7d1a2b2358552cc04834c0979bd4275362e37085"
    integrity sha1-fRorI1hVLMBINMCXm9QnU2LjcIU=
    dependencies:
      ajv "^6.12.4"
      debug "^4.1.1"
      espree "^7.3.0"
      globals "^12.1.0"
      ignore "^4.0.6"
      import-fresh "^3.2.1"
      js-yaml "^3.13.1"
      lodash "^4.17.19"
      minimatch "^3.0.4"
      strip-json-comments "^3.1.1"
  
  "@istanbuljs/load-nyc-config@^1.0.0":
    version "1.1.0"
    resolved "https://registry.npm.taobao.org/@istanbuljs/load-nyc-config/download/@istanbuljs/load-nyc-config-1.1.0.tgz#fd3db1d59ecf7cf121e80650bb86712f9b55eced"
    integrity sha1-/T2x1Z7PfPEh6AZQu4ZxL5tV7O0=
    dependencies:
      camelcase "^5.3.1"
      find-up "^4.1.0"
      get-package-type "^0.1.0"
      js-yaml "^3.13.1"
      resolve-from "^5.0.0"
  
  "@istanbuljs/schema@^0.1.2":
    version "0.1.2"
    resolved "https://registry.npm.taobao.org/@istanbuljs/schema/download/@istanbuljs/schema-0.1.2.tgz#26520bf09abe4a5644cd5414e37125a8954241dd"
    integrity sha1-JlIL8Jq+SlZEzVQU43ElqJVCQd0=
  
  "@jest/console@^26.3.0":
    version "26.3.0"
    resolved "https://registry.npm.taobao.org/@jest/console/download/@jest/console-26.3.0.tgz?cache=0&sync_timestamp=1597057410868&other_urls=https%3A%2F%2Fregistry.npm.taobao.org%2F%40jest%2Fconsole%2Fdownload%2F%40jest%2Fconsole-26.3.0.tgz#ed04063efb280c88ba87388b6f16427c0a85c856"
    integrity sha1-7QQGPvsoDIi6hziLbxZCfAqFyFY=
    dependencies:
      "@jest/types" "^26.3.0"
      "@types/node" "*"
      chalk "^4.0.0"
      jest-message-util "^26.3.0"
      jest-util "^26.3.0"
      slash "^3.0.0"
  
  "@jest/core@^26.4.2":
    version "26.4.2"
    resolved "https://registry.npm.taobao.org/@jest/core/download/@jest/core-26.4.2.tgz?cache=0&sync_timestamp=1598096598779&other_urls=https%3A%2F%2Fregistry.npm.taobao.org%2F%40jest%2Fcore%2Fdownload%2F%40jest%2Fcore-26.4.2.tgz#85d0894f31ac29b5bab07aa86806d03dd3d33edc"
    integrity sha1-hdCJTzGsKbW6sHqoaAbQPdPTPtw=
    dependencies:
      "@jest/console" "^26.3.0"
      "@jest/reporters" "^26.4.1"
      "@jest/test-result" "^26.3.0"
      "@jest/transform" "^26.3.0"
      "@jest/types" "^26.3.0"
      "@types/node" "*"
      ansi-escapes "^4.2.1"
      chalk "^4.0.0"
      exit "^0.1.2"
      graceful-fs "^4.2.4"
      jest-changed-files "^26.3.0"
      jest-config "^26.4.2"
      jest-haste-map "^26.3.0"
      jest-message-util "^26.3.0"
      jest-regex-util "^26.0.0"
      jest-resolve "^26.4.0"
      jest-resolve-dependencies "^26.4.2"
      jest-runner "^26.4.2"
      jest-runtime "^26.4.2"
      jest-snapshot "^26.4.2"
      jest-util "^26.3.0"
      jest-validate "^26.4.2"
      jest-watcher "^26.3.0"
      micromatch "^4.0.2"
      p-each-series "^2.1.0"
      rimraf "^3.0.0"
      slash "^3.0.0"
      strip-ansi "^6.0.0"
  
  "@jest/environment@^26.3.0":
    version "26.3.0"
    resolved "https://registry.npm.taobao.org/@jest/environment/download/@jest/environment-26.3.0.tgz?cache=0&sync_timestamp=1597057412725&other_urls=https%3A%2F%2Fregistry.npm.taobao.org%2F%40jest%2Fenvironment%2Fdownload%2F%40jest%2Fenvironment-26.3.0.tgz#e6953ab711ae3e44754a025f838bde1a7fd236a0"
    integrity sha1-5pU6txGuPkR1SgJfg4veGn/SNqA=
    dependencies:
      "@jest/fake-timers" "^26.3.0"
      "@jest/types" "^26.3.0"
      "@types/node" "*"
      jest-mock "^26.3.0"
  
  "@jest/fake-timers@^26.3.0":
    version "26.3.0"
    resolved "https://registry.npm.taobao.org/@jest/fake-timers/download/@jest/fake-timers-26.3.0.tgz#f515d4667a6770f60ae06ae050f4e001126c666a"
    integrity sha1-9RXUZnpncPYK4GrgUPTgARJsZmo=
    dependencies:
      "@jest/types" "^26.3.0"
      "@sinonjs/fake-timers" "^6.0.1"
      "@types/node" "*"
      jest-message-util "^26.3.0"
      jest-mock "^26.3.0"
      jest-util "^26.3.0"
  
  "@jest/globals@^26.4.2":
    version "26.4.2"
    resolved "https://registry.npm.taobao.org/@jest/globals/download/@jest/globals-26.4.2.tgz?cache=0&sync_timestamp=1598099053302&other_urls=https%3A%2F%2Fregistry.npm.taobao.org%2F%40jest%2Fglobals%2Fdownload%2F%40jest%2Fglobals-26.4.2.tgz#73c2a862ac691d998889a241beb3dc9cada40d4a"
    integrity sha1-c8KoYqxpHZmIiaJBvrPcnK2kDUo=
    dependencies:
      "@jest/environment" "^26.3.0"
      "@jest/types" "^26.3.0"
      expect "^26.4.2"
  
  "@jest/reporters@^26.4.1":
    version "26.4.1"
    resolved "https://registry.npm.taobao.org/@jest/reporters/download/@jest/reporters-26.4.1.tgz?cache=0&sync_timestamp=1597910616654&other_urls=https%3A%2F%2Fregistry.npm.taobao.org%2F%40jest%2Freporters%2Fdownload%2F%40jest%2Freporters-26.4.1.tgz#3b4d6faf28650f3965f8b97bc3d114077fb71795"
    integrity sha1-O01vryhlDzll+Ll7w9EUB3+3F5U=
    dependencies:
      "@bcoe/v8-coverage" "^0.2.3"
      "@jest/console" "^26.3.0"
      "@jest/test-result" "^26.3.0"
      "@jest/transform" "^26.3.0"
      "@jest/types" "^26.3.0"
      chalk "^4.0.0"
      collect-v8-coverage "^1.0.0"
      exit "^0.1.2"
      glob "^7.1.2"
      graceful-fs "^4.2.4"
      istanbul-lib-coverage "^3.0.0"
      istanbul-lib-instrument "^4.0.3"
      istanbul-lib-report "^3.0.0"
      istanbul-lib-source-maps "^4.0.0"
      istanbul-reports "^3.0.2"
      jest-haste-map "^26.3.0"
      jest-resolve "^26.4.0"
      jest-util "^26.3.0"
      jest-worker "^26.3.0"
      slash "^3.0.0"
      source-map "^0.6.0"
      string-length "^4.0.1"
      terminal-link "^2.0.0"
      v8-to-istanbul "^5.0.1"
    optionalDependencies:
      node-notifier "^8.0.0"
  
  "@jest/source-map@^26.3.0":
    version "26.3.0"
    resolved "https://registry.npm.taobao.org/@jest/source-map/download/@jest/source-map-26.3.0.tgz?cache=0&sync_timestamp=1597057408472&other_urls=https%3A%2F%2Fregistry.npm.taobao.org%2F%40jest%2Fsource-map%2Fdownload%2F%40jest%2Fsource-map-26.3.0.tgz#0e646e519883c14c551f7b5ae4ff5f1bfe4fc3d9"
    integrity sha1-DmRuUZiDwUxVH3ta5P9fG/5Pw9k=
    dependencies:
      callsites "^3.0.0"
      graceful-fs "^4.2.4"
      source-map "^0.6.0"
  
  "@jest/test-result@^26.3.0":
    version "26.3.0"
    resolved "https://registry.npm.taobao.org/@jest/test-result/download/@jest/test-result-26.3.0.tgz#46cde01fa10c0aaeb7431bf71e4a20d885bc7fdb"
    integrity sha1-Rs3gH6EMCq63Qxv3Hkog2IW8f9s=
    dependencies:
      "@jest/console" "^26.3.0"
      "@jest/types" "^26.3.0"
      "@types/istanbul-lib-coverage" "^2.0.0"
      collect-v8-coverage "^1.0.0"
  
  "@jest/test-sequencer@^26.4.2":
    version "26.4.2"
    resolved "https://registry.npm.taobao.org/@jest/test-sequencer/download/@jest/test-sequencer-26.4.2.tgz?cache=0&sync_timestamp=1598096602128&other_urls=https%3A%2F%2Fregistry.npm.taobao.org%2F%40jest%2Ftest-sequencer%2Fdownload%2F%40jest%2Ftest-sequencer-26.4.2.tgz#58a3760a61eec758a2ce6080201424580d97cbba"
    integrity sha1-WKN2CmHux1iizmCAIBQkWA2Xy7o=
    dependencies:
      "@jest/test-result" "^26.3.0"
      graceful-fs "^4.2.4"
      jest-haste-map "^26.3.0"
      jest-runner "^26.4.2"
      jest-runtime "^26.4.2"
  
  "@jest/transform@^26.3.0":
    version "26.3.0"
    resolved "https://registry.npm.taobao.org/@jest/transform/download/@jest/transform-26.3.0.tgz#c393e0e01459da8a8bfc6d2a7c2ece1a13e8ba55"
    integrity sha1-w5Pg4BRZ2oqL/G0qfC7OGhPoulU=
    dependencies:
      "@babel/core" "^7.1.0"
      "@jest/types" "^26.3.0"
      babel-plugin-istanbul "^6.0.0"
      chalk "^4.0.0"
      convert-source-map "^1.4.0"
      fast-json-stable-stringify "^2.0.0"
      graceful-fs "^4.2.4"
      jest-haste-map "^26.3.0"
      jest-regex-util "^26.0.0"
      jest-util "^26.3.0"
      micromatch "^4.0.2"
      pirates "^4.0.1"
      slash "^3.0.0"
      source-map "^0.6.1"
      write-file-atomic "^3.0.0"
  
  "@jest/types@^26.3.0":
    version "26.3.0"
    resolved "https://registry.npm.taobao.org/@jest/types/download/@jest/types-26.3.0.tgz?cache=0&sync_timestamp=1597059341879&other_urls=https%3A%2F%2Fregistry.npm.taobao.org%2F%40jest%2Ftypes%2Fdownload%2F%40jest%2Ftypes-26.3.0.tgz#97627bf4bdb72c55346eef98e3b3f7ddc4941f71"
    integrity sha1-l2J79L23LFU0bu+Y47P33cSUH3E=
    dependencies:
      "@types/istanbul-lib-coverage" "^2.0.0"
      "@types/istanbul-reports" "^3.0.0"
      "@types/node" "*"
      "@types/yargs" "^15.0.0"
      chalk "^4.0.0"
  
  "@jimp/bmp@^0.6.8":
    version "0.6.8"
    resolved "https://registry.npm.taobao.org/@jimp/bmp/download/@jimp/bmp-0.6.8.tgz#8abbfd9e26ba17a47fab311059ea9f7dd82005b6"
    integrity sha1-irv9nia6F6R/qzEQWeqffdggBbY=
    dependencies:
      "@jimp/utils" "^0.6.8"
      bmp-js "^0.1.0"
      core-js "^2.5.7"
  
  "@jimp/core@^0.6.8":
    version "0.6.8"
    resolved "https://registry.npm.taobao.org/@jimp/core/download/@jimp/core-0.6.8.tgz#6a41089792516f6e64a5302d12eb562aa7847c7b"
    integrity sha1-akEIl5JRb25kpTAtEutWKqeEfHs=
    dependencies:
      "@jimp/utils" "^0.6.8"
      any-base "^1.1.0"
      buffer "^5.2.0"
      core-js "^2.5.7"
      exif-parser "^0.1.12"
      file-type "^9.0.0"
      load-bmfont "^1.3.1"
      mkdirp "0.5.1"
      phin "^2.9.1"
      pixelmatch "^4.0.2"
      tinycolor2 "^1.4.1"
  
  "@jimp/custom@^0.6.8":
    version "0.6.8"
    resolved "https://registry.npm.taobao.org/@jimp/custom/download/@jimp/custom-0.6.8.tgz#0476d7b3f5da3121d98895a2e14f2899e602f2b6"
    integrity sha1-BHbXs/XaMSHZiJWi4U8omeYC8rY=
    dependencies:
      "@jimp/core" "^0.6.8"
      core-js "^2.5.7"
  
  "@jimp/gif@^0.6.8":
    version "0.6.8"
    resolved "https://registry.npm.taobao.org/@jimp/gif/download/@jimp/gif-0.6.8.tgz#848dd4e6e1a56ca2b3ce528969e44dfa99a53b14"
    integrity sha1-hI3U5uGlbKKzzlKJaeRN+pmlOxQ=
    dependencies:
      "@jimp/utils" "^0.6.8"
      core-js "^2.5.7"
      omggif "^1.0.9"
  
  "@jimp/jpeg@^0.6.8":
    version "0.6.8"
    resolved "https://registry.npm.taobao.org/@jimp/jpeg/download/@jimp/jpeg-0.6.8.tgz#4cad85a6d1e15759acb56bddef29aa3473859f2c"
    integrity sha1-TK2FptHhV1mstWvd7ymqNHOFnyw=
    dependencies:
      "@jimp/utils" "^0.6.8"
      core-js "^2.5.7"
      jpeg-js "^0.3.4"
  
  "@jimp/plugin-blit@^0.6.8":
    version "0.6.8"
    resolved "https://registry.npm.taobao.org/@jimp/plugin-blit/download/@jimp/plugin-blit-0.6.8.tgz#646ebb631f35afc28c1e8908524bc43d1e9afa3d"
    integrity sha1-ZG67Yx81r8KMHokIUkvEPR6a+j0=
    dependencies:
      "@jimp/utils" "^0.6.8"
      core-js "^2.5.7"
  
  "@jimp/plugin-blur@^0.6.8":
    version "0.6.8"
    resolved "https://registry.npm.taobao.org/@jimp/plugin-blur/download/@jimp/plugin-blur-0.6.8.tgz#7b753ae94f6099103f57c268c3b2679047eefe95"
    integrity sha1-e3U66U9gmRA/V8Jow7JnkEfu/pU=
    dependencies:
      "@jimp/utils" "^0.6.8"
      core-js "^2.5.7"
  
  "@jimp/plugin-color@^0.6.8":
    version "0.6.8"
    resolved "https://registry.npm.taobao.org/@jimp/plugin-color/download/@jimp/plugin-color-0.6.8.tgz?cache=0&other_urls=https%3A%2F%2Fregistry.npm.taobao.org%2F%40jimp%2Fplugin-color%2Fdownload%2F%40jimp%2Fplugin-color-0.6.8.tgz#4101cb1208879b331db6e43ea6b96eaf8dbaedbc"
    integrity sha1-QQHLEgiHmzMdtuQ+prlur4267bw=
    dependencies:
      "@jimp/utils" "^0.6.8"
      core-js "^2.5.7"
      tinycolor2 "^1.4.1"
  
  "@jimp/plugin-contain@^0.6.8":
    version "0.6.8"
    resolved "https://registry.npm.taobao.org/@jimp/plugin-contain/download/@jimp/plugin-contain-0.6.8.tgz#af95d33b63d0478943374ae15dd2607fc69cad14"
    integrity sha1-r5XTO2PQR4lDN0rhXdJgf8acrRQ=
    dependencies:
      "@jimp/utils" "^0.6.8"
      core-js "^2.5.7"
  
  "@jimp/plugin-cover@^0.6.8":
    version "0.6.8"
    resolved "https://registry.npm.taobao.org/@jimp/plugin-cover/download/@jimp/plugin-cover-0.6.8.tgz#490e3186627a34d93cc015c4169bac9070d6ad17"
    integrity sha1-SQ4xhmJ6NNk8wBXEFpuskHDWrRc=
    dependencies:
      "@jimp/utils" "^0.6.8"
      core-js "^2.5.7"
  
  "@jimp/plugin-crop@^0.6.8":
    version "0.6.8"
    resolved "https://registry.npm.taobao.org/@jimp/plugin-crop/download/@jimp/plugin-crop-0.6.8.tgz#ffec8951a2f3eccad1e3cff9afff5326bd980ce7"
    integrity sha1-/+yJUaLz7MrR48/5r/9TJr2YDOc=
    dependencies:
      "@jimp/utils" "^0.6.8"
      core-js "^2.5.7"
  
  "@jimp/plugin-displace@^0.6.8":
    version "0.6.8"
    resolved "https://registry.npm.taobao.org/@jimp/plugin-displace/download/@jimp/plugin-displace-0.6.8.tgz#89df05ab7daaff6befc190bb8ac54ec8d57e533b"
    integrity sha1-id8Fq32q/2vvwZC7isVOyNV+Uzs=
    dependencies:
      "@jimp/utils" "^0.6.8"
      core-js "^2.5.7"
  
  "@jimp/plugin-dither@^0.6.8":
    version "0.6.8"
    resolved "https://registry.npm.taobao.org/@jimp/plugin-dither/download/@jimp/plugin-dither-0.6.8.tgz#17e5b9f56575a871e329fef8b388e614b92d84f8"
    integrity sha1-F+W59WV1qHHjKf74s4jmFLkthPg=
    dependencies:
      "@jimp/utils" "^0.6.8"
      core-js "^2.5.7"
  
  "@jimp/plugin-flip@^0.6.8":
    version "0.6.8"
    resolved "https://registry.npm.taobao.org/@jimp/plugin-flip/download/@jimp/plugin-flip-0.6.8.tgz#153df0c677f79d4078bb9e4c1f2ac392b96dc3a1"
    integrity sha1-FT3wxnf3nUB4u55MHyrDkrltw6E=
    dependencies:
      "@jimp/utils" "^0.6.8"
      core-js "^2.5.7"
  
  "@jimp/plugin-gaussian@^0.6.8":
    version "0.6.8"
    resolved "https://registry.npm.taobao.org/@jimp/plugin-gaussian/download/@jimp/plugin-gaussian-0.6.8.tgz#100abc7ae1f19fe9c09ed41625b475aae7c6093c"
    integrity sha1-EAq8euHxn+nAntQWJbR1qufGCTw=
    dependencies:
      "@jimp/utils" "^0.6.8"
      core-js "^2.5.7"
  
  "@jimp/plugin-invert@^0.6.8":
    version "0.6.8"
    resolved "https://registry.npm.taobao.org/@jimp/plugin-invert/download/@jimp/plugin-invert-0.6.8.tgz?cache=0&other_urls=https%3A%2F%2Fregistry.npm.taobao.org%2F%40jimp%2Fplugin-invert%2Fdownload%2F%40jimp%2Fplugin-invert-0.6.8.tgz#f40bfaa3b592d21ff14ede0e49aabec88048cad0"
    integrity sha1-9Av6o7WS0h/xTt4OSaq+yIBIytA=
    dependencies:
      "@jimp/utils" "^0.6.8"
      core-js "^2.5.7"
  
  "@jimp/plugin-mask@^0.6.8":
    version "0.6.8"
    resolved "https://registry.npm.taobao.org/@jimp/plugin-mask/download/@jimp/plugin-mask-0.6.8.tgz#e64405f7dacf0672bff74f3b95b724d9ac517f86"
    integrity sha1-5kQF99rPBnK/9087lbck2axRf4Y=
    dependencies:
      "@jimp/utils" "^0.6.8"
      core-js "^2.5.7"
  
  "@jimp/plugin-normalize@^0.6.8":
    version "0.6.8"
    resolved "https://registry.npm.taobao.org/@jimp/plugin-normalize/download/@jimp/plugin-normalize-0.6.8.tgz#a0180f2b8835e3638cdc5e057b44ac63f60db6ba"
    integrity sha1-oBgPK4g142OM3F4Fe0SsY/YNtro=
    dependencies:
      "@jimp/utils" "^0.6.8"
      core-js "^2.5.7"
  
  "@jimp/plugin-print@^0.6.8":
    version "0.6.8"
    resolved "https://registry.npm.taobao.org/@jimp/plugin-print/download/@jimp/plugin-print-0.6.8.tgz?cache=0&other_urls=https%3A%2F%2Fregistry.npm.taobao.org%2F%40jimp%2Fplugin-print%2Fdownload%2F%40jimp%2Fplugin-print-0.6.8.tgz#66309549e01896473111e3a0ad2cee428638bd6e"
    integrity sha1-ZjCVSeAYlkcxEeOgrSzuQoY4vW4=
    dependencies:
      "@jimp/utils" "^0.6.8"
      core-js "^2.5.7"
      load-bmfont "^1.4.0"
  
  "@jimp/plugin-resize@^0.6.8":
    version "0.6.8"
    resolved "https://registry.npm.taobao.org/@jimp/plugin-resize/download/@jimp/plugin-resize-0.6.8.tgz#c26d9a973f7eec51ad9018fcbbac1146f7a73aa0"
    integrity sha1-wm2alz9+7FGtkBj8u6wRRvenOqA=
    dependencies:
      "@jimp/utils" "^0.6.8"
      core-js "^2.5.7"
  
  "@jimp/plugin-rotate@^0.6.8":
    version "0.6.8"
    resolved "https://registry.npm.taobao.org/@jimp/plugin-rotate/download/@jimp/plugin-rotate-0.6.8.tgz#2afda247984eeebed95c1bb1b13ccd3be5973299"
    integrity sha1-Kv2iR5hO7r7ZXBuxsTzNO+WXMpk=
    dependencies:
      "@jimp/utils" "^0.6.8"
      core-js "^2.5.7"
  
  "@jimp/plugin-scale@^0.6.8":
    version "0.6.8"
    resolved "https://registry.npm.taobao.org/@jimp/plugin-scale/download/@jimp/plugin-scale-0.6.8.tgz#5de403345859bb0b30bf3e242dedd8ceb6ecb96c"
    integrity sha1-XeQDNFhZuwswvz4kLe3YzrbsuWw=
    dependencies:
      "@jimp/utils" "^0.6.8"
      core-js "^2.5.7"
  
  "@jimp/plugins@^0.6.8":
    version "0.6.8"
    resolved "https://registry.npm.taobao.org/@jimp/plugins/download/@jimp/plugins-0.6.8.tgz?cache=0&other_urls=https%3A%2F%2Fregistry.npm.taobao.org%2F%40jimp%2Fplugins%2Fdownload%2F%40jimp%2Fplugins-0.6.8.tgz#5618170a986ced1ea795adcd9376122f2543b856"
    integrity sha1-VhgXCphs7R6nla3Nk3YSLyVDuFY=
    dependencies:
      "@jimp/plugin-blit" "^0.6.8"
      "@jimp/plugin-blur" "^0.6.8"
      "@jimp/plugin-color" "^0.6.8"
      "@jimp/plugin-contain" "^0.6.8"
      "@jimp/plugin-cover" "^0.6.8"
      "@jimp/plugin-crop" "^0.6.8"
      "@jimp/plugin-displace" "^0.6.8"
      "@jimp/plugin-dither" "^0.6.8"
      "@jimp/plugin-flip" "^0.6.8"
      "@jimp/plugin-gaussian" "^0.6.8"
      "@jimp/plugin-invert" "^0.6.8"
      "@jimp/plugin-mask" "^0.6.8"
      "@jimp/plugin-normalize" "^0.6.8"
      "@jimp/plugin-print" "^0.6.8"
      "@jimp/plugin-resize" "^0.6.8"
      "@jimp/plugin-rotate" "^0.6.8"
      "@jimp/plugin-scale" "^0.6.8"
      core-js "^2.5.7"
      timm "^1.6.1"
  
  "@jimp/png@^0.6.8":
    version "0.6.8"
    resolved "https://registry.npm.taobao.org/@jimp/png/download/@jimp/png-0.6.8.tgz#ee06cf078b381137ec7206c4bb1b4cfcbe15ca6f"
    integrity sha1-7gbPB4s4ETfscgbEuxtM/L4Vym8=
    dependencies:
      "@jimp/utils" "^0.6.8"
      core-js "^2.5.7"
      pngjs "^3.3.3"
  
  "@jimp/tiff@^0.6.8":
    version "0.6.8"
    resolved "https://registry.npm.taobao.org/@jimp/tiff/download/@jimp/tiff-0.6.8.tgz#79bd22ed435edbe29d02a2c8c9bf829f988ebacc"
    integrity sha1-eb0i7UNe2+KdAqLIyb+Cn5iOusw=
    dependencies:
      core-js "^2.5.7"
      utif "^2.0.1"
  
  "@jimp/types@^0.6.8":
    version "0.6.8"
    resolved "https://registry.npm.taobao.org/@jimp/types/download/@jimp/types-0.6.8.tgz?cache=0&other_urls=https%3A%2F%2Fregistry.npm.taobao.org%2F%40jimp%2Ftypes%2Fdownload%2F%40jimp%2Ftypes-0.6.8.tgz#4510eb635cd00b201745d70e38f791748baa7075"
    integrity sha1-RRDrY1zQCyAXRdcOOPeRdIuqcHU=
    dependencies:
      "@jimp/bmp" "^0.6.8"
      "@jimp/gif" "^0.6.8"
      "@jimp/jpeg" "^0.6.8"
      "@jimp/png" "^0.6.8"
      "@jimp/tiff" "^0.6.8"
      core-js "^2.5.7"
      timm "^1.6.1"
  
  "@jimp/utils@^0.6.8":
    version "0.6.8"
    resolved "https://registry.npm.taobao.org/@jimp/utils/download/@jimp/utils-0.6.8.tgz#09f794945631173567aa50f72ac28170de58a63d"
    integrity sha1-CfeUlFYxFzVnqlD3KsKBcN5Ypj0=
    dependencies:
      core-js "^2.5.7"
  
  "@mrmlnc/readdir-enhanced@^2.2.1":
    version "2.2.1"
    resolved "https://registry.npm.taobao.org/@mrmlnc/readdir-enhanced/download/@mrmlnc/readdir-enhanced-2.2.1.tgz#524af240d1a360527b730475ecfa1344aa540dde"
    integrity sha1-UkryQNGjYFJ7cwR17PoTRKpUDd4=
    dependencies:
      call-me-maybe "^1.0.1"
      glob-to-regexp "^0.3.0"
  
  "@nodelib/fs.scandir@2.1.3":
    version "2.1.3"
    resolved "https://registry.npm.taobao.org/@nodelib/fs.scandir/download/@nodelib/fs.scandir-2.1.3.tgz#3a582bdb53804c6ba6d146579c46e52130cf4a3b"
    integrity sha1-Olgr21OATGum0UZXnEblITDPSjs=
    dependencies:
      "@nodelib/fs.stat" "2.0.3"
      run-parallel "^1.1.9"
  
  "@nodelib/fs.stat@2.0.3", "@nodelib/fs.stat@^2.0.2":
    version "2.0.3"
    resolved "https://registry.npm.taobao.org/@nodelib/fs.stat/download/@nodelib/fs.stat-2.0.3.tgz#34dc5f4cabbc720f4e60f75a747e7ecd6c175bd3"
    integrity sha1-NNxfTKu8cg9OYPdadH5+zWwXW9M=
  
  "@nodelib/fs.stat@^1.1.2":
    version "1.1.3"
    resolved "https://registry.npm.taobao.org/@nodelib/fs.stat/download/@nodelib/fs.stat-1.1.3.tgz#2b5a3ab3f918cca48a8c754c08168e3f03eba61b"
    integrity sha1-K1o6s/kYzKSKjHVMCBaOPwPrphs=
  
  "@nodelib/fs.walk@^1.2.3":
    version "1.2.4"
    resolved "https://registry.npm.taobao.org/@nodelib/fs.walk/download/@nodelib/fs.walk-1.2.4.tgz#011b9202a70a6366e436ca5c065844528ab04976"
    integrity sha1-ARuSAqcKY2bkNspcBlhEUoqwSXY=
    dependencies:
      "@nodelib/fs.scandir" "2.1.3"
      fastq "^1.6.0"
  
  "@npmcli/move-file@^1.0.1":
    version "1.0.1"
    resolved "https://registry.npm.taobao.org/@npmcli/move-file/download/@npmcli/move-file-1.0.1.tgz#de103070dac0f48ce49cf6693c23af59c0f70464"
    integrity sha1-3hAwcNrA9IzknPZpPCOvWcD3BGQ=
    dependencies:
      mkdirp "^1.0.4"
  
  "@sindresorhus/is@^0.14.0":
    version "0.14.0"
    resolved "https://registry.npm.taobao.org/@sindresorhus/is/download/@sindresorhus/is-0.14.0.tgz#9fb3a3cf3132328151f353de4632e01e52102bea"
    integrity sha1-n7OjzzEyMoFR81PeRjLgHlIQK+o=
  
  "@sindresorhus/is@^0.7.0":
    version "0.7.0"
    resolved "https://registry.npm.taobao.org/@sindresorhus/is/download/@sindresorhus/is-0.7.0.tgz#9a06f4f137ee84d7df0460c1fdb1135ffa6c50fd"
    integrity sha1-mgb08TfuhNffBGDB/bETX/psUP0=
  
  "@sinonjs/commons@^1.7.0":
    version "1.8.1"
    resolved "https://registry.npm.taobao.org/@sinonjs/commons/download/@sinonjs/commons-1.8.1.tgz#e7df00f98a203324f6dc7cc606cad9d4a8ab2217"
    integrity sha1-598A+YogMyT23HzGBsrZ1KirIhc=
    dependencies:
      type-detect "4.0.8"
  
  "@sinonjs/fake-timers@^6.0.1":
    version "6.0.1"
    resolved "https://registry.npm.taobao.org/@sinonjs/fake-timers/download/@sinonjs/fake-timers-6.0.1.tgz#293674fccb3262ac782c7aadfdeca86b10c75c40"
    integrity sha1-KTZ0/MsyYqx4LHqt/eyoaxDHXEA=
    dependencies:
      "@sinonjs/commons" "^1.7.0"
  
  "@szmarczak/http-timer@^1.1.2":
    version "1.1.2"
    resolved "https://registry.npm.taobao.org/@szmarczak/http-timer/download/@szmarczak/http-timer-1.1.2.tgz#b1665e2c461a2cd92f4c1bbf50d5454de0d4b421"
    integrity sha1-sWZeLEYaLNkvTBu/UNVFTeDUtCE=
    dependencies:
      defer-to-connect "^1.0.1"
  
  "@types/anymatch@*":
    version "1.3.1"
    resolved "https://registry.npm.taobao.org/@types/anymatch/download/@types/anymatch-1.3.1.tgz#336badc1beecb9dacc38bea2cf32adf627a8421a"
    integrity sha1-M2utwb7sudrMOL6izzKt9ieoQho=
  
  "@types/babel__core@^7.0.0", "@types/babel__core@^7.1.7":
    version "7.1.9"
    resolved "https://registry.npm.taobao.org/@types/babel__core/download/@types/babel__core-7.1.9.tgz#77e59d438522a6fb898fa43dc3455c6e72f3963d"
    integrity sha1-d+WdQ4UipvuJj6Q9w0VcbnLzlj0=
    dependencies:
      "@babel/parser" "^7.1.0"
      "@babel/types" "^7.0.0"
      "@types/babel__generator" "*"
      "@types/babel__template" "*"
      "@types/babel__traverse" "*"
  
  "@types/babel__generator@*":
    version "7.6.1"
    resolved "https://registry.npm.taobao.org/@types/babel__generator/download/@types/babel__generator-7.6.1.tgz#4901767b397e8711aeb99df8d396d7ba7b7f0e04"
    integrity sha1-SQF2ezl+hxGuuZ3405bXunt/DgQ=
    dependencies:
      "@babel/types" "^7.0.0"
  
  "@types/babel__template@*":
    version "7.0.2"
    resolved "https://registry.npm.taobao.org/@types/babel__template/download/@types/babel__template-7.0.2.tgz#4ff63d6b52eddac1de7b975a5223ed32ecea9307"
    integrity sha1-T/Y9a1Lt2sHee5daUiPtMuzqkwc=
    dependencies:
      "@babel/parser" "^7.1.0"
      "@babel/types" "^7.0.0"
  
  "@types/babel__traverse@*", "@types/babel__traverse@^7.0.6":
    version "7.0.14"
    resolved "https://registry.npm.taobao.org/@types/babel__traverse/download/@types/babel__traverse-7.0.14.tgz?cache=0&sync_timestamp=1599597443098&other_urls=https%3A%2F%2Fregistry.npm.taobao.org%2F%40types%2Fbabel__traverse%2Fdownload%2F%40types%2Fbabel__traverse-7.0.14.tgz#e99da8c075d4fb098c774ba65dabf7dc9954bd13"
    integrity sha1-6Z2owHXU+wmMd0umXav33JlUvRM=
    dependencies:
      "@babel/types" "^7.3.0"
  
  "@types/color-name@^1.1.1":
    version "1.1.1"
    resolved "https://registry.npm.taobao.org/@types/color-name/download/@types/color-name-1.1.1.tgz#1c1261bbeaa10a8055bbc5d8ab84b7b2afc846a0"
    integrity sha1-HBJhu+qhCoBVu8XYq4S3sq/IRqA=
  
  "@types/d3-timer@^1.0.9":
    version "1.0.9"
    resolved "https://registry.npm.taobao.org/@types/d3-timer/download/@types/d3-timer-1.0.9.tgz#aed1bde0cf18920d33f5d44839d73de393633fd3"
    integrity sha1-rtG94M8Ykg0z9dRIOdc945NjP9M=
  
  "@types/debug@^4.1.5":
    version "4.1.5"
    resolved "https://registry.npm.taobao.org/@types/debug/download/@types/debug-4.1.5.tgz?cache=0&sync_timestamp=1605053058029&other_urls=https%3A%2F%2Fregistry.npm.taobao.org%2F%40types%2Fdebug%2Fdownload%2F%40types%2Fdebug-4.1.5.tgz#b14efa8852b7768d898906613c23f688713e02cd"
    integrity sha1-sU76iFK3do2JiQZhPCP2iHE+As0=
  
  "@types/fined@*":
    version "1.1.2"
    resolved "https://registry.npm.taobao.org/@types/fined/download/@types/fined-1.1.2.tgz#05d2b9f93d144855c97c18c9675f424ed01400c4"
    integrity sha1-BdK5+T0USFXJfBjJZ19CTtAUAMQ=
  
  "@types/fs-extra@^9.0.1":
    version "9.0.6"
    resolved "https://registry.npm.taobao.org/@types/fs-extra/download/@types/fs-extra-9.0.6.tgz#488e56b77299899a608b8269719c1d133027a6ab"
    integrity sha1-SI5Wt3KZiZpgi4JpcZwdEzAnpqs=
    dependencies:
      "@types/node" "*"
  
  "@types/glob@^7.1.1":
    version "7.1.3"
    resolved "https://registry.npm.taobao.org/@types/glob/download/@types/glob-7.1.3.tgz#e6ba80f36b7daad2c685acd9266382e68985c183"
    integrity sha1-5rqA82t9qtLGhazZJmOC5omFwYM=
    dependencies:
      "@types/minimatch" "*"
      "@types/node" "*"
  
  "@types/graceful-fs@^4.1.2":
    version "4.1.3"
    resolved "https://registry.npm.taobao.org/@types/graceful-fs/download/@types/graceful-fs-4.1.3.tgz#039af35fe26bec35003e8d86d2ee9c586354348f"
    integrity sha1-A5rzX+Jr7DUAPo2G0u6cWGNUNI8=
    dependencies:
      "@types/node" "*"
  
  "@types/html-minifier-terser@^5.0.0":
    version "5.1.0"
    resolved "https://registry.npm.taobao.org/@types/html-minifier-terser/download/@types/html-minifier-terser-5.1.0.tgz#551a4589b6ee2cc9c1dff08056128aec29b94880"
    integrity sha1-VRpFibbuLMnB3/CAVhKK7Cm5SIA=
  
  "@types/http-proxy@^1.17.4":
    version "1.17.4"
    resolved "https://registry.npm.taobao.org/@types/http-proxy/download/@types/http-proxy-1.17.4.tgz#e7c92e3dbe3e13aa799440ff42e6d3a17a9d045b"
    integrity sha1-58kuPb4+E6p5lED/QubToXqdBFs=
    dependencies:
      "@types/node" "*"
  
  "@types/inquirer@^6.5.0":
    version "6.5.0"
    resolved "https://registry.npm.taobao.org/@types/inquirer/download/@types/inquirer-6.5.0.tgz#b83b0bf30b88b8be7246d40e51d32fe9d10e09be"
    integrity sha1-uDsL8wuIuL5yRtQOUdMv6dEOCb4=
    dependencies:
      "@types/through" "*"
      rxjs "^6.4.0"
  
  "@types/interpret@*":
    version "1.1.1"
    resolved "https://registry.npm.taobao.org/@types/interpret/download/@types/interpret-1.1.1.tgz#b1bf85b0420e2414b989ce237658ad20dc03719b"
    integrity sha1-sb+FsEIOJBS5ic4jdlitINwDcZs=
    dependencies:
      "@types/node" "*"
  
  "@types/istanbul-lib-coverage@*", "@types/istanbul-lib-coverage@^2.0.0", "@types/istanbul-lib-coverage@^2.0.1":
    version "2.0.3"
    resolved "https://registry.npm.taobao.org/@types/istanbul-lib-coverage/download/@types/istanbul-lib-coverage-2.0.3.tgz#4ba8ddb720221f432e443bd5f9117fd22cfd4762"
    integrity sha1-S6jdtyAiH0MuRDvV+RF/0iz9R2I=
  
  "@types/istanbul-lib-report@*":
    version "3.0.0"
    resolved "https://registry.npm.taobao.org/@types/istanbul-lib-report/download/@types/istanbul-lib-report-3.0.0.tgz#c14c24f18ea8190c118ee7562b7ff99a36552686"
    integrity sha1-wUwk8Y6oGQwRjudWK3/5mjZVJoY=
    dependencies:
      "@types/istanbul-lib-coverage" "*"
  
  "@types/istanbul-reports@^3.0.0":
    version "3.0.0"
    resolved "https://registry.npm.taobao.org/@types/istanbul-reports/download/@types/istanbul-reports-3.0.0.tgz#508b13aa344fa4976234e75dddcc34925737d821"
    integrity sha1-UIsTqjRPpJdiNOdd3cw0klc32CE=
    dependencies:
      "@types/istanbul-lib-report" "*"
  
  "@types/json-schema@^7.0.5":
    version "7.0.6"
    resolved "https://registry.npm.taobao.org/@types/json-schema/download/@types/json-schema-7.0.6.tgz?cache=0&sync_timestamp=1598910652146&other_urls=https%3A%2F%2Fregistry.npm.taobao.org%2F%40types%2Fjson-schema%2Fdownload%2F%40types%2Fjson-schema-7.0.6.tgz#f4c7ec43e81b319a9815115031709f26987891f0"
    integrity sha1-9MfsQ+gbMZqYFRFQMXCfJph4kfA=
  
  "@types/json5@^0.0.29":
    version "0.0.29"
    resolved "https://registry.npm.taobao.org/@types/json5/download/@types/json5-0.0.29.tgz#ee28707ae94e11d2b827bcbe5270bcea7f3e71ee"
    integrity sha1-7ihweulOEdK4J7y+UnC86n8+ce4=
  
  "@types/liftoff@^2.5.0":
    version "2.5.0"
    resolved "https://registry.npm.taobao.org/@types/liftoff/download/@types/liftoff-2.5.0.tgz#aa5f030ae0952d1b86225f3e9f27f6d5b69714aa"
    integrity sha1-ql8DCuCVLRuGIl8+nyf21baXFKo=
    dependencies:
      "@types/fined" "*"
      "@types/interpret" "*"
      "@types/node" "*"
  
  "@types/minimatch@*":
    version "3.0.3"
    resolved "https://registry.npm.taobao.org/@types/minimatch/download/@types/minimatch-3.0.3.tgz#3dca0e3f33b200fc7d1139c0cd96c1268cadfd9d"
    integrity sha1-PcoOPzOyAPx9ETnAzZbBJoyt/Z0=
  
  "@types/node@*":
    version "14.10.2"
    resolved "https://registry.npm.taobao.org/@types/node/download/@types/node-14.10.2.tgz#9b47a2c8e4dabd4db73b57e750b24af689600514"
    integrity sha1-m0eiyOTavU23O1fnULJK9olgBRQ=
  
  "@types/node@^12.0.12":
    version "12.19.11"
    resolved "https://registry.npm.taobao.org/@types/node/download/@types/node-12.19.11.tgz?cache=0&sync_timestamp=1609347839901&other_urls=https%3A%2F%2Fregistry.npm.taobao.org%2F%40types%2Fnode%2Fdownload%2F%40types%2Fnode-12.19.11.tgz#9220ab4b20d91169eb78f456dbfcbabee89dfb50"
    integrity sha1-kiCrSyDZEWnrePRW2/y6vuid+1A=
  
  "@types/normalize-package-data@^2.4.0":
    version "2.4.0"
    resolved "https://registry.npm.taobao.org/@types/normalize-package-data/download/@types/normalize-package-data-2.4.0.tgz#e486d0d97396d79beedd0a6e33f4534ff6b4973e"
    integrity sha1-5IbQ2XOW15vu3QpuM/RTT/a0lz4=
  
  "@types/parse-json@^4.0.0":
    version "4.0.0"
    resolved "https://registry.npm.taobao.org/@types/parse-json/download/@types/parse-json-4.0.0.tgz#2f8bb441434d163b35fb8ffdccd7138927ffb8c0"
    integrity sha1-L4u0QUNNFjs1+4/9zNcTiSf/uMA=
  
  "@types/prettier@^2.0.0":
    version "2.1.1"
    resolved "https://registry.npm.taobao.org/@types/prettier/download/@types/prettier-2.1.1.tgz?cache=0&sync_timestamp=1600121645775&other_urls=https%3A%2F%2Fregistry.npm.taobao.org%2F%40types%2Fprettier%2Fdownload%2F%40types%2Fprettier-2.1.1.tgz#be148756d5480a84cde100324c03a86ae5739fb5"
    integrity sha1-vhSHVtVICoTN4QAyTAOoauVzn7U=
  
  "@types/raf@^3.4.0":
    version "3.4.0"
    resolved "https://registry.npm.taobao.org/@types/raf/download/@types/raf-3.4.0.tgz#2b72cbd55405e071f1c4d29992638e022b20acc2"
    integrity sha1-K3LL1VQF4HHxxNKZkmOOAisgrMI=
  
  "@types/source-list-map@*":
    version "0.1.2"
    resolved "https://registry.npm.taobao.org/@types/source-list-map/download/@types/source-list-map-0.1.2.tgz#0078836063ffaf17412349bba364087e0ac02ec9"
    integrity sha1-AHiDYGP/rxdBI0m7o2QIfgrALsk=
  
  "@types/stack-utils@^1.0.1":
    version "1.0.1"
    resolved "https://registry.npm.taobao.org/@types/stack-utils/download/@types/stack-utils-1.0.1.tgz#0a851d3bd96498fa25c33ab7278ed3bd65f06c3e"
    integrity sha1-CoUdO9lkmPolwzq3J47TvWXwbD4=
  
  "@types/tapable@*", "@types/tapable@^1.0.5":
    version "1.0.6"
    resolved "https://registry.npm.taobao.org/@types/tapable/download/@types/tapable-1.0.6.tgz#a9ca4b70a18b270ccb2bc0aaafefd1d486b7ea74"
    integrity sha1-qcpLcKGLJwzLK8Cqr+/R1Ia36nQ=
  
  "@types/through@*":
    version "0.0.30"
    resolved "https://registry.npm.taobao.org/@types/through/download/@types/through-0.0.30.tgz#e0e42ce77e897bd6aead6f6ea62aeb135b8a3895"
    integrity sha1-4OQs536Je9aurW9upirrE1uKOJU=
    dependencies:
      "@types/node" "*"
  
  "@types/uglify-js@*":
    version "3.9.3"
    resolved "https://registry.npm.taobao.org/@types/uglify-js/download/@types/uglify-js-3.9.3.tgz#d94ed608e295bc5424c9600e6b8565407b6b4b6b"
    integrity sha1-2U7WCOKVvFQkyWAOa4VlQHtrS2s=
    dependencies:
      source-map "^0.6.1"
  
  "@types/webpack-sources@*":
    version "1.4.2"
    resolved "https://registry.npm.taobao.org/@types/webpack-sources/download/@types/webpack-sources-1.4.2.tgz#5d3d4dea04008a779a90135ff96fb5c0c9e6292c"
    integrity sha1-XT1N6gQAineakBNf+W+1wMnmKSw=
    dependencies:
      "@types/node" "*"
      "@types/source-list-map" "*"
      source-map "^0.7.3"
  
  "@types/webpack@^4.41.8":
    version "4.41.22"
    resolved "https://registry.npm.taobao.org/@types/webpack/download/@types/webpack-4.41.22.tgz?cache=0&sync_timestamp=1599079285938&other_urls=https%3A%2F%2Fregistry.npm.taobao.org%2F%40types%2Fwebpack%2Fdownload%2F%40types%2Fwebpack-4.41.22.tgz#ff9758a17c6bd499e459b91e78539848c32d0731"
    integrity sha1-/5dYoXxr1JnkWbkeeFOYSMMtBzE=
    dependencies:
      "@types/anymatch" "*"
      "@types/node" "*"
      "@types/tapable" "*"
      "@types/uglify-js" "*"
      "@types/webpack-sources" "*"
      source-map "^0.6.0"
  
  "@types/yargs-parser@*":
    version "15.0.0"
    resolved "https://registry.npm.taobao.org/@types/yargs-parser/download/@types/yargs-parser-15.0.0.tgz#cb3f9f741869e20cce330ffbeb9271590483882d"
    integrity sha1-yz+fdBhp4gzOMw/765JxWQSDiC0=
  
  "@types/yargs@^15.0.0":
    version "15.0.5"
    resolved "https://registry.npm.taobao.org/@types/yargs/download/@types/yargs-15.0.5.tgz#947e9a6561483bdee9adffc983e91a6902af8b79"
    integrity sha1-lH6aZWFIO97prf/Jg+kaaQKvi3k=
    dependencies:
      "@types/yargs-parser" "*"
  
  "@types/yargs@^15.0.5":
    version "15.0.12"
    resolved "https://registry.npm.taobao.org/@types/yargs/download/@types/yargs-15.0.12.tgz?cache=0&sync_timestamp=1608051971555&other_urls=https%3A%2F%2Fregistry.npm.taobao.org%2F%40types%2Fyargs%2Fdownload%2F%40types%2Fyargs-15.0.12.tgz#6234ce3e3e3fa32c5db301a170f96a599c960d74"
    integrity sha1-YjTOPj4/oyxdswGhcPlqWZyWDXQ=
    dependencies:
      "@types/yargs-parser" "*"
  
  "@webassemblyjs/ast@1.9.0":
    version "1.9.0"
    resolved "https://registry.npm.taobao.org/@webassemblyjs/ast/download/@webassemblyjs/ast-1.9.0.tgz#bd850604b4042459a5a41cd7d338cbed695ed964"
    integrity sha1-vYUGBLQEJFmlpBzX0zjL7Wle2WQ=
    dependencies:
      "@webassemblyjs/helper-module-context" "1.9.0"
      "@webassemblyjs/helper-wasm-bytecode" "1.9.0"
      "@webassemblyjs/wast-parser" "1.9.0"
  
  "@webassemblyjs/floating-point-hex-parser@1.9.0":
    version "1.9.0"
    resolved "https://registry.npm.taobao.org/@webassemblyjs/floating-point-hex-parser/download/@webassemblyjs/floating-point-hex-parser-1.9.0.tgz#3c3d3b271bddfc84deb00f71344438311d52ffb4"
    integrity sha1-PD07Jxvd/ITesA9xNEQ4MR1S/7Q=
  
  "@webassemblyjs/helper-api-error@1.9.0":
    version "1.9.0"
    resolved "https://registry.npm.taobao.org/@webassemblyjs/helper-api-error/download/@webassemblyjs/helper-api-error-1.9.0.tgz#203f676e333b96c9da2eeab3ccef33c45928b6a2"
    integrity sha1-ID9nbjM7lsnaLuqzzO8zxFkotqI=
  
  "@webassemblyjs/helper-buffer@1.9.0":
    version "1.9.0"
    resolved "https://registry.npm.taobao.org/@webassemblyjs/helper-buffer/download/@webassemblyjs/helper-buffer-1.9.0.tgz#a1442d269c5feb23fcbc9ef759dac3547f29de00"
    integrity sha1-oUQtJpxf6yP8vJ73WdrDVH8p3gA=
  
  "@webassemblyjs/helper-code-frame@1.9.0":
    version "1.9.0"
    resolved "https://registry.npm.taobao.org/@webassemblyjs/helper-code-frame/download/@webassemblyjs/helper-code-frame-1.9.0.tgz#647f8892cd2043a82ac0c8c5e75c36f1d9159f27"
    integrity sha1-ZH+Iks0gQ6gqwMjF51w28dkVnyc=
    dependencies:
      "@webassemblyjs/wast-printer" "1.9.0"
  
  "@webassemblyjs/helper-fsm@1.9.0":
    version "1.9.0"
    resolved "https://registry.npm.taobao.org/@webassemblyjs/helper-fsm/download/@webassemblyjs/helper-fsm-1.9.0.tgz#c05256b71244214671f4b08ec108ad63b70eddb8"
    integrity sha1-wFJWtxJEIUZx9LCOwQitY7cO3bg=
  
  "@webassemblyjs/helper-module-context@1.9.0":
    version "1.9.0"
    resolved "https://registry.npm.taobao.org/@webassemblyjs/helper-module-context/download/@webassemblyjs/helper-module-context-1.9.0.tgz#25d8884b76839871a08a6c6f806c3979ef712f07"
    integrity sha1-JdiIS3aDmHGgimxvgGw5ee9xLwc=
    dependencies:
      "@webassemblyjs/ast" "1.9.0"
  
  "@webassemblyjs/helper-wasm-bytecode@1.9.0":
    version "1.9.0"
    resolved "https://registry.npm.taobao.org/@webassemblyjs/helper-wasm-bytecode/download/@webassemblyjs/helper-wasm-bytecode-1.9.0.tgz#4fed8beac9b8c14f8c58b70d124d549dd1fe5790"
    integrity sha1-T+2L6sm4wU+MWLcNEk1UndH+V5A=
  
  "@webassemblyjs/helper-wasm-section@1.9.0":
    version "1.9.0"
    resolved "https://registry.npm.taobao.org/@webassemblyjs/helper-wasm-section/download/@webassemblyjs/helper-wasm-section-1.9.0.tgz#5a4138d5a6292ba18b04c5ae49717e4167965346"
    integrity sha1-WkE41aYpK6GLBMWuSXF+QWeWU0Y=
    dependencies:
      "@webassemblyjs/ast" "1.9.0"
      "@webassemblyjs/helper-buffer" "1.9.0"
      "@webassemblyjs/helper-wasm-bytecode" "1.9.0"
      "@webassemblyjs/wasm-gen" "1.9.0"
  
  "@webassemblyjs/ieee754@1.9.0":
    version "1.9.0"
    resolved "https://registry.npm.taobao.org/@webassemblyjs/ieee754/download/@webassemblyjs/ieee754-1.9.0.tgz#15c7a0fbaae83fb26143bbacf6d6df1702ad39e4"
    integrity sha1-Fceg+6roP7JhQ7us9tbfFwKtOeQ=
    dependencies:
      "@xtuc/ieee754" "^1.2.0"
  
  "@webassemblyjs/leb128@1.9.0":
    version "1.9.0"
    resolved "https://registry.npm.taobao.org/@webassemblyjs/leb128/download/@webassemblyjs/leb128-1.9.0.tgz#f19ca0b76a6dc55623a09cffa769e838fa1e1c95"
    integrity sha1-8Zygt2ptxVYjoJz/p2noOPoeHJU=
    dependencies:
      "@xtuc/long" "4.2.2"
  
  "@webassemblyjs/utf8@1.9.0":
    version "1.9.0"
    resolved "https://registry.npm.taobao.org/@webassemblyjs/utf8/download/@webassemblyjs/utf8-1.9.0.tgz#04d33b636f78e6a6813227e82402f7637b6229ab"
    integrity sha1-BNM7Y2945qaBMifoJAL3Y3tiKas=
  
  "@webassemblyjs/wasm-edit@1.9.0":
    version "1.9.0"
    resolved "https://registry.npm.taobao.org/@webassemblyjs/wasm-edit/download/@webassemblyjs/wasm-edit-1.9.0.tgz#3fe6d79d3f0f922183aa86002c42dd256cfee9cf"
    integrity sha1-P+bXnT8PkiGDqoYALELdJWz+6c8=
    dependencies:
      "@webassemblyjs/ast" "1.9.0"
      "@webassemblyjs/helper-buffer" "1.9.0"
      "@webassemblyjs/helper-wasm-bytecode" "1.9.0"
      "@webassemblyjs/helper-wasm-section" "1.9.0"
      "@webassemblyjs/wasm-gen" "1.9.0"
      "@webassemblyjs/wasm-opt" "1.9.0"
      "@webassemblyjs/wasm-parser" "1.9.0"
      "@webassemblyjs/wast-printer" "1.9.0"
  
  "@webassemblyjs/wasm-gen@1.9.0":
    version "1.9.0"
    resolved "https://registry.npm.taobao.org/@webassemblyjs/wasm-gen/download/@webassemblyjs/wasm-gen-1.9.0.tgz#50bc70ec68ded8e2763b01a1418bf43491a7a49c"
    integrity sha1-ULxw7Gje2OJ2OwGhQYv0NJGnpJw=
    dependencies:
      "@webassemblyjs/ast" "1.9.0"
      "@webassemblyjs/helper-wasm-bytecode" "1.9.0"
      "@webassemblyjs/ieee754" "1.9.0"
      "@webassemblyjs/leb128" "1.9.0"
      "@webassemblyjs/utf8" "1.9.0"
  
  "@webassemblyjs/wasm-opt@1.9.0":
    version "1.9.0"
    resolved "https://registry.npm.taobao.org/@webassemblyjs/wasm-opt/download/@webassemblyjs/wasm-opt-1.9.0.tgz#2211181e5b31326443cc8112eb9f0b9028721a61"
    integrity sha1-IhEYHlsxMmRDzIES658LkChyGmE=
    dependencies:
      "@webassemblyjs/ast" "1.9.0"
      "@webassemblyjs/helper-buffer" "1.9.0"
      "@webassemblyjs/wasm-gen" "1.9.0"
      "@webassemblyjs/wasm-parser" "1.9.0"
  
  "@webassemblyjs/wasm-parser@1.9.0":
    version "1.9.0"
    resolved "https://registry.npm.taobao.org/@webassemblyjs/wasm-parser/download/@webassemblyjs/wasm-parser-1.9.0.tgz#9d48e44826df4a6598294aa6c87469d642fff65e"
    integrity sha1-nUjkSCbfSmWYKUqmyHRp1kL/9l4=
    dependencies:
      "@webassemblyjs/ast" "1.9.0"
      "@webassemblyjs/helper-api-error" "1.9.0"
      "@webassemblyjs/helper-wasm-bytecode" "1.9.0"
      "@webassemblyjs/ieee754" "1.9.0"
      "@webassemblyjs/leb128" "1.9.0"
      "@webassemblyjs/utf8" "1.9.0"
  
  "@webassemblyjs/wast-parser@1.9.0":
    version "1.9.0"
    resolved "https://registry.npm.taobao.org/@webassemblyjs/wast-parser/download/@webassemblyjs/wast-parser-1.9.0.tgz#3031115d79ac5bd261556cecc3fa90a3ef451914"
    integrity sha1-MDERXXmsW9JhVWzsw/qQo+9FGRQ=
    dependencies:
      "@webassemblyjs/ast" "1.9.0"
      "@webassemblyjs/floating-point-hex-parser" "1.9.0"
      "@webassemblyjs/helper-api-error" "1.9.0"
      "@webassemblyjs/helper-code-frame" "1.9.0"
      "@webassemblyjs/helper-fsm" "1.9.0"
      "@xtuc/long" "4.2.2"
  
  "@webassemblyjs/wast-printer@1.9.0":
    version "1.9.0"
    resolved "https://registry.npm.taobao.org/@webassemblyjs/wast-printer/download/@webassemblyjs/wast-printer-1.9.0.tgz#4935d54c85fef637b00ce9f52377451d00d47899"
    integrity sha1-STXVTIX+9jewDOn1I3dFHQDUeJk=
    dependencies:
      "@webassemblyjs/ast" "1.9.0"
      "@webassemblyjs/wast-parser" "1.9.0"
      "@xtuc/long" "4.2.2"
  
  "@xtuc/ieee754@^1.2.0":
    version "1.2.0"
    resolved "https://registry.npm.taobao.org/@xtuc/ieee754/download/@xtuc/ieee754-1.2.0.tgz#eef014a3145ae477a1cbc00cd1e552336dceb790"
    integrity sha1-7vAUoxRa5Hehy8AM0eVSM23Ot5A=
  
  "@xtuc/long@4.2.2":
    version "4.2.2"
    resolved "https://registry.npm.taobao.org/@xtuc/long/download/@xtuc/long-4.2.2.tgz#d291c6a4e97989b5c61d9acf396ae4fe133a718d"
    integrity sha1-0pHGpOl5ibXGHZrPOWrk/hM6cY0=
  
  abab@^2.0.3:
    version "2.0.5"
    resolved "https://registry.npm.taobao.org/abab/download/abab-2.0.5.tgz?cache=0&sync_timestamp=1599850271460&other_urls=https%3A%2F%2Fregistry.npm.taobao.org%2Fabab%2Fdownload%2Fabab-2.0.5.tgz#c0b678fb32d60fc1219c784d6a826fe385aeb79a"
    integrity sha1-wLZ4+zLWD8EhnHhNaoJv44Wut5o=
  
  abs-svg-path@~0.1.1:
    version "0.1.1"
    resolved "https://registry.npm.taobao.org/abs-svg-path/download/abs-svg-path-0.1.1.tgz#df601c8e8d2ba10d4a76d625e236a9a39c2723bf"
    integrity sha1-32Acjo0roQ1KdtYl4japo5wnI78=
  
  accepts@~1.3.5, accepts@~1.3.7:
    version "1.3.7"
    resolved "https://registry.npm.taobao.org/accepts/download/accepts-1.3.7.tgz#531bc726517a3b2b41f850021c6cc15eaab507cd"
    integrity sha1-UxvHJlF6OytB+FACHGzBXqq1B80=
    dependencies:
      mime-types "~2.1.24"
      negotiator "0.6.2"
  
  accessibility-developer-tools@^2.11.0:
    version "2.12.0"
    resolved "https://registry.npm.taobao.org/accessibility-developer-tools/download/accessibility-developer-tools-2.12.0.tgz#3da0cce9d6ec6373964b84f35db7cfc3df7ab514"
    integrity sha1-PaDM6dbsY3OWS4TzXbfPw996tRQ=
  
  acorn-globals@^6.0.0:
    version "6.0.0"
    resolved "https://registry.npm.taobao.org/acorn-globals/download/acorn-globals-6.0.0.tgz#46cdd39f0f8ff08a876619b55f5ac8a6dc770b45"
    integrity sha1-Rs3Tnw+P8IqHZhm1X1rIptx3C0U=
    dependencies:
      acorn "^7.1.1"
      acorn-walk "^7.1.1"
  
  acorn-jsx@^5.2.0:
    version "5.3.1"
    resolved "https://registry.npm.taobao.org/acorn-jsx/download/acorn-jsx-5.3.1.tgz?cache=0&sync_timestamp=1599499210411&other_urls=https%3A%2F%2Fregistry.npm.taobao.org%2Facorn-jsx%2Fdownload%2Facorn-jsx-5.3.1.tgz#fc8661e11b7ac1539c47dbfea2e72b3af34d267b"
    integrity sha1-/IZh4Rt6wVOcR9v+oucrOvNNJns=
  
  acorn-walk@^7.1.1:
    version "7.2.0"
    resolved "https://registry.npm.taobao.org/acorn-walk/download/acorn-walk-7.2.0.tgz?cache=0&sync_timestamp=1597235853605&other_urls=https%3A%2F%2Fregistry.npm.taobao.org%2Facorn-walk%2Fdownload%2Facorn-walk-7.2.0.tgz#0de889a601203909b0fbe07b8938dc21d2e967bc"
    integrity sha1-DeiJpgEgOQmw++B7iTjcIdLpZ7w=
  
  acorn@^6.4.1:
    version "6.4.1"
    resolved "https://registry.npm.taobao.org/acorn/download/acorn-6.4.1.tgz?cache=0&sync_timestamp=1597235733498&other_urls=https%3A%2F%2Fregistry.npm.taobao.org%2Facorn%2Fdownload%2Facorn-6.4.1.tgz#531e58ba3f51b9dacb9a6646ca4debf5b14ca474"
    integrity sha1-Ux5Yuj9RudrLmmZGyk3r9bFMpHQ=
  
  acorn@^7.1.1, acorn@^7.4.0:
    version "7.4.0"
    resolved "https://registry.npm.taobao.org/acorn/download/acorn-7.4.0.tgz?cache=0&sync_timestamp=1597235733498&other_urls=https%3A%2F%2Fregistry.npm.taobao.org%2Facorn%2Fdownload%2Facorn-7.4.0.tgz#e1ad486e6c54501634c6c397c5c121daa383607c"
    integrity sha1-4a1IbmxUUBY0xsOXxcEh2qODYHw=
  
  add-asset-html-webpack-plugin@3.1.3:
    version "3.1.3"
    resolved "https://registry.npm.taobao.org/add-asset-html-webpack-plugin/download/add-asset-html-webpack-plugin-3.1.3.tgz#bec77dc8182644a58a0eebcae7d1f9eb162dafdf"
    integrity sha1-vsd9yBgmRKWKDuvK59H56xYtr98=
    dependencies:
      globby "^9.0.0"
      micromatch "^3.1.3"
      p-each-series "^1.0.0"
  
  adler-32@~1.2.0:
    version "1.2.0"
    resolved "https://registry.npm.taobao.org/adler-32/download/adler-32-1.2.0.tgz#6a3e6bf0a63900ba15652808cb15c6813d1a5f25"
    integrity sha1-aj5r8KY5ALoVZSgIyxXGgT0aXyU=
    dependencies:
      exit-on-epipe "~1.0.1"
      printj "~1.1.0"
  
  aggregate-error@^3.0.0:
    version "3.1.0"
    resolved "https://registry.npm.taobao.org/aggregate-error/download/aggregate-error-3.1.0.tgz#92670ff50f5359bdb7a3e0d40d0ec30c5737687a"
    integrity sha1-kmcP9Q9TWb23o+DUDQ7DDFc3aHo=
    dependencies:
      clean-stack "^2.0.0"
      indent-string "^4.0.0"
  
  ajv-errors@^1.0.0:
    version "1.0.1"
    resolved "https://registry.npm.taobao.org/ajv-errors/download/ajv-errors-1.0.1.tgz#f35986aceb91afadec4102fbd85014950cefa64d"
    integrity sha1-81mGrOuRr63sQQL72FAUlQzvpk0=
  
  ajv-keywords@^3.1.0, ajv-keywords@^3.4.1, ajv-keywords@^3.5.2:
    version "3.5.2"
    resolved "https://registry.npm.taobao.org/ajv-keywords/download/ajv-keywords-3.5.2.tgz?cache=0&sync_timestamp=1595907059959&other_urls=https%3A%2F%2Fregistry.npm.taobao.org%2Fajv-keywords%2Fdownload%2Fajv-keywords-3.5.2.tgz#31f29da5ab6e00d1c2d329acf7b5929614d5014d"
    integrity sha1-MfKdpatuANHC0yms97WSlhTVAU0=
  
  ajv@^6.1.0, ajv@^6.10.0, ajv@^6.10.2, ajv@^6.12.3, ajv@^6.12.4:
    version "6.12.5"
    resolved "https://registry.npm.taobao.org/ajv/download/ajv-6.12.5.tgz?cache=0&sync_timestamp=1600180249177&other_urls=https%3A%2F%2Fregistry.npm.taobao.org%2Fajv%2Fdownload%2Fajv-6.12.5.tgz#19b0e8bae8f476e5ba666300387775fb1a00a4da"
    integrity sha1-GbDouuj0duW6ZmMAOHd1+xoApNo=
    dependencies:
      fast-deep-equal "^3.1.1"
      fast-json-stable-stringify "^2.0.0"
      json-schema-traverse "^0.4.1"
      uri-js "^4.2.2"
  
  ajv@^6.12.0:
    version "6.12.6"
    resolved "https://registry.npm.taobao.org/ajv/download/ajv-6.12.6.tgz?cache=0&sync_timestamp=1608401540246&other_urls=https%3A%2F%2Fregistry.npm.taobao.org%2Fajv%2Fdownload%2Fajv-6.12.6.tgz#baf5a62e802b07d977034586f8c3baf5adf26df4"
    integrity sha1-uvWmLoArB9l3A0WG+MO69a3ybfQ=
    dependencies:
      fast-deep-equal "^3.1.1"
      fast-json-stable-stringify "^2.0.0"
      json-schema-traverse "^0.4.1"
      uri-js "^4.2.2"
  
  ansi-align@^3.0.0:
    version "3.0.0"
    resolved "https://registry.npm.taobao.org/ansi-align/download/ansi-align-3.0.0.tgz#b536b371cf687caaef236c18d3e21fe3797467cb"
    integrity sha1-tTazcc9ofKrvI2wY0+If43l0Z8s=
    dependencies:
      string-width "^3.0.0"
  
  ansi-colors@^3.0.0:
    version "3.2.4"
    resolved "https://registry.npm.taobao.org/ansi-colors/download/ansi-colors-3.2.4.tgz#e3a3da4bfbae6c86a9c285625de124a234026fbf"
    integrity sha1-46PaS/uubIapwoViXeEkojQCb78=
  
  ansi-colors@^4.1.1:
    version "4.1.1"
    resolved "https://registry.npm.taobao.org/ansi-colors/download/ansi-colors-4.1.1.tgz#cbb9ae256bf750af1eab344f229aa27fe94ba348"
    integrity sha1-y7muJWv3UK8eqzRPIpqif+lLo0g=
  
  ansi-escapes@^4.2.1, ansi-escapes@^4.3.0:
    version "4.3.1"
    resolved "https://registry.npm.taobao.org/ansi-escapes/download/ansi-escapes-4.3.1.tgz#a5c47cc43181f1f38ffd7076837700d395522a61"
    integrity sha1-pcR8xDGB8fOP/XB2g3cA05VSKmE=
    dependencies:
      type-fest "^0.11.0"
  
  ansi-html@0.0.7:
    version "0.0.7"
    resolved "https://registry.npm.taobao.org/ansi-html/download/ansi-html-0.0.7.tgz#813584021962a9e9e6fd039f940d12f56ca7859e"
    integrity sha1-gTWEAhliqenm/QOflA0S9WynhZ4=
  
  ansi-regex@^2.0.0:
    version "2.1.1"
    resolved "https://registry.npm.taobao.org/ansi-regex/download/ansi-regex-2.1.1.tgz#c3b33ab5ee360d86e0e628f0468ae7ef27d654df"
    integrity sha1-w7M6te42DYbg5ijwRorn7yfWVN8=
  
  ansi-regex@^4.1.0:
    version "4.1.0"
    resolved "https://registry.npm.taobao.org/ansi-regex/download/ansi-regex-4.1.0.tgz#8b9f8f08cf1acb843756a839ca8c7e3168c51997"
    integrity sha1-i5+PCM8ay4Q3Vqg5yox+MWjFGZc=
  
  ansi-regex@^5.0.0:
    version "5.0.0"
    resolved "https://registry.npm.taobao.org/ansi-regex/download/ansi-regex-5.0.0.tgz#388539f55179bf39339c81af30a654d69f87cb75"
    integrity sha1-OIU59VF5vzkznIGvMKZU1p+Hy3U=
  
  ansi-styles@^2.2.1:
    version "2.2.1"
    resolved "https://registry.npm.taobao.org/ansi-styles/download/ansi-styles-2.2.1.tgz#b432dd3358b634cf75e1e4664368240533c1ddbe"
    integrity sha1-tDLdM1i2NM914eRmQ2gkBTPB3b4=
  
  ansi-styles@^3.2.0, ansi-styles@^3.2.1:
    version "3.2.1"
    resolved "https://registry.npm.taobao.org/ansi-styles/download/ansi-styles-3.2.1.tgz#41fbb20243e50b12be0f04b8dedbf07520ce841d"
    integrity sha1-QfuyAkPlCxK+DwS43tvwdSDOhB0=
    dependencies:
      color-convert "^1.9.0"
  
  ansi-styles@^4.0.0, ansi-styles@^4.1.0:
    version "4.2.1"
    resolved "https://registry.npm.taobao.org/ansi-styles/download/ansi-styles-4.2.1.tgz#90ae75c424d008d2624c5bf29ead3177ebfcf359"
    integrity sha1-kK51xCTQCNJiTFvynq0xd+v881k=
    dependencies:
      "@types/color-name" "^1.1.1"
      color-convert "^2.0.1"
  
  antd@4.6.4:
    version "4.6.4"
    resolved "https://registry.npm.taobao.org/antd/download/antd-4.6.4.tgz#297c9d1856a7745bfa4bae6aa4554498a047e244"
    integrity sha1-KXydGFandFv6S65qpFVEmKBH4kQ=
    dependencies:
      "@ant-design/colors" "^4.0.5"
      "@ant-design/css-animation" "^1.7.2"
      "@ant-design/icons" "^4.2.1"
      "@ant-design/react-slick" "~0.27.0"
      "@babel/runtime" "^7.11.2"
      array-tree-filter "^2.1.0"
      classnames "^2.2.6"
      copy-to-clipboard "^3.2.0"
      lodash "^4.17.20"
      moment "^2.25.3"
      omit.js "^2.0.2"
      raf "^3.4.1"
      rc-animate "~3.1.0"
      rc-cascader "~1.3.0"
      rc-checkbox "~2.3.0"
      rc-collapse "~2.0.0"
      rc-dialog "~8.2.1"
      rc-drawer "~4.1.0"
      rc-dropdown "~3.1.2"
      rc-field-form "~1.10.0"
      rc-image "~3.0.6"
      rc-input-number "~6.0.0"
      rc-mentions "~1.4.0"
      rc-menu "~8.6.1"
      rc-motion "^2.0.0"
      rc-notification "~4.4.0"
      rc-pagination "~3.0.3"
      rc-picker "~2.0.6"
      rc-progress "~3.1.0"
      rc-rate "~2.8.2"
      rc-resize-observer "^0.2.3"
      rc-select "~11.2.0"
      rc-slider "~9.3.0"
      rc-steps "~4.1.0"
      rc-switch "~3.2.0"
      rc-table "~7.9.2"
      rc-tabs "~11.6.0"
      rc-textarea "~0.3.0"
      rc-tooltip "~5.0.0"
      rc-tree "~3.9.0"
      rc-tree-select "~4.1.1"
      rc-trigger "~5.0.3"
      rc-upload "~3.3.1"
      rc-util "^5.1.0"
      scroll-into-view-if-needed "^2.2.25"
      warning "^4.0.3"
  
  any-base@^1.1.0:
    version "1.1.0"
    resolved "https://registry.npm.taobao.org/any-base/download/any-base-1.1.0.tgz#ae101a62bc08a597b4c9ab5b7089d456630549fe"
    integrity sha1-rhAaYrwIpZe0yatbcInUVmMFSf4=
  
  anymatch@^2.0.0:
    version "2.0.0"
    resolved "https://registry.npm.taobao.org/anymatch/download/anymatch-2.0.0.tgz#bcb24b4f37934d9aa7ac17b4adaf89e7c76ef2eb"
    integrity sha1-vLJLTzeTTZqnrBe0ra+J58du8us=
    dependencies:
      micromatch "^3.1.4"
      normalize-path "^2.1.1"
  
  anymatch@^3.0.3, anymatch@~3.1.1:
    version "3.1.1"
    resolved "https://registry.npm.taobao.org/anymatch/download/anymatch-3.1.1.tgz#c55ecf02185e2469259399310c173ce31233b142"
    integrity sha1-xV7PAhheJGklk5kxDBc84xIzsUI=
    dependencies:
      normalize-path "^3.0.0"
      picomatch "^2.0.4"
  
  app-builder-bin@3.5.10:
    version "3.5.10"
    resolved "https://registry.npm.taobao.org/app-builder-bin/download/app-builder-bin-3.5.10.tgz#4a7f9999fccc0c435b6284ae1366bc76a17c4a7d"
    integrity sha1-Sn+ZmfzMDENbYoSuE2a8dqF8Sn0=
  
  app-builder-lib@22.9.1:
    version "22.9.1"
    resolved "https://registry.npm.taobao.org/app-builder-lib/download/app-builder-lib-22.9.1.tgz?cache=0&sync_timestamp=1608108857265&other_urls=https%3A%2F%2Fregistry.npm.taobao.org%2Fapp-builder-lib%2Fdownload%2Fapp-builder-lib-22.9.1.tgz#ccb8f1a02b628514a5dfab9401fa2a976689415c"
    integrity sha1-zLjxoCtihRSl36uUAfoql2aJQVw=
    dependencies:
      "7zip-bin" "~5.0.3"
      "@develar/schema-utils" "~2.6.5"
      async-exit-hook "^2.0.1"
      bluebird-lst "^1.0.9"
      builder-util "22.9.1"
      builder-util-runtime "8.7.2"
      chromium-pickle-js "^0.2.0"
      debug "^4.3.0"
      ejs "^3.1.5"
      electron-publish "22.9.1"
      fs-extra "^9.0.1"
      hosted-git-info "^3.0.5"
      is-ci "^2.0.0"
      isbinaryfile "^4.0.6"
      js-yaml "^3.14.0"
      lazy-val "^1.0.4"
      minimatch "^3.0.4"
      normalize-package-data "^2.5.0"
      read-config-file "6.0.0"
      sanitize-filename "^1.6.3"
      semver "^7.3.2"
      temp-file "^3.3.7"
  
  aproba@^1.1.1:
    version "1.2.0"
    resolved "https://registry.npm.taobao.org/aproba/download/aproba-1.2.0.tgz#6802e6264efd18c790a1b0d517f0f2627bf2c94a"
    integrity sha1-aALmJk79GMeQobDVF/DyYnvyyUo=
  
  arch@^2.1.0:
    version "2.1.2"
    resolved "https://registry.npm.taobao.org/arch/download/arch-2.1.2.tgz#0c52bbe7344bb4fa260c443d2cbad9c00ff2f0bf"
    integrity sha1-DFK75zRLtPomDEQ9LLrZwA/y8L8=
  
  archive-type@^4.0.0:
    version "4.0.0"
    resolved "https://registry.npm.taobao.org/archive-type/download/archive-type-4.0.0.tgz#f92e72233056dfc6969472749c267bdb046b1d70"
    integrity sha1-+S5yIzBW38aWlHJ0nCZ72wRrHXA=
    dependencies:
      file-type "^4.2.0"
  
  argparse@^1.0.7:
    version "1.0.10"
    resolved "https://registry.npm.taobao.org/argparse/download/argparse-1.0.10.tgz?cache=0&sync_timestamp=1598649397806&other_urls=https%3A%2F%2Fregistry.npm.taobao.org%2Fargparse%2Fdownload%2Fargparse-1.0.10.tgz#bcd6791ea5ae09725e17e5ad988134cd40b3d911"
    integrity sha1-vNZ5HqWuCXJeF+WtmIE0zUCz2RE=
    dependencies:
      sprintf-js "~1.0.2"
  
  aria-query@^4.2.2:
    version "4.2.2"
    resolved "https://registry.npm.taobao.org/aria-query/download/aria-query-4.2.2.tgz#0d2ca6c9aceb56b8977e9fed6aed7e15bbd2f83b"
    integrity sha1-DSymyazrVriXfp/tau1+FbvS+Ds=
    dependencies:
      "@babel/runtime" "^7.10.2"
      "@babel/runtime-corejs3" "^7.10.2"
  
  arr-diff@^4.0.0:
    version "4.0.0"
    resolved "https://registry.npm.taobao.org/arr-diff/download/arr-diff-4.0.0.tgz#d6461074febfec71e7e15235761a329a5dc7c520"
    integrity sha1-1kYQdP6/7HHn4VI1dhoyml3HxSA=
  
  arr-flatten@^1.1.0:
    version "1.1.0"
    resolved "https://registry.npm.taobao.org/arr-flatten/download/arr-flatten-1.1.0.tgz#36048bbff4e7b47e136644316c99669ea5ae91f1"
    integrity sha1-NgSLv/TntH4TZkQxbJlmnqWukfE=
  
  arr-union@^3.1.0:
    version "3.1.0"
    resolved "https://registry.npm.taobao.org/arr-union/download/arr-union-3.1.0.tgz#e39b09aea9def866a8f206e288af63919bae39c4"
    integrity sha1-45sJrqne+Gao8gbiiK9jkZuuOcQ=
  
  array-each@^1.0.1:
    version "1.0.1"
    resolved "https://registry.npm.taobao.org/array-each/download/array-each-1.0.1.tgz#a794af0c05ab1752846ee753a1f211a05ba0c44f"
    integrity sha1-p5SvDAWrF1KEbudTofIRoFugxE8=
  
  array-find@^1.0.0:
    version "1.0.0"
    resolved "https://registry.npm.taobao.org/array-find/download/array-find-1.0.0.tgz#6c8e286d11ed768327f8e62ecee87353ca3e78b8"
    integrity sha1-bI4obRHtdoMn+OYuzuhzU8o+eLg=
  
  array-flatten@1.1.1:
    version "1.1.1"
    resolved "https://registry.npm.taobao.org/array-flatten/download/array-flatten-1.1.1.tgz#9a5f699051b1e7073328f2a008968b64ea2955d2"
    integrity sha1-ml9pkFGx5wczKPKgCJaLZOopVdI=
  
  array-includes@^3.1.1:
    version "3.1.1"
    resolved "https://registry.npm.taobao.org/array-includes/download/array-includes-3.1.1.tgz#cdd67e6852bdf9c1215460786732255ed2459348"
    integrity sha1-zdZ+aFK9+cEhVGB4ZzIlXtJFk0g=
    dependencies:
      define-properties "^1.1.3"
      es-abstract "^1.17.0"
      is-string "^1.0.5"
  
  array-slice@^1.0.0:
    version "1.1.0"
    resolved "https://registry.npm.taobao.org/array-slice/download/array-slice-1.1.0.tgz#e368ea15f89bc7069f7ffb89aec3a6c7d4ac22d4"
    integrity sha1-42jqFfibxwaff/uJrsOmx9SsItQ=
  
  array-tree-filter@^2.1.0:
    version "2.1.0"
    resolved "https://registry.npm.taobao.org/array-tree-filter/download/array-tree-filter-2.1.0.tgz#873ac00fec83749f255ac8dd083814b4f6329190"
    integrity sha1-hzrAD+yDdJ8lWsjdCDgUtPYykZA=
  
  array-union@^1.0.2:
    version "1.0.2"
    resolved "https://registry.npm.taobao.org/array-union/download/array-union-1.0.2.tgz#9a34410e4f4e3da23dea375be5be70f24778ec39"
    integrity sha1-mjRBDk9OPaI96jdb5b5w8kd47Dk=
    dependencies:
      array-uniq "^1.0.1"
  
  array-union@^2.1.0:
    version "2.1.0"
    resolved "https://registry.npm.taobao.org/array-union/download/array-union-2.1.0.tgz#b798420adbeb1de828d84acd8a2e23d3efe85e8d"
    integrity sha1-t5hCCtvrHego2ErNii4j0+/oXo0=
  
  array-uniq@^1.0.1:
    version "1.0.3"
    resolved "https://registry.npm.taobao.org/array-uniq/download/array-uniq-1.0.3.tgz?cache=0&sync_timestamp=1577797768340&other_urls=https%3A%2F%2Fregistry.npm.taobao.org%2Farray-uniq%2Fdownload%2Farray-uniq-1.0.3.tgz#af6ac877a25cc7f74e058894753858dfdb24fdb6"
    integrity sha1-r2rId6Jcx/dOBYiUdThY39sk/bY=
  
  array-unique@^0.3.2:
    version "0.3.2"
    resolved "https://registry.npm.taobao.org/array-unique/download/array-unique-0.3.2.tgz#a894b75d4bc4f6cd679ef3244a9fd8f46ae2d428"
    integrity sha1-qJS3XUvE9s1nnvMkSp/Y9Gri1Cg=
  
  array.prototype.flat@^1.2.3:
    version "1.2.3"
    resolved "https://registry.npm.taobao.org/array.prototype.flat/download/array.prototype.flat-1.2.3.tgz#0de82b426b0318dbfdb940089e38b043d37f6c7b"
    integrity sha1-DegrQmsDGNv9uUAInjiwQ9N/bHs=
    dependencies:
      define-properties "^1.1.3"
      es-abstract "^1.17.0-next.1"
  
  array.prototype.flatmap@^1.2.3:
    version "1.2.3"
    resolved "https://registry.npm.taobao.org/array.prototype.flatmap/download/array.prototype.flatmap-1.2.3.tgz#1c13f84a178566042dd63de4414440db9222e443"
    integrity sha1-HBP4SheFZgQt1j3kQURA25Ii5EM=
    dependencies:
      define-properties "^1.1.3"
      es-abstract "^1.17.0-next.1"
      function-bind "^1.1.1"
  
  asap@~2.0.6:
    version "2.0.6"
    resolved "https://registry.npm.taobao.org/asap/download/asap-2.0.6.tgz#e50347611d7e690943208bbdafebcbc2fb866d46"
    integrity sha1-5QNHYR1+aQlDIIu9r+vLwvuGbUY=
  
  asn1.js@^5.2.0:
    version "5.4.1"
    resolved "https://registry.npm.taobao.org/asn1.js/download/asn1.js-5.4.1.tgz#11a980b84ebb91781ce35b0fdc2ee294e3783f07"
    integrity sha1-EamAuE67kXgc41sP3C7ilON4Pwc=
    dependencies:
      bn.js "^4.0.0"
      inherits "^2.0.1"
      minimalistic-assert "^1.0.0"
      safer-buffer "^2.1.0"
  
  asn1@~0.2.3:
    version "0.2.4"
    resolved "https://registry.npm.taobao.org/asn1/download/asn1-0.2.4.tgz#8d2475dfab553bb33e77b54e59e880bb8ce23136"
    integrity sha1-jSR136tVO7M+d7VOWeiAu4ziMTY=
    dependencies:
      safer-buffer "~2.1.0"
  
  assert-plus@1.0.0, assert-plus@^1.0.0:
    version "1.0.0"
    resolved "https://registry.npm.taobao.org/assert-plus/download/assert-plus-1.0.0.tgz#f12e0f3c5d77b0b1cdd9146942e4e96c1e4dd525"
    integrity sha1-8S4PPF13sLHN2RRpQuTpbB5N1SU=
  
  assert@^1.1.1:
    version "1.5.0"
    resolved "https://registry.npm.taobao.org/assert/download/assert-1.5.0.tgz#55c109aaf6e0aefdb3dc4b71240c70bf574b18eb"
    integrity sha1-VcEJqvbgrv2z3EtxJAxwv1dLGOs=
    dependencies:
      object-assign "^4.1.1"
      util "0.10.3"
  
  assign-symbols@^1.0.0:
    version "1.0.0"
    resolved "https://registry.npm.taobao.org/assign-symbols/download/assign-symbols-1.0.0.tgz#59667f41fadd4f20ccbc2bb96b8d4f7f78ec0367"
    integrity sha1-WWZ/QfrdTyDMvCu5a41Pf3jsA2c=
  
  ast-types-flow@^0.0.7:
    version "0.0.7"
    resolved "https://registry.npm.taobao.org/ast-types-flow/download/ast-types-flow-0.0.7.tgz#f70b735c6bca1a5c9c22d982c3e39e7feba3bdad"
    integrity sha1-9wtzXGvKGlycItmCw+Oef+ujva0=
  
  astral-regex@^1.0.0:
    version "1.0.0"
    resolved "https://registry.npm.taobao.org/astral-regex/download/astral-regex-1.0.0.tgz#6c8c3fb827dd43ee3918f27b82782ab7658a6fd9"
    integrity sha1-bIw/uCfdQ+45GPJ7gngqt2WKb9k=
  
  astral-regex@^2.0.0:
    version "2.0.0"
    resolved "https://registry.npm.taobao.org/astral-regex/download/astral-regex-2.0.0.tgz#483143c567aeed4785759c0865786dc77d7d2e31"
    integrity sha1-SDFDxWeu7UeFdZwIZXhtx319LjE=
  
  async-each@^1.0.1:
    version "1.0.3"
    resolved "https://registry.npm.taobao.org/async-each/download/async-each-1.0.3.tgz#b727dbf87d7651602f06f4d4ac387f47d91b0cbf"
    integrity sha1-tyfb+H12UWAvBvTUrDh/R9kbDL8=
  
  async-exit-hook@^2.0.1:
    version "2.0.1"
    resolved "https://registry.npm.taobao.org/async-exit-hook/download/async-exit-hook-2.0.1.tgz#8bd8b024b0ec9b1c01cccb9af9db29bd717dfaf3"
    integrity sha1-i9iwJLDsmxwBzMua+dspvXF9+vM=
  
  async-validator@^3.0.3:
    version "3.4.0"
    resolved "https://registry.npm.taobao.org/async-validator/download/async-validator-3.4.0.tgz?cache=0&sync_timestamp=1596623594706&other_urls=https%3A%2F%2Fregistry.npm.taobao.org%2Fasync-validator%2Fdownload%2Fasync-validator-3.4.0.tgz#871b3e594124bf4c4eb7bcd1a9e78b44f3b09cae"
    integrity sha1-hxs+WUEkv0xOt7zRqeeLRPOwnK4=
  
  async@0.9.x:
    version "0.9.2"
    resolved "https://registry.npm.taobao.org/async/download/async-0.9.2.tgz#aea74d5e61c1f899613bf64bda66d4c78f2fd17d"
    integrity sha1-rqdNXmHB+JlhO/ZL2mbUx48v0X0=
  
  asynckit@^0.4.0:
    version "0.4.0"
    resolved "https://registry.npm.taobao.org/asynckit/download/asynckit-0.4.0.tgz#c79ed97f7f34cb8f2ba1bc9790bcc366474b4b79"
    integrity sha1-x57Zf380y48robyXkLzDZkdLS3k=
  
  at-least-node@^1.0.0:
    version "1.0.0"
    resolved "https://registry.npm.taobao.org/at-least-node/download/at-least-node-1.0.0.tgz#602cd4b46e844ad4effc92a8011a3c46e0238dc2"
    integrity sha1-YCzUtG6EStTv/JKoARo8RuAjjcI=
  
  atob@^2.1.2:
    version "2.1.2"
    resolved "https://registry.npm.taobao.org/atob/download/atob-2.1.2.tgz#6d9517eb9e030d2436666651e86bd9f6f13533c9"
    integrity sha1-bZUX654DDSQ2ZmZR6GvZ9vE1M8k=
  
  aws-sign2@~0.7.0:
    version "0.7.0"
    resolved "https://registry.npm.taobao.org/aws-sign2/download/aws-sign2-0.7.0.tgz#b46e890934a9591f2d2f6f86d7e6a9f1b3fe76a8"
    integrity sha1-tG6JCTSpWR8tL2+G1+ap8bP+dqg=
  
  aws4@^1.8.0:
    version "1.10.1"
    resolved "https://registry.npm.taobao.org/aws4/download/aws4-1.10.1.tgz?cache=0&sync_timestamp=1597237013644&other_urls=https%3A%2F%2Fregistry.npm.taobao.org%2Faws4%2Fdownload%2Faws4-1.10.1.tgz#e1e82e4f3e999e2cfd61b161280d16a111f86428"
    integrity sha1-4eguTz6Zniz9YbFhKA0WoRH4ZCg=
  
  axe-core@^3.5.4:
    version "3.5.5"
    resolved "https://registry.npm.taobao.org/axe-core/download/axe-core-3.5.5.tgz#84315073b53fa3c0c51676c588d59da09a192227"
    integrity sha1-hDFQc7U/o8DFFnbFiNWdoJoZIic=
  
  axobject-query@^2.1.2:
    version "2.2.0"
    resolved "https://registry.npm.taobao.org/axobject-query/download/axobject-query-2.2.0.tgz#943d47e10c0b704aa42275e20edf3722648989be"
    integrity sha1-lD1H4QwLcEqkInXiDt83ImSJib4=
  
  babel-core@7.0.0-bridge.0:
    version "7.0.0-bridge.0"
    resolved "https://registry.npm.taobao.org/babel-core/download/babel-core-7.0.0-bridge.0.tgz#95a492ddd90f9b4e9a4a1da14eb335b87b634ece"
    integrity sha1-laSS3dkPm06aSh2hTrM1uHtjTs4=
  
  babel-eslint@10.1.0:
    version "10.1.0"
    resolved "https://registry.npm.taobao.org/babel-eslint/download/babel-eslint-10.1.0.tgz#6968e568a910b78fb3779cdd8b6ac2f479943232"
    integrity sha1-aWjlaKkQt4+zd5zdi2rC9HmUMjI=
    dependencies:
      "@babel/code-frame" "^7.0.0"
      "@babel/parser" "^7.7.0"
      "@babel/traverse" "^7.7.0"
      "@babel/types" "^7.7.0"
      eslint-visitor-keys "^1.0.0"
      resolve "^1.12.0"
  
  babel-jest@26.3.0, babel-jest@^26.3.0:
    version "26.3.0"
    resolved "https://registry.npm.taobao.org/babel-jest/download/babel-jest-26.3.0.tgz#10d0ca4b529ca3e7d1417855ef7d7bd6fc0c3463"
    integrity sha1-ENDKS1Kco+fRQXhV73171vwMNGM=
    dependencies:
      "@jest/transform" "^26.3.0"
      "@jest/types" "^26.3.0"
      "@types/babel__core" "^7.1.7"
      babel-plugin-istanbul "^6.0.0"
      babel-preset-jest "^26.3.0"
      chalk "^4.0.0"
      graceful-fs "^4.2.4"
      slash "^3.0.0"
  
  babel-loader@8.1.0:
    version "8.1.0"
    resolved "https://registry.npm.taobao.org/babel-loader/download/babel-loader-8.1.0.tgz#c611d5112bd5209abe8b9fa84c3e4da25275f1c3"
    integrity sha1-xhHVESvVIJq+i5+oTD5NolJ18cM=
    dependencies:
      find-cache-dir "^2.1.0"
      loader-utils "^1.4.0"
      mkdirp "^0.5.3"
      pify "^4.0.1"
      schema-utils "^2.6.5"
  
  babel-plugin-dynamic-import-node@2.3.3, babel-plugin-dynamic-import-node@^2.3.3:
    version "2.3.3"
    resolved "https://registry.npm.taobao.org/babel-plugin-dynamic-import-node/download/babel-plugin-dynamic-import-node-2.3.3.tgz#84fda19c976ec5c6defef57f9427b3def66e17a3"
    integrity sha1-hP2hnJduxcbe/vV/lCez3vZuF6M=
    dependencies:
      object.assign "^4.1.0"
  
  babel-plugin-import@1.13.0:
    version "1.13.0"
    resolved "https://registry.npm.taobao.org/babel-plugin-import/download/babel-plugin-import-1.13.0.tgz#c532fd533df9db53b47d4d4db3676090fc5c07a5"
    integrity sha1-xTL9Uz3521O0fU1Ns2dgkPxcB6U=
    dependencies:
      "@babel/helper-module-imports" "^7.0.0"
      "@babel/runtime" "^7.0.0"
  
  babel-plugin-istanbul@^6.0.0:
    version "6.0.0"
    resolved "https://registry.npm.taobao.org/babel-plugin-istanbul/download/babel-plugin-istanbul-6.0.0.tgz#e159ccdc9af95e0b570c75b4573b7c34d671d765"
    integrity sha1-4VnM3Jr5XgtXDHW0Vzt8NNZx12U=
    dependencies:
      "@babel/helper-plugin-utils" "^7.0.0"
      "@istanbuljs/load-nyc-config" "^1.0.0"
      "@istanbuljs/schema" "^0.1.2"
      istanbul-lib-instrument "^4.0.0"
      test-exclude "^6.0.0"
  
  babel-plugin-jest-hoist@^26.2.0:
    version "26.2.0"
    resolved "https://registry.npm.taobao.org/babel-plugin-jest-hoist/download/babel-plugin-jest-hoist-26.2.0.tgz?cache=0&sync_timestamp=1596103992606&other_urls=https%3A%2F%2Fregistry.npm.taobao.org%2Fbabel-plugin-jest-hoist%2Fdownload%2Fbabel-plugin-jest-hoist-26.2.0.tgz#bdd0011df0d3d513e5e95f76bd53b51147aca2dd"
    integrity sha1-vdABHfDT1RPl6V92vVO1EUesot0=
    dependencies:
      "@babel/template" "^7.3.3"
      "@babel/types" "^7.3.3"
      "@types/babel__core" "^7.0.0"
      "@types/babel__traverse" "^7.0.6"
  
  babel-plugin-lodash@3.3.4:
    version "3.3.4"
    resolved "https://registry.npm.taobao.org/babel-plugin-lodash/download/babel-plugin-lodash-3.3.4.tgz#4f6844358a1340baed182adbeffa8df9967bc196"
    integrity sha1-T2hENYoTQLrtGCrb7/qN+ZZ7wZY=
    dependencies:
      "@babel/helper-module-imports" "^7.0.0-beta.49"
      "@babel/types" "^7.0.0-beta.49"
      glob "^7.1.1"
      lodash "^4.17.10"
      require-package-name "^2.0.1"
  
  "babel-plugin-styled-components@>= 1":
    version "1.11.1"
    resolved "https://registry.npm.taobao.org/babel-plugin-styled-components/download/babel-plugin-styled-components-1.11.1.tgz#5296a9e557d736c3186be079fff27c6665d63d76"
    integrity sha1-Upap5VfXNsMYa+B5//J8ZmXWPXY=
    dependencies:
      "@babel/helper-annotate-as-pure" "^7.0.0"
      "@babel/helper-module-imports" "^7.0.0"
      babel-plugin-syntax-jsx "^6.18.0"
      lodash "^4.17.11"
  
  babel-plugin-syntax-jsx@^6.18.0:
    version "6.18.0"
    resolved "https://registry.npm.taobao.org/babel-plugin-syntax-jsx/download/babel-plugin-syntax-jsx-6.18.0.tgz#0af32a9a6e13ca7a3fd5069e62d7b0f58d0d8946"
    integrity sha1-CvMqmm4Tyno/1QaeYtew9Y0NiUY=
  
  babel-plugin-transform-react-remove-prop-types@0.4.24:
    version "0.4.24"
    resolved "https://registry.npm.taobao.org/babel-plugin-transform-react-remove-prop-types/download/babel-plugin-transform-react-remove-prop-types-0.4.24.tgz#f2edaf9b4c6a5fbe5c1d678bfb531078c1555f3a"
    integrity sha1-8u2vm0xqX75cHWeL+1MQeMFVXzo=
  
  babel-preset-current-node-syntax@^0.1.3:
    version "0.1.3"
    resolved "https://registry.npm.taobao.org/babel-preset-current-node-syntax/download/babel-preset-current-node-syntax-0.1.3.tgz#b4b547acddbf963cba555ba9f9cbbb70bfd044da"
    integrity sha1-tLVHrN2/ljy6VVup+cu7cL/QRNo=
    dependencies:
      "@babel/plugin-syntax-async-generators" "^7.8.4"
      "@babel/plugin-syntax-bigint" "^7.8.3"
      "@babel/plugin-syntax-class-properties" "^7.8.3"
      "@babel/plugin-syntax-import-meta" "^7.8.3"
      "@babel/plugin-syntax-json-strings" "^7.8.3"
      "@babel/plugin-syntax-logical-assignment-operators" "^7.8.3"
      "@babel/plugin-syntax-nullish-coalescing-operator" "^7.8.3"
      "@babel/plugin-syntax-numeric-separator" "^7.8.3"
      "@babel/plugin-syntax-object-rest-spread" "^7.8.3"
      "@babel/plugin-syntax-optional-catch-binding" "^7.8.3"
      "@babel/plugin-syntax-optional-chaining" "^7.8.3"
  
  babel-preset-jest@^26.3.0:
    version "26.3.0"
    resolved "https://registry.npm.taobao.org/babel-preset-jest/download/babel-preset-jest-26.3.0.tgz?cache=0&sync_timestamp=1597057408091&other_urls=https%3A%2F%2Fregistry.npm.taobao.org%2Fbabel-preset-jest%2Fdownload%2Fbabel-preset-jest-26.3.0.tgz#ed6344506225c065fd8a0b53e191986f74890776"
    integrity sha1-7WNEUGIlwGX9igtT4ZGYb3SJB3Y=
    dependencies:
      babel-plugin-jest-hoist "^26.2.0"
      babel-preset-current-node-syntax "^0.1.3"
  
  balanced-match@^1.0.0:
    version "1.0.0"
    resolved "https://registry.npm.taobao.org/balanced-match/download/balanced-match-1.0.0.tgz#89b4d199ab2bee49de164ea02b89ce462d71b767"
    integrity sha1-ibTRmasr7kneFk6gK4nORi1xt2c=
  
  base64-arraybuffer@^0.2.0:
    version "0.2.0"
    resolved "https://registry.npm.taobao.org/base64-arraybuffer/download/base64-arraybuffer-0.2.0.tgz#4b944fac0191aa5907afe2d8c999ccc57ce80f45"
    integrity sha1-S5RPrAGRqlkHr+LYyZnMxXzoD0U=
  
  base64-js@1.3.1, base64-js@^1.0.2:
    version "1.3.1"
    resolved "https://registry.npm.taobao.org/base64-js/download/base64-js-1.3.1.tgz#58ece8cb75dd07e71ed08c736abc5fac4dbf8df1"
    integrity sha1-WOzoy3XdB+ce0IxzarxfrE2/jfE=
  
  base@^0.11.1:
    version "0.11.2"
    resolved "https://registry.npm.taobao.org/base/download/base-0.11.2.tgz#7bde5ced145b6d551a90db87f83c558b4eb48a8f"
    integrity sha1-e95c7RRbbVUakNuH+DxVi060io8=
    dependencies:
      cache-base "^1.0.1"
      class-utils "^0.3.5"
      component-emitter "^1.2.1"
      define-property "^1.0.0"
      isobject "^3.0.1"
      mixin-deep "^1.2.0"
      pascalcase "^0.1.1"
  
  bcrypt-pbkdf@^1.0.0:
    version "1.0.2"
    resolved "https://registry.npm.taobao.org/bcrypt-pbkdf/download/bcrypt-pbkdf-1.0.2.tgz#a4301d389b6a43f9b67ff3ca11a3f6637e360e9e"
    integrity sha1-pDAdOJtqQ/m2f/PKEaP2Y342Dp4=
    dependencies:
      tweetnacl "^0.14.3"
  
  big.js@^3.1.3:
    version "3.2.0"
    resolved "https://registry.npm.taobao.org/big.js/download/big.js-3.2.0.tgz#a5fc298b81b9e0dca2e458824784b65c52ba588e"
    integrity sha1-pfwpi4G54Nyi5FiCR4S2XFK6WI4=
  
  big.js@^5.2.2:
    version "5.2.2"
    resolved "https://registry.npm.taobao.org/big.js/download/big.js-5.2.2.tgz#65f0af382f578bcdc742bd9c281e9cb2d7768328"
    integrity sha1-ZfCvOC9Xi83HQr2cKB6cstd2gyg=
  
  bin-check@^4.1.0:
    version "4.1.0"
    resolved "https://registry.npm.taobao.org/bin-check/download/bin-check-4.1.0.tgz#fc495970bdc88bb1d5a35fc17e65c4a149fc4a49"
    integrity sha1-/ElZcL3Ii7HVo1/BfmXEoUn8Skk=
    dependencies:
      execa "^0.7.0"
      executable "^4.1.0"
  
  bin-version-check@^4.0.0:
    version "4.0.0"
    resolved "https://registry.npm.taobao.org/bin-version-check/download/bin-version-check-4.0.0.tgz#7d819c62496991f80d893e6e02a3032361608f71"
    integrity sha1-fYGcYklpkfgNiT5uAqMDI2Fgj3E=
    dependencies:
      bin-version "^3.0.0"
      semver "^5.6.0"
      semver-truncate "^1.1.2"
  
  bin-version@^3.0.0:
    version "3.1.0"
    resolved "https://registry.npm.taobao.org/bin-version/download/bin-version-3.1.0.tgz#5b09eb280752b1bd28f0c9db3f96f2f43b6c0839"
    integrity sha1-WwnrKAdSsb0o8MnbP5by9DtsCDk=
    dependencies:
      execa "^1.0.0"
      find-versions "^3.0.0"
  
  "bin-wrapper-china@npm:bin-wrapper-china", "bin-wrapper@npm:bin-wrapper-china":
    version "0.1.0"
    resolved "https://registry.npm.taobao.org/bin-wrapper-china/download/bin-wrapper-china-0.1.0.tgz#c2ec95b4d0eaef6ed5ad10954f9227d8e5ef3725"
    integrity sha1-wuyVtNDq727VrRCVT5In2OXvNyU=
    dependencies:
      bin-check "^4.1.0"
      bin-version-check "^4.0.0"
      binary-mirror-config "^1"
      download "^7.1.0"
      import-lazy "^4.0.0"
      os-filter-obj "^2.0.0"
      pify "^4.0.1"
  
  binary-extensions@^1.0.0:
    version "1.13.1"
    resolved "https://registry.npm.taobao.org/binary-extensions/download/binary-extensions-1.13.1.tgz#598afe54755b2868a5330d2aff9d4ebb53209b65"
    integrity sha1-WYr+VHVbKGilMw0q/51Ou1Mgm2U=
  
  binary-extensions@^2.0.0:
    version "2.1.0"
    resolved "https://registry.npm.taobao.org/binary-extensions/download/binary-extensions-2.1.0.tgz#30fa40c9e7fe07dbc895678cd287024dea241dd9"
    integrity sha1-MPpAyef+B9vIlWeM0ocCTeokHdk=
  
  binary-mirror-config@^1:
    version "1.27.0"
    resolved "https://registry.npm.taobao.org/binary-mirror-config/download/binary-mirror-config-1.27.0.tgz?cache=0&sync_timestamp=1598346125743&other_urls=https%3A%2F%2Fregistry.npm.taobao.org%2Fbinary-mirror-config%2Fdownload%2Fbinary-mirror-config-1.27.0.tgz#646732fbeed839fb84ee67dcaa21cbf085a658d5"
    integrity sha1-ZGcy++7YOfuE7mfcqiHL8IWmWNU=
  
  bindings@^1.5.0:
    version "1.5.0"
    resolved "https://registry.npm.taobao.org/bindings/download/bindings-1.5.0.tgz#10353c9e945334bc0511a6d90b38fbc7c9c504df"
    integrity sha1-EDU8npRTNLwFEabZCzj7x8nFBN8=
    dependencies:
      file-uri-to-path "1.0.0"
  
  bizcharts@4.0.14:
    version "4.0.14"
    resolved "https://registry.npm.taobao.org/bizcharts/download/bizcharts-4.0.14.tgz#2e431c1fe373d60ffbe3d36ef73a15b6bcc291e8"
    integrity sha1-LkMcH+Nz1g/749Nu9zoVtrzCkeg=
    dependencies:
      "@antv/component" "^0.7.2"
      "@antv/g2" "4.0.15"
      "@antv/g2plot" "1.1.23"
      "@antv/util" "^2.0.5"
      d3-color "^1.4.1"
      react-reconciler "^0.25.1"
      resize-observer-polyfill "^1.5.1"
      simple-statistics "^7.1.0"
      warning "^4.0.3"
  
  bl@^1.0.0:
    version "1.2.3"
    resolved "https://registry.npm.taobao.org/bl/download/bl-1.2.3.tgz?cache=0&sync_timestamp=1599194100097&other_urls=https%3A%2F%2Fregistry.npm.taobao.org%2Fbl%2Fdownload%2Fbl-1.2.3.tgz#1e8dd80142eac80d7158c9dccc047fb620e035e7"
    integrity sha1-Ho3YAULqyA1xWMnczAR/tiDgNec=
    dependencies:
      readable-stream "^2.3.5"
      safe-buffer "^5.1.1"
  
  bluebird-lst@^1.0.9:
    version "1.0.9"
    resolved "https://registry.npm.taobao.org/bluebird-lst/download/bluebird-lst-1.0.9.tgz#a64a0e4365658b9ab5fe875eb9dfb694189bb41c"
    integrity sha1-pkoOQ2Vli5q1/odeud+2lBibtBw=
    dependencies:
      bluebird "^3.5.5"
  
  bluebird@^3.5.5:
    version "3.7.2"
    resolved "https://registry.npm.taobao.org/bluebird/download/bluebird-3.7.2.tgz#9f229c15be272454ffa973ace0dbee79a1b0c36f"
    integrity sha1-nyKcFb4nJFT/qXOs4NvueaGww28=
  
  bmp-js@^0.1.0:
    version "0.1.0"
    resolved "https://registry.npm.taobao.org/bmp-js/download/bmp-js-0.1.0.tgz#e05a63f796a6c1ff25f4771ec7adadc148c07233"
    integrity sha1-4Fpj95amwf8l9Hcex62twUjAcjM=
  
  bn.js@^4.0.0, bn.js@^4.1.0, bn.js@^4.4.0:
    version "4.11.9"
    resolved "https://registry.npm.taobao.org/bn.js/download/bn.js-4.11.9.tgz#26d556829458f9d1e81fc48952493d0ba3507828"
    integrity sha1-JtVWgpRY+dHoH8SJUkk9C6NQeCg=
  
  bn.js@^5.1.1:
    version "5.1.3"
    resolved "https://registry.npm.taobao.org/bn.js/download/bn.js-5.1.3.tgz#beca005408f642ebebea80b042b4d18d2ac0ee6b"
    integrity sha1-vsoAVAj2Quvr6oCwQrTRjSrA7ms=
  
  body-parser@1.19.0:
    version "1.19.0"
    resolved "https://registry.npm.taobao.org/body-parser/download/body-parser-1.19.0.tgz#96b2709e57c9c4e09a6fd66a8fd979844f69f08a"
    integrity sha1-lrJwnlfJxOCab9Zqj9l5hE9p8Io=
    dependencies:
      bytes "3.1.0"
      content-type "~1.0.4"
      debug "2.6.9"
      depd "~1.1.2"
      http-errors "1.7.2"
      iconv-lite "0.4.24"
      on-finished "~2.3.0"
      qs "6.7.0"
      raw-body "2.4.0"
      type-is "~1.6.17"
  
  boolbase@~1.0.0:
    version "1.0.0"
    resolved "https://registry.npm.taobao.org/boolbase/download/boolbase-1.0.0.tgz#68dff5fbe60c51eb37725ea9e3ed310dcc1e776e"
    integrity sha1-aN/1++YMUes3cl6p4+0xDcwed24=
  
  boolean@^3.0.1:
    version "3.0.2"
    resolved "https://registry.npm.taobao.org/boolean/download/boolean-3.0.2.tgz#df1baa18b6a2b0e70840475e1d93ec8fe75b2570"
    integrity sha1-3xuqGLaisOcIQEdeHZPsj+dbJXA=
  
  boxen@^4.2.0:
    version "4.2.0"
    resolved "https://registry.npm.taobao.org/boxen/download/boxen-4.2.0.tgz?cache=0&sync_timestamp=1609220977616&other_urls=https%3A%2F%2Fregistry.npm.taobao.org%2Fboxen%2Fdownload%2Fboxen-4.2.0.tgz#e411b62357d6d6d36587c8ac3d5d974daa070e64"
    integrity sha1-5BG2I1fW1tNlh8isPV2XTaoHDmQ=
    dependencies:
      ansi-align "^3.0.0"
      camelcase "^5.3.1"
      chalk "^3.0.0"
      cli-boxes "^2.2.0"
      string-width "^4.1.0"
      term-size "^2.1.0"
      type-fest "^0.8.1"
      widest-line "^3.1.0"
  
  brace-expansion@^1.1.7:
    version "1.1.11"
    resolved "https://registry.npm.taobao.org/brace-expansion/download/brace-expansion-1.1.11.tgz#3c7fcbf529d87226f3d2f52b966ff5271eb441dd"
    integrity sha1-PH/L9SnYcibz0vUrlm/1Jx60Qd0=
    dependencies:
      balanced-match "^1.0.0"
      concat-map "0.0.1"
  
  braces@^2.3.1, braces@^2.3.2:
    version "2.3.2"
    resolved "https://registry.npm.taobao.org/braces/download/braces-2.3.2.tgz#5979fd3f14cd531565e5fa2df1abfff1dfaee729"
    integrity sha1-WXn9PxTNUxVl5fot8av/8d+u5yk=
    dependencies:
      arr-flatten "^1.1.0"
      array-unique "^0.3.2"
      extend-shallow "^2.0.1"
      fill-range "^4.0.0"
      isobject "^3.0.1"
      repeat-element "^1.1.2"
      snapdragon "^0.8.1"
      snapdragon-node "^2.0.1"
      split-string "^3.0.2"
      to-regex "^3.0.1"
  
  braces@^3.0.1, braces@~3.0.2:
    version "3.0.2"
    resolved "https://registry.npm.taobao.org/braces/download/braces-3.0.2.tgz#3454e1a462ee8d599e236df336cd9ea4f8afe107"
    integrity sha1-NFThpGLujVmeI23zNs2epPiv4Qc=
    dependencies:
      fill-range "^7.0.1"
  
  brorand@^1.0.1:
    version "1.1.0"
    resolved "https://registry.npm.taobao.org/brorand/download/brorand-1.1.0.tgz#12c25efe40a45e3c323eb8675a0a0ce57b22371f"
    integrity sha1-EsJe/kCkXjwyPrhnWgoM5XsiNx8=
  
  browser-process-hrtime@^1.0.0:
    version "1.0.0"
    resolved "https://registry.npm.taobao.org/browser-process-hrtime/download/browser-process-hrtime-1.0.0.tgz#3c9b4b7d782c8121e56f10106d84c0d0ffc94626"
    integrity sha1-PJtLfXgsgSHlbxAQbYTA0P/JRiY=
  
  browserify-aes@^1.0.0, browserify-aes@^1.0.4:
    version "1.2.0"
    resolved "https://registry.npm.taobao.org/browserify-aes/download/browserify-aes-1.2.0.tgz#326734642f403dabc3003209853bb70ad428ef48"
    integrity sha1-Mmc0ZC9APavDADIJhTu3CtQo70g=
    dependencies:
      buffer-xor "^1.0.3"
      cipher-base "^1.0.0"
      create-hash "^1.1.0"
      evp_bytestokey "^1.0.3"
      inherits "^2.0.1"
      safe-buffer "^5.0.1"
  
  browserify-cipher@^1.0.0:
    version "1.0.1"
    resolved "https://registry.npm.taobao.org/browserify-cipher/download/browserify-cipher-1.0.1.tgz#8d6474c1b870bfdabcd3bcfcc1934a10e94f15f0"
    integrity sha1-jWR0wbhwv9q807z8wZNKEOlPFfA=
    dependencies:
      browserify-aes "^1.0.4"
      browserify-des "^1.0.0"
      evp_bytestokey "^1.0.0"
  
  browserify-des@^1.0.0:
    version "1.0.2"
    resolved "https://registry.npm.taobao.org/browserify-des/download/browserify-des-1.0.2.tgz#3af4f1f59839403572f1c66204375f7a7f703e9c"
    integrity sha1-OvTx9Zg5QDVy8cZiBDdfen9wPpw=
    dependencies:
      cipher-base "^1.0.1"
      des.js "^1.0.0"
      inherits "^2.0.1"
      safe-buffer "^5.1.2"
  
  browserify-rsa@^4.0.0, browserify-rsa@^4.0.1:
    version "4.0.1"
    resolved "https://registry.npm.taobao.org/browserify-rsa/download/browserify-rsa-4.0.1.tgz#21e0abfaf6f2029cf2fafb133567a701d4135524"
    integrity sha1-IeCr+vbyApzy+vsTNWenAdQTVSQ=
    dependencies:
      bn.js "^4.1.0"
      randombytes "^2.0.1"
  
  browserify-sign@^4.0.0:
    version "4.2.1"
    resolved "https://registry.npm.taobao.org/browserify-sign/download/browserify-sign-4.2.1.tgz?cache=0&sync_timestamp=1596557839950&other_urls=https%3A%2F%2Fregistry.npm.taobao.org%2Fbrowserify-sign%2Fdownload%2Fbrowserify-sign-4.2.1.tgz#eaf4add46dd54be3bb3b36c0cf15abbeba7956c3"
    integrity sha1-6vSt1G3VS+O7OzbAzxWrvrp5VsM=
    dependencies:
      bn.js "^5.1.1"
      browserify-rsa "^4.0.1"
      create-hash "^1.2.0"
      create-hmac "^1.1.7"
      elliptic "^6.5.3"
      inherits "^2.0.4"
      parse-asn1 "^5.1.5"
      readable-stream "^3.6.0"
      safe-buffer "^5.2.0"
  
  browserify-zlib@^0.2.0:
    version "0.2.0"
    resolved "https://registry.npm.taobao.org/browserify-zlib/download/browserify-zlib-0.2.0.tgz#2869459d9aa3be245fe8fe2ca1f46e2e7f54d73f"
    integrity sha1-KGlFnZqjviRf6P4sofRuLn9U1z8=
    dependencies:
      pako "~1.0.5"
  
  browserslist@^4.12.0, browserslist@^4.8.5:
    version "4.14.2"
    resolved "https://registry.npm.taobao.org/browserslist/download/browserslist-4.14.2.tgz#1b3cec458a1ba87588cc5e9be62f19b6d48813ce"
    integrity sha1-GzzsRYobqHWIzF6b5i8ZttSIE84=
    dependencies:
      caniuse-lite "^1.0.30001125"
      electron-to-chromium "^1.3.564"
      escalade "^3.0.2"
      node-releases "^1.1.61"
  
  bser@2.1.1:
    version "2.1.1"
    resolved "https://registry.npm.taobao.org/bser/download/bser-2.1.1.tgz#e6787da20ece9d07998533cfd9de6f5c38f4bc05"
    integrity sha1-5nh9og7OnQeZhTPP2d5vXDj0vAU=
    dependencies:
      node-int64 "^0.4.0"
  
  btoa@^1.2.1:
    version "1.2.1"
    resolved "https://registry.npm.taobao.org/btoa/download/btoa-1.2.1.tgz#01a9909f8b2c93f6bf680ba26131eb30f7fa3d73"
    integrity sha1-AamQn4ssk/a/aAuiYTHrMPf6PXM=
  
  buffer-alloc-unsafe@^1.1.0:
    version "1.1.0"
    resolved "https://registry.npm.taobao.org/buffer-alloc-unsafe/download/buffer-alloc-unsafe-1.1.0.tgz#bd7dc26ae2972d0eda253be061dba992349c19f0"
    integrity sha1-vX3CauKXLQ7aJTvgYdupkjScGfA=
  
  buffer-alloc@^1.2.0:
    version "1.2.0"
    resolved "https://registry.npm.taobao.org/buffer-alloc/download/buffer-alloc-1.2.0.tgz#890dd90d923a873e08e10e5fd51a57e5b7cce0ec"
    integrity sha1-iQ3ZDZI6hz4I4Q5f1RpX5bfM4Ow=
    dependencies:
      buffer-alloc-unsafe "^1.1.0"
      buffer-fill "^1.0.0"
  
  buffer-crc32@~0.2.3:
    version "0.2.13"
    resolved "https://registry.npm.taobao.org/buffer-crc32/download/buffer-crc32-0.2.13.tgz#0d333e3f00eac50aa1454abd30ef8c2a5d9a7242"
    integrity sha1-DTM+PwDqxQqhRUq9MO+MKl2ackI=
  
  buffer-equal-constant-time@1.0.1:
    version "1.0.1"
    resolved "https://registry.npm.taobao.org/buffer-equal-constant-time/download/buffer-equal-constant-time-1.0.1.tgz#f8e71132f7ffe6e01a5c9697a4c6f3e48d5cc819"
    integrity sha1-+OcRMvf/5uAaXJaXpMbz5I1cyBk=
  
  buffer-equal@0.0.1:
    version "0.0.1"
    resolved "https://registry.npm.taobao.org/buffer-equal/download/buffer-equal-0.0.1.tgz#91bc74b11ea405bc916bc6aa908faafa5b4aac4b"
    integrity sha1-kbx0sR6kBbyRa8aqkI+q+ltKrEs=
  
  buffer-fill@^1.0.0:
    version "1.0.0"
    resolved "https://registry.npm.taobao.org/buffer-fill/download/buffer-fill-1.0.0.tgz#f8f78b76789888ef39f205cd637f68e702122b2c"
    integrity sha1-+PeLdniYiO858gXNY39o5wISKyw=
  
  buffer-from@^1.0.0:
    version "1.1.1"
    resolved "https://registry.npm.taobao.org/buffer-from/download/buffer-from-1.1.1.tgz#32713bc028f75c02fdb710d7c7bcec1f2c6070ef"
    integrity sha1-MnE7wCj3XAL9txDXx7zsHyxgcO8=
  
  buffer-xor@^1.0.3:
    version "1.0.3"
    resolved "https://registry.npm.taobao.org/buffer-xor/download/buffer-xor-1.0.3.tgz#26e61ed1422fb70dd42e6e36729ed51d855fe8d9"
    integrity sha1-JuYe0UIvtw3ULm42cp7VHYVf6Nk=
  
  buffer@^4.3.0:
    version "4.9.2"
    resolved "https://registry.npm.taobao.org/buffer/download/buffer-4.9.2.tgz#230ead344002988644841ab0244af8c44bbe3ef8"
    integrity sha1-Iw6tNEACmIZEhBqwJEr4xEu+Pvg=
    dependencies:
      base64-js "^1.0.2"
      ieee754 "^1.1.4"
      isarray "^1.0.0"
  
  buffer@^5.2.0, buffer@^5.2.1:
    version "5.6.0"
    resolved "https://registry.npm.taobao.org/buffer/download/buffer-5.6.0.tgz#a31749dc7d81d84db08abf937b6b8c4033f62786"
    integrity sha1-oxdJ3H2B2E2wir+Te2uMQDP2J4Y=
    dependencies:
      base64-js "^1.0.2"
      ieee754 "^1.1.4"
  
  builder-util-runtime@8.7.2:
    version "8.7.2"
    resolved "https://registry.npm.taobao.org/builder-util-runtime/download/builder-util-runtime-8.7.2.tgz#d93afc71428a12789b437e13850e1fa7da956d72"
    integrity sha1-2Tr8cUKKEnibQ34ThQ4fp9qVbXI=
    dependencies:
      debug "^4.1.1"
      sax "^1.2.4"
  
  builder-util@22.9.1:
    version "22.9.1"
    resolved "https://registry.npm.taobao.org/builder-util/download/builder-util-22.9.1.tgz?cache=0&sync_timestamp=1608108857751&other_urls=https%3A%2F%2Fregistry.npm.taobao.org%2Fbuilder-util%2Fdownload%2Fbuilder-util-22.9.1.tgz#b7087a5cde477f90d718ca5d7fafb6ae261b16af"
    integrity sha1-twh6XN5Hf5DXGMpdf6+2riYbFq8=
    dependencies:
      "7zip-bin" "~5.0.3"
      "@types/debug" "^4.1.5"
      "@types/fs-extra" "^9.0.1"
      app-builder-bin "3.5.10"
      bluebird-lst "^1.0.9"
      builder-util-runtime "8.7.2"
      chalk "^4.1.0"
      debug "^4.3.0"
      fs-extra "^9.0.1"
      is-ci "^2.0.0"
      js-yaml "^3.14.0"
      source-map-support "^0.5.19"
      stat-mode "^1.0.0"
      temp-file "^3.3.7"
  
  builtin-status-codes@^3.0.0:
    version "3.0.0"
    resolved "https://registry.npm.taobao.org/builtin-status-codes/download/builtin-status-codes-3.0.0.tgz#85982878e21b98e1c66425e03d0174788f569ee8"
    integrity sha1-hZgoeOIbmOHGZCXgPQF0eI9Wnug=
  
  bytes@3.0.0:
    version "3.0.0"
    resolved "https://registry.npm.taobao.org/bytes/download/bytes-3.0.0.tgz#d32815404d689699f85a4ea4fa8755dd13a96048"
    integrity sha1-0ygVQE1olpn4Wk6k+odV3ROpYEg=
  
  bytes@3.1.0:
    version "3.1.0"
    resolved "https://registry.npm.taobao.org/bytes/download/bytes-3.1.0.tgz#f6cf7933a360e0588fa9fde85651cdc7f805d1f6"
    integrity sha1-9s95M6Ng4FiPqf3oVlHNx/gF0fY=
  
  cacache@^12.0.2:
    version "12.0.4"
    resolved "https://registry.npm.taobao.org/cacache/download/cacache-12.0.4.tgz#668bcbd105aeb5f1d92fe25570ec9525c8faa40c"
    integrity sha1-ZovL0QWutfHZL+JVcOyVJcj6pAw=
    dependencies:
      bluebird "^3.5.5"
      chownr "^1.1.1"
      figgy-pudding "^3.5.1"
      glob "^7.1.4"
      graceful-fs "^4.1.15"
      infer-owner "^1.0.3"
      lru-cache "^5.1.1"
      mississippi "^3.0.0"
      mkdirp "^0.5.1"
      move-concurrently "^1.0.1"
      promise-inflight "^1.0.1"
      rimraf "^2.6.3"
      ssri "^6.0.1"
      unique-filename "^1.1.1"
      y18n "^4.0.0"
  
  cacache@^15.0.5:
    version "15.0.5"
    resolved "https://registry.npm.taobao.org/cacache/download/cacache-15.0.5.tgz#69162833da29170d6732334643c60e005f5f17d0"
    integrity sha1-aRYoM9opFw1nMjNGQ8YOAF9fF9A=
    dependencies:
      "@npmcli/move-file" "^1.0.1"
      chownr "^2.0.0"
      fs-minipass "^2.0.0"
      glob "^7.1.4"
      infer-owner "^1.0.4"
      lru-cache "^6.0.0"
      minipass "^3.1.1"
      minipass-collect "^1.0.2"
      minipass-flush "^1.0.5"
      minipass-pipeline "^1.2.2"
      mkdirp "^1.0.3"
      p-map "^4.0.0"
      promise-inflight "^1.0.1"
      rimraf "^3.0.2"
      ssri "^8.0.0"
      tar "^6.0.2"
      unique-filename "^1.1.1"
  
  cache-base@^1.0.1:
    version "1.0.1"
    resolved "https://registry.npm.taobao.org/cache-base/download/cache-base-1.0.1.tgz#0a7f46416831c8b662ee36fe4e7c59d76f666ab2"
    integrity sha1-Cn9GQWgxyLZi7jb+TnxZ129marI=
    dependencies:
      collection-visit "^1.0.0"
      component-emitter "^1.2.1"
      get-value "^2.0.6"
      has-value "^1.0.0"
      isobject "^3.0.1"
      set-value "^2.0.0"
      to-object-path "^0.3.0"
      union-value "^1.0.0"
      unset-value "^1.0.0"
  
  cacheable-request@^2.1.1:
    version "2.1.4"
    resolved "https://registry.npm.taobao.org/cacheable-request/download/cacheable-request-2.1.4.tgz#0d808801b6342ad33c91df9d0b44dc09b91e5c3d"
    integrity sha1-DYCIAbY0KtM8kd+dC0TcCbkeXD0=
    dependencies:
      clone-response "1.0.2"
      get-stream "3.0.0"
      http-cache-semantics "3.8.1"
      keyv "3.0.0"
      lowercase-keys "1.0.0"
      normalize-url "2.0.1"
      responselike "1.0.2"
  
  cacheable-request@^6.0.0:
    version "6.1.0"
    resolved "https://registry.npm.taobao.org/cacheable-request/download/cacheable-request-6.1.0.tgz#20ffb8bd162ba4be11e9567d823db651052ca912"
    integrity sha1-IP+4vRYrpL4R6VZ9gj22UQUsqRI=
    dependencies:
      clone-response "^1.0.2"
      get-stream "^5.1.0"
      http-cache-semantics "^4.0.0"
      keyv "^3.0.0"
      lowercase-keys "^2.0.0"
      normalize-url "^4.1.0"
      responselike "^1.0.2"
  
  call-me-maybe@^1.0.1:
    version "1.0.1"
    resolved "https://registry.npm.taobao.org/call-me-maybe/download/call-me-maybe-1.0.1.tgz#26d208ea89e37b5cbde60250a15f031c16a4d66b"
    integrity sha1-JtII6onje1y95gJQoV8DHBak1ms=
  
  callsites@^3.0.0:
    version "3.1.0"
    resolved "https://registry.npm.taobao.org/callsites/download/callsites-3.1.0.tgz#b3630abd8943432f54b3f0519238e33cd7df2f73"
    integrity sha1-s2MKvYlDQy9Us/BRkjjjPNffL3M=
  
  camel-case@^3.0.0:
    version "3.0.0"
    resolved "https://registry.npm.taobao.org/camel-case/download/camel-case-3.0.0.tgz#ca3c3688a4e9cf3a4cda777dc4dcbc713249cf73"
    integrity sha1-yjw2iKTpzzpM2nd9xNy8cTJJz3M=
    dependencies:
      no-case "^2.2.0"
      upper-case "^1.1.1"
  
  camel-case@^4.1.1:
    version "4.1.1"
    resolved "https://registry.npm.taobao.org/camel-case/download/camel-case-4.1.1.tgz#1fc41c854f00e2f7d0139dfeba1542d6896fe547"
    integrity sha1-H8QchU8A4vfQE53+uhVC1olv5Uc=
    dependencies:
      pascal-case "^3.1.1"
      tslib "^1.10.0"
  
  camelcase@^5.0.0, camelcase@^5.3.1:
    version "5.3.1"
    resolved "https://registry.npm.taobao.org/camelcase/download/camelcase-5.3.1.tgz#e3c9b31569e106811df242f715725a1f4c494320"
    integrity sha1-48mzFWnhBoEd8kL3FXJaH0xJQyA=
  
  camelcase@^6.0.0:
    version "6.0.0"
    resolved "https://registry.npm.taobao.org/camelcase/download/camelcase-6.0.0.tgz#5259f7c30e35e278f1bdc2a4d91230b37cad981e"
    integrity sha1-Uln3ww414njxvcKk2RIws3ytmB4=
  
  camelize@^1.0.0:
    version "1.0.0"
    resolved "https://registry.npm.taobao.org/camelize/download/camelize-1.0.0.tgz#164a5483e630fa4321e5af07020e531831b2609b"
    integrity sha1-FkpUg+Yw+kMh5a8HAg5TGDGyYJs=
  
  caniuse-lite@^1.0.30001125:
    version "1.0.30001131"
    resolved "https://registry.npm.taobao.org/caniuse-lite/download/caniuse-lite-1.0.30001131.tgz?cache=0&sync_timestamp=1600149878288&other_urls=https%3A%2F%2Fregistry.npm.taobao.org%2Fcaniuse-lite%2Fdownload%2Fcaniuse-lite-1.0.30001131.tgz#afad8a28fc2b7a0d3ae9407e71085a0ead905d54"
    integrity sha1-r62KKPwreg066UB+cQhaDq2QXVQ=
  
  canvg@^3.0.6:
    version "3.0.6"
    resolved "https://registry.npm.taobao.org/canvg/download/canvg-3.0.6.tgz#4f82a34acc433daa06c494fc255420cbbb05f903"
    integrity sha1-T4KjSsxDPaoGxJT8JVQgy7sF+QM=
    dependencies:
      "@babel/runtime" "^7.6.3"
      "@types/raf" "^3.4.0"
      core-js "3"
      raf "^3.4.1"
      rgbcolor "^1.0.1"
      stackblur-canvas "^2.0.0"
  
  capture-exit@^2.0.0:
    version "2.0.0"
    resolved "https://registry.npm.taobao.org/capture-exit/download/capture-exit-2.0.0.tgz#fb953bfaebeb781f62898239dabb426d08a509a4"
    integrity sha1-+5U7+uvreB9iiYI52rtCbQilCaQ=
    dependencies:
      rsvp "^4.8.4"
  
  caseless@~0.12.0:
    version "0.12.0"
    resolved "https://registry.npm.taobao.org/caseless/download/caseless-0.12.0.tgz#1b681c21ff84033c826543090689420d187151dc"
    integrity sha1-G2gcIf+EAzyCZUMJBolCDRhxUdw=
  
  caw@^2.0.1:
    version "2.0.1"
    resolved "https://registry.npm.taobao.org/caw/download/caw-2.0.1.tgz#6c3ca071fc194720883c2dc5da9b074bfc7e9e95"
    integrity sha1-bDygcfwZRyCIPC3F2psHS/x+npU=
    dependencies:
      get-proxy "^2.0.0"
      isurl "^1.0.0-alpha5"
      tunnel-agent "^0.6.0"
      url-to-options "^1.0.1"
  
  cfb@^1.1.4:
    version "1.2.0"
    resolved "https://registry.npm.taobao.org/cfb/download/cfb-1.2.0.tgz?cache=0&sync_timestamp=1594277048176&other_urls=https%3A%2F%2Fregistry.npm.taobao.org%2Fcfb%2Fdownload%2Fcfb-1.2.0.tgz#6a4d0872b525ed60349e1ef51fb4b0bf73eca9a8"
    integrity sha1-ak0IcrUl7WA0nh71H7Swv3Psqag=
    dependencies:
      adler-32 "~1.2.0"
      crc-32 "~1.2.0"
      printj "~1.1.2"
  
  chalk@4.1.0, chalk@^4.0.0, chalk@^4.1.0:
    version "4.1.0"
    resolved "https://registry.npm.taobao.org/chalk/download/chalk-4.1.0.tgz#4e14870a618d9e2edd97dd8345fd9d9dc315646a"
    integrity sha1-ThSHCmGNni7dl92DRf2dncMVZGo=
    dependencies:
      ansi-styles "^4.1.0"
      supports-color "^7.1.0"
  
  chalk@^1.1.3:
    version "1.1.3"
    resolved "https://registry.npm.taobao.org/chalk/download/chalk-1.1.3.tgz#a8115c55e4a702fe4d150abd3872822a7e09fc98"
    integrity sha1-qBFcVeSnAv5NFQq9OHKCKn4J/Jg=
    dependencies:
      ansi-styles "^2.2.1"
      escape-string-regexp "^1.0.2"
      has-ansi "^2.0.0"
      strip-ansi "^3.0.0"
      supports-color "^2.0.0"
  
  chalk@^2.0.0, chalk@^2.0.1, chalk@^2.4.2:
    version "2.4.2"
    resolved "https://registry.npm.taobao.org/chalk/download/chalk-2.4.2.tgz#cd42541677a54333cf541a49108c1432b44c9424"
    integrity sha1-zUJUFnelQzPPVBpJEIwUMrRMlCQ=
    dependencies:
      ansi-styles "^3.2.1"
      escape-string-regexp "^1.0.5"
      supports-color "^5.3.0"
  
  chalk@^3.0.0:
    version "3.0.0"
    resolved "https://registry.npm.taobao.org/chalk/download/chalk-3.0.0.tgz?cache=0&sync_timestamp=1591687042638&other_urls=https%3A%2F%2Fregistry.npm.taobao.org%2Fchalk%2Fdownload%2Fchalk-3.0.0.tgz#3f73c2bf526591f574cc492c51e2456349f844e4"
    integrity sha1-P3PCv1JlkfV0zEksUeJFY0n4ROQ=
    dependencies:
      ansi-styles "^4.1.0"
      supports-color "^7.1.0"
  
  change-case@^3.1.0:
    version "3.1.0"
    resolved "https://registry.npm.taobao.org/change-case/download/change-case-3.1.0.tgz?cache=0&sync_timestamp=1577796610022&other_urls=https%3A%2F%2Fregistry.npm.taobao.org%2Fchange-case%2Fdownload%2Fchange-case-3.1.0.tgz#0e611b7edc9952df2e8513b27b42de72647dd17e"
    integrity sha1-DmEbftyZUt8uhROye0LecmR90X4=
    dependencies:
      camel-case "^3.0.0"
      constant-case "^2.0.0"
      dot-case "^2.1.0"
      header-case "^1.0.0"
      is-lower-case "^1.1.0"
      is-upper-case "^1.1.0"
      lower-case "^1.1.1"
      lower-case-first "^1.0.0"
      no-case "^2.3.2"
      param-case "^2.1.0"
      pascal-case "^2.0.0"
      path-case "^2.1.0"
      sentence-case "^2.1.0"
      snake-case "^2.1.0"
      swap-case "^1.1.0"
      title-case "^2.1.0"
      upper-case "^1.1.1"
      upper-case-first "^1.1.0"
  
  char-regex@^1.0.2:
    version "1.0.2"
    resolved "https://registry.npm.taobao.org/char-regex/download/char-regex-1.0.2.tgz#d744358226217f981ed58f479b1d6bcc29545dcf"
    integrity sha1-10Q1giYhf5ge1Y9Hmx1rzClUXc8=
  
  chardet@^0.7.0:
    version "0.7.0"
    resolved "https://registry.npm.taobao.org/chardet/download/chardet-0.7.0.tgz?cache=0&sync_timestamp=1594010676283&other_urls=https%3A%2F%2Fregistry.npm.taobao.org%2Fchardet%2Fdownload%2Fchardet-0.7.0.tgz#90094849f0937f2eedc2425d0d28a9e5f0cbad9e"
    integrity sha1-kAlISfCTfy7twkJdDSip5fDLrZ4=
  
  chokidar@^2.1.8:
    version "2.1.8"
    resolved "https://registry.npm.taobao.org/chokidar/download/chokidar-2.1.8.tgz#804b3a7b6a99358c3c5c61e71d8728f041cff917"
    integrity sha1-gEs6e2qZNYw8XGHnHYco8EHP+Rc=
    dependencies:
      anymatch "^2.0.0"
      async-each "^1.0.1"
      braces "^2.3.2"
      glob-parent "^3.1.0"
      inherits "^2.0.3"
      is-binary-path "^1.0.0"
      is-glob "^4.0.0"
      normalize-path "^3.0.0"
      path-is-absolute "^1.0.0"
      readdirp "^2.2.1"
      upath "^1.1.1"
    optionalDependencies:
      fsevents "^1.2.7"
  
  chokidar@^3.4.1:
    version "3.4.2"
    resolved "https://registry.npm.taobao.org/chokidar/download/chokidar-3.4.2.tgz#38dc8e658dec3809741eb3ef7bb0a47fe424232d"
    integrity sha1-ONyOZY3sOAl0HrPve7Ckf+QkIy0=
    dependencies:
      anymatch "~3.1.1"
      braces "~3.0.2"
      glob-parent "~5.1.0"
      is-binary-path "~2.1.0"
      is-glob "~4.0.1"
      normalize-path "~3.0.0"
      readdirp "~3.4.0"
    optionalDependencies:
      fsevents "~2.1.2"
  
  chownr@^1.1.1:
    version "1.1.4"
    resolved "https://registry.npm.taobao.org/chownr/download/chownr-1.1.4.tgz#6fc9d7b42d32a583596337666e7d08084da2cc6b"
    integrity sha1-b8nXtC0ypYNZYzdmbn0ICE2izGs=
  
  chownr@^2.0.0:
    version "2.0.0"
    resolved "https://registry.npm.taobao.org/chownr/download/chownr-2.0.0.tgz#15bfbe53d2eab4cf70f18a8cd68ebe5b3cb1dece"
    integrity sha1-Fb++U9LqtM9w8YqM1o6+Wzyx3s4=
  
  chrome-trace-event@^1.0.2:
    version "1.0.2"
    resolved "https://registry.npm.taobao.org/chrome-trace-event/download/chrome-trace-event-1.0.2.tgz#234090ee97c7d4ad1a2c4beae27505deffc608a4"
    integrity sha1-I0CQ7pfH1K0aLEvq4nUF3v/GCKQ=
    dependencies:
      tslib "^1.9.0"
  
  chromium-pickle-js@^0.2.0:
    version "0.2.0"
    resolved "https://registry.npm.taobao.org/chromium-pickle-js/download/chromium-pickle-js-0.2.0.tgz#04a106672c18b085ab774d983dfa3ea138f22205"
    integrity sha1-BKEGZywYsIWrd02YPfo+oTjyIgU=
  
  ci-info@^2.0.0:
    version "2.0.0"
    resolved "https://registry.npm.taobao.org/ci-info/download/ci-info-2.0.0.tgz#67a9e964be31a51e15e5010d58e6f12834002f46"
    integrity sha1-Z6npZL4xpR4V5QENWObxKDQAL0Y=
  
  cipher-base@^1.0.0, cipher-base@^1.0.1, cipher-base@^1.0.3:
    version "1.0.4"
    resolved "https://registry.npm.taobao.org/cipher-base/download/cipher-base-1.0.4.tgz#8760e4ecc272f4c363532f926d874aae2c1397de"
    integrity sha1-h2Dk7MJy9MNjUy+SbYdKriwTl94=
    dependencies:
      inherits "^2.0.1"
      safe-buffer "^5.0.1"
  
  circular-dependency-plugin@5.2.0:
    version "5.2.0"
    resolved "https://registry.npm.taobao.org/circular-dependency-plugin/download/circular-dependency-plugin-5.2.0.tgz#e09dbc2dd3e2928442403e2d45b41cea06bc0a93"
    integrity sha1-4J28LdPikoRCQD4tRbQc6ga8CpM=
  
  class-utils@^0.3.5:
    version "0.3.6"
    resolved "https://registry.npm.taobao.org/class-utils/download/class-utils-0.3.6.tgz#f93369ae8b9a7ce02fd41faad0ca83033190c463"
    integrity sha1-+TNprouafOAv1B+q0MqDAzGQxGM=
    dependencies:
      arr-union "^3.1.0"
      define-property "^0.2.5"
      isobject "^3.0.0"
      static-extend "^0.1.1"
  
  classnames@2.x, classnames@^2.2.1, classnames@^2.2.3, classnames@^2.2.5, classnames@^2.2.6:
    version "2.2.6"
    resolved "https://registry.npm.taobao.org/classnames/download/classnames-2.2.6.tgz#43935bffdd291f326dad0a205309b38d00f650ce"
    integrity sha1-Q5Nb/90pHzJtrQogUwmzjQD2UM4=
  
  clean-css@^4.2.3:
    version "4.2.3"
    resolved "https://registry.npm.taobao.org/clean-css/download/clean-css-4.2.3.tgz#507b5de7d97b48ee53d84adb0160ff6216380f78"
    integrity sha1-UHtd59l7SO5T2ErbAWD/YhY4D3g=
    dependencies:
      source-map "~0.6.0"
  
  clean-stack@^2.0.0:
    version "2.2.0"
    resolved "https://registry.npm.taobao.org/clean-stack/download/clean-stack-2.2.0.tgz#ee8472dbb129e727b31e8a10a427dee9dfe4008b"
    integrity sha1-7oRy27Ep5yezHooQpCfe6d/kAIs=
  
  cli-boxes@^2.2.0:
    version "2.2.1"
    resolved "https://registry.npm.taobao.org/cli-boxes/download/cli-boxes-2.2.1.tgz#ddd5035d25094fce220e9cab40a45840a440318f"
    integrity sha1-3dUDXSUJT84iDpyrQKRYQKRAMY8=
  
  cli-cursor@^2.1.0:
    version "2.1.0"
    resolved "https://registry.npm.taobao.org/cli-cursor/download/cli-cursor-2.1.0.tgz#b35dac376479facc3e94747d41d0d0f5238ffcb5"
    integrity sha1-s12sN2R5+sw+lHR9QdDQ9SOP/LU=
    dependencies:
      restore-cursor "^2.0.0"
  
  cli-cursor@^3.1.0:
    version "3.1.0"
    resolved "https://registry.npm.taobao.org/cli-cursor/download/cli-cursor-3.1.0.tgz#264305a7ae490d1d03bf0c9ba7c925d1753af307"
    integrity sha1-JkMFp65JDR0Dvwybp8kl0XU68wc=
    dependencies:
      restore-cursor "^3.1.0"
  
  cli-spinners@^2.0.0:
    version "2.4.0"
    resolved "https://registry.npm.taobao.org/cli-spinners/download/cli-spinners-2.4.0.tgz#c6256db216b878cfba4720e719cec7cf72685d7f"
    integrity sha1-xiVtsha4eM+6RyDnGc7Hz3JoXX8=
  
  cli-truncate@^2.1.0:
    version "2.1.0"
    resolved "https://registry.npm.taobao.org/cli-truncate/download/cli-truncate-2.1.0.tgz#c39e28bf05edcde5be3b98992a22deed5a2b93c7"
    integrity sha1-w54ovwXtzeW+O5iZKiLe7Vork8c=
    dependencies:
      slice-ansi "^3.0.0"
      string-width "^4.2.0"
  
  cli-width@^3.0.0:
    version "3.0.0"
    resolved "https://registry.npm.taobao.org/cli-width/download/cli-width-3.0.0.tgz#a2f48437a2caa9a22436e794bf071ec9e61cedf6"
    integrity sha1-ovSEN6LKqaIkNueUvwceyeYc7fY=
  
  cliui@^5.0.0:
    version "5.0.0"
    resolved "https://registry.npm.taobao.org/cliui/download/cliui-5.0.0.tgz?cache=0&sync_timestamp=1597607904134&other_urls=https%3A%2F%2Fregistry.npm.taobao.org%2Fcliui%2Fdownload%2Fcliui-5.0.0.tgz#deefcfdb2e800784aa34f46fa08e06851c7bbbc5"
    integrity sha1-3u/P2y6AB4SqNPRvoI4GhRx7u8U=
    dependencies:
      string-width "^3.1.0"
      strip-ansi "^5.2.0"
      wrap-ansi "^5.1.0"
  
  cliui@^6.0.0:
    version "6.0.0"
    resolved "https://registry.npm.taobao.org/cliui/download/cliui-6.0.0.tgz?cache=0&sync_timestamp=1597607904134&other_urls=https%3A%2F%2Fregistry.npm.taobao.org%2Fcliui%2Fdownload%2Fcliui-6.0.0.tgz#511d702c0c4e41ca156d7d0e96021f23e13225b1"
    integrity sha1-UR1wLAxOQcoVbX0OlgIfI+EyJbE=
    dependencies:
      string-width "^4.2.0"
      strip-ansi "^6.0.0"
      wrap-ansi "^6.2.0"
  
  cliui@^7.0.2:
    version "7.0.4"
    resolved "https://registry.npm.taobao.org/cliui/download/cliui-7.0.4.tgz?cache=0&sync_timestamp=1604880017635&other_urls=https%3A%2F%2Fregistry.npm.taobao.org%2Fcliui%2Fdownload%2Fcliui-7.0.4.tgz#a0265ee655476fc807aea9df3df8df7783808b4f"
    integrity sha1-oCZe5lVHb8gHrqnfPfjfd4OAi08=
    dependencies:
      string-width "^4.2.0"
      strip-ansi "^6.0.0"
      wrap-ansi "^7.0.0"
  
  clone-response@1.0.2, clone-response@^1.0.2:
    version "1.0.2"
    resolved "https://registry.npm.taobao.org/clone-response/download/clone-response-1.0.2.tgz#d1dc973920314df67fbeb94223b4ee350239e96b"
    integrity sha1-0dyXOSAxTfZ/vrlCI7TuNQI56Ws=
    dependencies:
      mimic-response "^1.0.0"
  
  clone@^1.0.2:
    version "1.0.4"
    resolved "https://registry.npm.taobao.org/clone/download/clone-1.0.4.tgz#da309cc263df15994c688ca902179ca3c7cd7c7e"
    integrity sha1-2jCcwmPfFZlMaIypAheco8fNfH4=
  
  clsx@1.1.1:
    version "1.1.1"
    resolved "https://registry.npm.taobao.org/clsx/download/clsx-1.1.1.tgz#98b3134f9abbdf23b2663491ace13c5c03a73188"
    integrity sha1-mLMTT5q73yOyZjSRrOE8XAOnMYg=
  
  co@^4.6.0:
    version "4.6.0"
    resolved "https://registry.npm.taobao.org/co/download/co-4.6.0.tgz#6ea6bdf3d853ae54ccb8e47bfa0bf3f9031fb184"
    integrity sha1-bqa989hTrlTMuOR7+gvz+QMfsYQ=
  
  codepage@~1.14.0:
    version "1.14.0"
    resolved "https://registry.npm.taobao.org/codepage/download/codepage-1.14.0.tgz#8cbe25481323559d7d307571b0fff91e7a1d2f99"
    integrity sha1-jL4lSBMjVZ19MHVxsP/5HnodL5k=
    dependencies:
      commander "~2.14.1"
      exit-on-epipe "~1.0.1"
  
  collect-v8-coverage@^1.0.0:
    version "1.0.1"
    resolved "https://registry.npm.taobao.org/collect-v8-coverage/download/collect-v8-coverage-1.0.1.tgz#cc2c8e94fc18bbdffe64d6534570c8a673b27f59"
    integrity sha1-zCyOlPwYu9/+ZNZTRXDIpnOyf1k=
  
  collection-visit@^1.0.0:
    version "1.0.0"
    resolved "https://registry.npm.taobao.org/collection-visit/download/collection-visit-1.0.0.tgz#4bc0373c164bc3291b4d368c829cf1a80a59dca0"
    integrity sha1-S8A3PBZLwykbTTaMgpzxqApZ3KA=
    dependencies:
      map-visit "^1.0.0"
      object-visit "^1.0.0"
  
  color-convert@^1.9.0:
    version "1.9.3"
    resolved "https://registry.npm.taobao.org/color-convert/download/color-convert-1.9.3.tgz#bb71850690e1f136567de629d2d5471deda4c1e8"
    integrity sha1-u3GFBpDh8TZWfeYp0tVHHe2kweg=
    dependencies:
      color-name "1.1.3"
  
  color-convert@^2.0.1:
    version "2.0.1"
    resolved "https://registry.npm.taobao.org/color-convert/download/color-convert-2.0.1.tgz#72d3a68d598c9bdb3af2ad1e84f21d896abd4de3"
    integrity sha1-ctOmjVmMm9s68q0ehPIdiWq9TeM=
    dependencies:
      color-name "~1.1.4"
  
  color-name@1.1.3:
    version "1.1.3"
    resolved "https://registry.npm.taobao.org/color-name/download/color-name-1.1.3.tgz#a7d0558bd89c42f795dd42328f740831ca53bc25"
    integrity sha1-p9BVi9icQveV3UIyj3QIMcpTvCU=
  
  color-name@~1.1.4:
    version "1.1.4"
    resolved "https://registry.npm.taobao.org/color-name/download/color-name-1.1.4.tgz#c2a09a87acbde69543de6f63fa3995c826c536a2"
    integrity sha1-wqCah6y95pVD3m9j+jmVyCbFNqI=
  
  combined-stream@^1.0.6, combined-stream@~1.0.6:
    version "1.0.8"
    resolved "https://registry.npm.taobao.org/combined-stream/download/combined-stream-1.0.8.tgz#c3d45a8b34fd730631a110a8a2520682b31d5a7f"
    integrity sha1-w9RaizT9cwYxoRCoolIGgrMdWn8=
    dependencies:
      delayed-stream "~1.0.0"
  
  commander@2, commander@^2.20.0, commander@^2.8.1:
    version "2.20.3"
    resolved "https://registry.npm.taobao.org/commander/download/commander-2.20.3.tgz?cache=0&sync_timestamp=1598576076977&other_urls=https%3A%2F%2Fregistry.npm.taobao.org%2Fcommander%2Fdownload%2Fcommander-2.20.3.tgz#fd485e84c03eb4881c20722ba48035e8531aeb33"
    integrity sha1-/UhehMA+tIgcIHIrpIA16FMa6zM=
  
  commander@^4.0.1, commander@^4.1.1:
    version "4.1.1"
    resolved "https://registry.npm.taobao.org/commander/download/commander-4.1.1.tgz?cache=0&sync_timestamp=1598576076977&other_urls=https%3A%2F%2Fregistry.npm.taobao.org%2Fcommander%2Fdownload%2Fcommander-4.1.1.tgz#9fd602bd936294e9e9ef46a3f4d6964044b18068"
    integrity sha1-n9YCvZNilOnp70aj9NaWQESxgGg=
  
  commander@^6.0.0:
    version "6.1.0"
    resolved "https://registry.npm.taobao.org/commander/download/commander-6.1.0.tgz?cache=0&sync_timestamp=1598576076977&other_urls=https%3A%2F%2Fregistry.npm.taobao.org%2Fcommander%2Fdownload%2Fcommander-6.1.0.tgz#f8d722b78103141006b66f4c7ba1e97315ba75bc"
    integrity sha1-+Ncit4EDFBAGtm9Me6HpcxW6dbw=
  
  commander@~2.14.1:
    version "2.14.1"
    resolved "https://registry.npm.taobao.org/commander/download/commander-2.14.1.tgz?cache=0&sync_timestamp=1598576076977&other_urls=https%3A%2F%2Fregistry.npm.taobao.org%2Fcommander%2Fdownload%2Fcommander-2.14.1.tgz#2235123e37af8ca3c65df45b026dbd357b01b9aa"
    integrity sha1-IjUSPjevjKPGXfRbAm29NXsBuao=
  
  commander@~2.17.1:
    version "2.17.1"
    resolved "https://registry.npm.taobao.org/commander/download/commander-2.17.1.tgz?cache=0&sync_timestamp=1598576076977&other_urls=https%3A%2F%2Fregistry.npm.taobao.org%2Fcommander%2Fdownload%2Fcommander-2.17.1.tgz#bd77ab7de6de94205ceacc72f1716d29f20a77bf"
    integrity sha1-vXerfebelCBc6sxy8XFtKfIKd78=
  
  commondir@^1.0.1:
    version "1.0.1"
    resolved "https://registry.npm.taobao.org/commondir/download/commondir-1.0.1.tgz#ddd800da0c66127393cca5950ea968a3aaf1253b"
    integrity sha1-3dgA2gxmEnOTzKWVDqloo6rxJTs=
  
  compare-versions@3.6.0:
    version "3.6.0"
    resolved "https://registry.npm.taobao.org/compare-versions/download/compare-versions-3.6.0.tgz#1a5689913685e5a87637b8d3ffca75514ec41d62"
    integrity sha1-GlaJkTaF5ah2N7jT/8p1UU7EHWI=
  
  component-emitter@^1.2.1:
    version "1.3.0"
    resolved "https://registry.npm.taobao.org/component-emitter/download/component-emitter-1.3.0.tgz#16e4070fba8ae29b679f2215853ee181ab2eabc0"
    integrity sha1-FuQHD7qK4ptnnyIVhT7hgasuq8A=
  
  compressible@~2.0.16:
    version "2.0.18"
    resolved "https://registry.npm.taobao.org/compressible/download/compressible-2.0.18.tgz#af53cca6b070d4c3c0750fbd77286a6d7cc46fba"
    integrity sha1-r1PMprBw1MPAdQ+9dyhqbXzEb7o=
    dependencies:
      mime-db ">= 1.43.0 < 2"
  
  compression-webpack-plugin@6.0.0:
    version "6.0.0"
    resolved "https://registry.npm.taobao.org/compression-webpack-plugin/download/compression-webpack-plugin-6.0.0.tgz#aee0daa06d5a880e7bddccbccd0309a02c6337e6"
    integrity sha1-ruDaoG1aiA573cy8zQMJoCxjN+Y=
    dependencies:
      cacache "^15.0.5"
      find-cache-dir "^3.3.1"
      schema-utils "^2.7.1"
      serialize-javascript "^5.0.1"
      webpack-sources "^1.4.3"
  
  compression@1.7.4:
    version "1.7.4"
    resolved "https://registry.npm.taobao.org/compression/download/compression-1.7.4.tgz#95523eff170ca57c29a0ca41e6fe131f41e5bb8f"
    integrity sha1-lVI+/xcMpXwpoMpB5v4TH0Hlu48=
    dependencies:
      accepts "~1.3.5"
      bytes "3.0.0"
      compressible "~2.0.16"
      debug "2.6.9"
      on-headers "~1.0.2"
      safe-buffer "5.1.2"
      vary "~1.1.2"
  
  compute-scroll-into-view@^1.0.16:
    version "1.0.16"
    resolved "https://registry.npm.taobao.org/compute-scroll-into-view/download/compute-scroll-into-view-1.0.16.tgz?cache=0&sync_timestamp=1599054586866&other_urls=https%3A%2F%2Fregistry.npm.taobao.org%2Fcompute-scroll-into-view%2Fdownload%2Fcompute-scroll-into-view-1.0.16.tgz#5b7bf4f7127ea2c19b750353d7ce6776a90ee088"
    integrity sha1-W3v09xJ+osGbdQNT185ndqkO4Ig=
  
  concat-map@0.0.1:
    version "0.0.1"
    resolved "https://registry.npm.taobao.org/concat-map/download/concat-map-0.0.1.tgz#d8a96bd77fd68df7793a73036a3ba0d5405d477b"
    integrity sha1-2Klr13/Wjfd5OnMDajug1UBdR3s=
  
  concat-stream@^1.4.7, concat-stream@^1.5.0, concat-stream@^1.6.2:
    version "1.6.2"
    resolved "https://registry.npm.taobao.org/concat-stream/download/concat-stream-1.6.2.tgz#904bdf194cd3122fc675c77fc4ac3d4ff0fd1a34"
    integrity sha1-kEvfGUzTEi/Gdcd/xKw9T/D9GjQ=
    dependencies:
      buffer-from "^1.0.0"
      inherits "^2.0.3"
      readable-stream "^2.2.2"
      typedarray "^0.0.6"
  
  config-chain@^1.1.11:
    version "1.1.12"
    resolved "https://registry.npm.taobao.org/config-chain/download/config-chain-1.1.12.tgz#0fde8d091200eb5e808caf25fe618c02f48e4efa"
    integrity sha1-D96NCRIA616AjK8l/mGMAvSOTvo=
    dependencies:
      ini "^1.3.4"
      proto-list "~1.2.1"
  
  configstore@^5.0.1:
    version "5.0.1"
    resolved "https://registry.npm.taobao.org/configstore/download/configstore-5.0.1.tgz#d365021b5df4b98cdd187d6a3b0e3f6a7cc5ed96"
    integrity sha1-02UCG130uYzdGH1qOw4/anzF7ZY=
    dependencies:
      dot-prop "^5.2.0"
      graceful-fs "^4.1.2"
      make-dir "^3.0.0"
      unique-string "^2.0.0"
      write-file-atomic "^3.0.0"
      xdg-basedir "^4.0.0"
  
  confusing-browser-globals@^1.0.9:
    version "1.0.9"
    resolved "https://registry.npm.taobao.org/confusing-browser-globals/download/confusing-browser-globals-1.0.9.tgz?cache=0&sync_timestamp=1596647268027&other_urls=https%3A%2F%2Fregistry.npm.taobao.org%2Fconfusing-browser-globals%2Fdownload%2Fconfusing-browser-globals-1.0.9.tgz#72bc13b483c0276801681871d4898516f8f54fdd"
    integrity sha1-crwTtIPAJ2gBaBhx1ImFFvj1T90=
  
  connected-react-router@6.8.0:
    version "6.8.0"
    resolved "https://registry.npm.taobao.org/connected-react-router/download/connected-react-router-6.8.0.tgz#ddc687b31d498322445d235d660798489fa56cae"
    integrity sha1-3caHsx1JgyJEXSNdZgeYSJ+lbK4=
    dependencies:
      prop-types "^15.7.2"
  
  console-browserify@^1.1.0:
    version "1.2.0"
    resolved "https://registry.npm.taobao.org/console-browserify/download/console-browserify-1.2.0.tgz#67063cef57ceb6cf4993a2ab3a55840ae8c49336"
    integrity sha1-ZwY871fOts9Jk6KrOlWECujEkzY=
  
  constant-case@^2.0.0:
    version "2.0.0"
    resolved "https://registry.npm.taobao.org/constant-case/download/constant-case-2.0.0.tgz?cache=0&sync_timestamp=1577796612572&other_urls=https%3A%2F%2Fregistry.npm.taobao.org%2Fconstant-case%2Fdownload%2Fconstant-case-2.0.0.tgz#4175764d389d3fa9c8ecd29186ed6005243b6a46"
    integrity sha1-QXV2TTidP6nI7NKRhu1gBSQ7akY=
    dependencies:
      snake-case "^2.1.0"
      upper-case "^1.1.1"
  
  constants-browserify@^1.0.0:
    version "1.0.0"
    resolved "https://registry.npm.taobao.org/constants-browserify/download/constants-browserify-1.0.0.tgz#c20b96d8c617748aaf1c16021760cd27fcb8cb75"
    integrity sha1-wguW2MYXdIqvHBYCF2DNJ/y4y3U=
  
  contains-path@^0.1.0:
    version "0.1.0"
    resolved "https://registry.npm.taobao.org/contains-path/download/contains-path-0.1.0.tgz#fe8cf184ff6670b6baef01a9d4861a5cbec4120a"
    integrity sha1-/ozxhP9mcLa67wGp1IYaXL7EEgo=
  
  content-disposition@0.5.3, content-disposition@^0.5.2:
    version "0.5.3"
    resolved "https://registry.npm.taobao.org/content-disposition/download/content-disposition-0.5.3.tgz#e130caf7e7279087c5616c2007d0485698984fbd"
    integrity sha1-4TDK9+cnkIfFYWwgB9BIVpiYT70=
    dependencies:
      safe-buffer "5.1.2"
  
  content-type@~1.0.4:
    version "1.0.4"
    resolved "https://registry.npm.taobao.org/content-type/download/content-type-1.0.4.tgz#e138cc75e040c727b1966fe5e5f8c9aee256fe3b"
    integrity sha1-4TjMdeBAxyexlm/l5fjJruJW/js=
  
  convert-source-map@^1.1.0, convert-source-map@^1.4.0, convert-source-map@^1.6.0, convert-source-map@^1.7.0:
    version "1.7.0"
    resolved "https://registry.npm.taobao.org/convert-source-map/download/convert-source-map-1.7.0.tgz#17a2cb882d7f77d3490585e2ce6c524424a3a442"
    integrity sha1-F6LLiC1/d9NJBYXizmxSRCSjpEI=
    dependencies:
      safe-buffer "~5.1.1"
  
  cookie-signature@1.0.6:
    version "1.0.6"
    resolved "https://registry.npm.taobao.org/cookie-signature/download/cookie-signature-1.0.6.tgz#e303a882b342cc3ee8ca513a79999734dab3ae2c"
    integrity sha1-4wOogrNCzD7oylE6eZmXNNqzriw=
  
  cookie@0.4.0:
    version "0.4.0"
    resolved "https://registry.npm.taobao.org/cookie/download/cookie-0.4.0.tgz#beb437e7022b3b6d49019d088665303ebe9c14ba"
    integrity sha1-vrQ35wIrO21JAZ0IhmUwPr6cFLo=
  
  copy-concurrently@^1.0.0:
    version "1.0.5"
    resolved "https://registry.npm.taobao.org/copy-concurrently/download/copy-concurrently-1.0.5.tgz#92297398cae34937fcafd6ec8139c18051f0b5e0"
    integrity sha1-kilzmMrjSTf8r9bsgTnBgFHwteA=
    dependencies:
      aproba "^1.1.1"
      fs-write-stream-atomic "^1.0.8"
      iferr "^0.1.5"
      mkdirp "^0.5.1"
      rimraf "^2.5.4"
      run-queue "^1.0.0"
  
  copy-descriptor@^0.1.0:
    version "0.1.1"
    resolved "https://registry.npm.taobao.org/copy-descriptor/download/copy-descriptor-0.1.1.tgz#676f6eb3c39997c2ee1ac3a924fd6124748f578d"
    integrity sha1-Z29us8OZl8LuGsOpJP1hJHSPV40=
  
  copy-to-clipboard@^3.2.0:
    version "3.3.1"
    resolved "https://registry.npm.taobao.org/copy-to-clipboard/download/copy-to-clipboard-3.3.1.tgz#115aa1a9998ffab6196f93076ad6da3b913662ae"
    integrity sha1-EVqhqZmP+rYZb5MHatbaO5E2Yq4=
    dependencies:
      toggle-selection "^1.0.6"
  
  core-js-compat@^3.6.2:
    version "3.6.5"
    resolved "https://registry.npm.taobao.org/core-js-compat/download/core-js-compat-3.6.5.tgz#2a51d9a4e25dfd6e690251aa81f99e3c05481f1c"
    integrity sha1-KlHZpOJd/W5pAlGqgfmePAVIHxw=
    dependencies:
      browserslist "^4.8.5"
      semver "7.0.0"
  
  core-js-pure@^3.0.0:
    version "3.6.5"
    resolved "https://registry.npm.taobao.org/core-js-pure/download/core-js-pure-3.6.5.tgz#c79e75f5e38dbc85a662d91eea52b8256d53b813"
    integrity sha1-x5519eONvIWmYtke6lK4JW1TuBM=
  
  core-js@3, core-js@^3.5.0, core-js@^3.6.0:
    version "3.6.5"
    resolved "https://registry.npm.taobao.org/core-js/download/core-js-3.6.5.tgz?cache=0&sync_timestamp=1592843203000&other_urls=https%3A%2F%2Fregistry.npm.taobao.org%2Fcore-js%2Fdownload%2Fcore-js-3.6.5.tgz#7395dc273af37fb2e50e9bd3d9fe841285231d1a"
    integrity sha1-c5XcJzrzf7LlDpvT2f6EEoUjHRo=
  
  core-js@^2.5.7, core-js@^2.6.5:
    version "2.6.11"
    resolved "https://registry.npm.taobao.org/core-js/download/core-js-2.6.11.tgz?cache=0&sync_timestamp=1592843203000&other_urls=https%3A%2F%2Fregistry.npm.taobao.org%2Fcore-js%2Fdownload%2Fcore-js-2.6.11.tgz#38831469f9922bded8ee21c9dc46985e0399308c"
    integrity sha1-OIMUafmSK97Y7iHJ3EaYXgOZMIw=
  
  core-js@^3.6.5:
    version "3.8.1"
    resolved "https://registry.npm.taobao.org/core-js/download/core-js-3.8.1.tgz?cache=0&sync_timestamp=1607216048810&other_urls=https%3A%2F%2Fregistry.npm.taobao.org%2Fcore-js%2Fdownload%2Fcore-js-3.8.1.tgz#f51523668ac8a294d1285c3b9db44025fda66d47"
    integrity sha1-9RUjZorIopTRKFw7nbRAJf2mbUc=
  
  core-util-is@1.0.2, core-util-is@~1.0.0:
    version "1.0.2"
    resolved "https://registry.npm.taobao.org/core-util-is/download/core-util-is-1.0.2.tgz#b5fd54220aa2bc5ab57aab7140c940754503c1a7"
    integrity sha1-tf1UIgqivFq1eqtxQMlAdUUDwac=
  
  cosmiconfig@^7.0.0:
    version "7.0.0"
    resolved "https://registry.npm.taobao.org/cosmiconfig/download/cosmiconfig-7.0.0.tgz?cache=0&sync_timestamp=1596310773001&other_urls=https%3A%2F%2Fregistry.npm.taobao.org%2Fcosmiconfig%2Fdownload%2Fcosmiconfig-7.0.0.tgz#ef9b44d773959cae63ddecd122de23853b60f8d3"
    integrity sha1-75tE13OVnK5j3ezRIt4jhTtg+NM=
    dependencies:
      "@types/parse-json" "^4.0.0"
      import-fresh "^3.2.1"
      parse-json "^5.0.0"
      path-type "^4.0.0"
      yaml "^1.10.0"
  
  crc-32@~1.2.0:
    version "1.2.0"
    resolved "https://registry.npm.taobao.org/crc-32/download/crc-32-1.2.0.tgz#cb2db6e29b88508e32d9dd0ec1693e7b41a18208"
    integrity sha1-yy224puIUI4y2d0OwWk+e0Ghggg=
    dependencies:
      exit-on-epipe "~1.0.1"
      printj "~1.1.0"
  
  create-ecdh@^4.0.0:
    version "4.0.4"
    resolved "https://registry.npm.taobao.org/create-ecdh/download/create-ecdh-4.0.4.tgz?cache=0&sync_timestamp=1596557450797&other_urls=https%3A%2F%2Fregistry.npm.taobao.org%2Fcreate-ecdh%2Fdownload%2Fcreate-ecdh-4.0.4.tgz#d6e7f4bffa66736085a0762fd3a632684dabcc4e"
    integrity sha1-1uf0v/pmc2CFoHYv06YyaE2rzE4=
    dependencies:
      bn.js "^4.1.0"
      elliptic "^6.5.3"
  
  create-hash@^1.1.0, create-hash@^1.1.2, create-hash@^1.2.0:
    version "1.2.0"
    resolved "https://registry.npm.taobao.org/create-hash/download/create-hash-1.2.0.tgz#889078af11a63756bcfb59bd221996be3a9ef196"
    integrity sha1-iJB4rxGmN1a8+1m9IhmWvjqe8ZY=
    dependencies:
      cipher-base "^1.0.1"
      inherits "^2.0.1"
      md5.js "^1.3.4"
      ripemd160 "^2.0.1"
      sha.js "^2.4.0"
  
  create-hmac@^1.1.0, create-hmac@^1.1.4, create-hmac@^1.1.7:
    version "1.1.7"
    resolved "https://registry.npm.taobao.org/create-hmac/download/create-hmac-1.1.7.tgz#69170c78b3ab957147b2b8b04572e47ead2243ff"
    integrity sha1-aRcMeLOrlXFHsriwRXLkfq0iQ/8=
    dependencies:
      cipher-base "^1.0.3"
      create-hash "^1.1.0"
      inherits "^2.0.1"
      ripemd160 "^2.0.0"
      safe-buffer "^5.0.1"
      sha.js "^2.4.8"
  
  cross-env@7.0.2:
    version "7.0.2"
    resolved "https://registry.npm.taobao.org/cross-env/download/cross-env-7.0.2.tgz#bd5ed31339a93a3418ac4f3ca9ca3403082ae5f9"
    integrity sha1-vV7TEzmpOjQYrE88qco0Awgq5fk=
    dependencies:
      cross-spawn "^7.0.1"
  
  cross-spawn@^5.0.1:
    version "5.1.0"
    resolved "https://registry.npm.taobao.org/cross-spawn/download/cross-spawn-5.1.0.tgz#e8bd0efee58fcff6f8f94510a0a554bbfa235449"
    integrity sha1-6L0O/uWPz/b4+UUQoKVUu/ojVEk=
    dependencies:
      lru-cache "^4.0.1"
      shebang-command "^1.2.0"
      which "^1.2.9"
  
  cross-spawn@^6.0.0, cross-spawn@^6.0.5:
    version "6.0.5"
    resolved "https://registry.npm.taobao.org/cross-spawn/download/cross-spawn-6.0.5.tgz#4a5ec7c64dfae22c3a14124dbacdee846d80cbc4"
    integrity sha1-Sl7Hxk364iw6FBJNus3uhG2Ay8Q=
    dependencies:
      nice-try "^1.0.4"
      path-key "^2.0.1"
      semver "^5.5.0"
      shebang-command "^1.2.0"
      which "^1.2.9"
  
  cross-spawn@^7.0.0, cross-spawn@^7.0.1, cross-spawn@^7.0.2:
    version "7.0.3"
    resolved "https://registry.npm.taobao.org/cross-spawn/download/cross-spawn-7.0.3.tgz#f73a85b9d5d41d045551c177e2882d4ac85728a6"
    integrity sha1-9zqFudXUHQRVUcF34ogtSshXKKY=
    dependencies:
      path-key "^3.1.0"
      shebang-command "^2.0.0"
      which "^2.0.1"
  
  crypto-browserify@^3.11.0:
    version "3.12.0"
    resolved "https://registry.npm.taobao.org/crypto-browserify/download/crypto-browserify-3.12.0.tgz#396cf9f3137f03e4b8e532c58f698254e00f80ec"
    integrity sha1-OWz58xN/A+S45TLFj2mCVOAPgOw=
    dependencies:
      browserify-cipher "^1.0.0"
      browserify-sign "^4.0.0"
      create-ecdh "^4.0.0"
      create-hash "^1.1.0"
      create-hmac "^1.1.0"
      diffie-hellman "^5.0.0"
      inherits "^2.0.1"
      pbkdf2 "^3.0.3"
      public-encrypt "^4.0.0"
      randombytes "^2.0.0"
      randomfill "^1.0.3"
  
  crypto-js@4.0.0:
    version "4.0.0"
    resolved "https://registry.npm.taobao.org/crypto-js/download/crypto-js-4.0.0.tgz#2904ab2677a9d042856a2ea2ef80de92e4a36dcc"
    integrity sha1-KQSrJnep0EKFai6i74DekuSjbcw=
  
  crypto-random-string@^2.0.0:
    version "2.0.0"
    resolved "https://registry.npm.taobao.org/crypto-random-string/download/crypto-random-string-2.0.0.tgz?cache=0&sync_timestamp=1599137520105&other_urls=https%3A%2F%2Fregistry.npm.taobao.org%2Fcrypto-random-string%2Fdownload%2Fcrypto-random-string-2.0.0.tgz#ef2a7a966ec11083388369baa02ebead229b30d5"
    integrity sha1-7yp6lm7BEIM4g2m6oC6+rSKbMNU=
  
  css-color-keywords@^1.0.0:
    version "1.0.0"
    resolved "https://registry.npm.taobao.org/css-color-keywords/download/css-color-keywords-1.0.0.tgz#fea2616dc676b2962686b3af8dbdbe180b244e05"
    integrity sha1-/qJhbcZ2spYmhrOvjb2+GAskTgU=
  
  css-color-names@^1.0.0:
    version "1.0.1"
    resolved "https://registry.npm.taobao.org/css-color-names/download/css-color-names-1.0.1.tgz#6ff7ee81a823ad46e020fa2fd6ab40a887e2ba67"
    integrity sha1-b/fugagjrUbgIPov1qtAqIfiumc=
  
  css-line-break@1.1.1:
    version "1.1.1"
    resolved "https://registry.npm.taobao.org/css-line-break/download/css-line-break-1.1.1.tgz#d5e9bdd297840099eb0503c7310fd34927a026ef"
    integrity sha1-1em90peEAJnrBQPHMQ/TSSegJu8=
    dependencies:
      base64-arraybuffer "^0.2.0"
  
  css-loader@4.3.0:
    version "4.3.0"
    resolved "https://registry.npm.taobao.org/css-loader/download/css-loader-4.3.0.tgz#c888af64b2a5b2e85462c72c0f4a85c7e2e0821e"
    integrity sha1-yIivZLKlsuhUYscsD0qFx+Lggh4=
    dependencies:
      camelcase "^6.0.0"
      cssesc "^3.0.0"
      icss-utils "^4.1.1"
      loader-utils "^2.0.0"
      postcss "^7.0.32"
      postcss-modules-extract-imports "^2.0.0"
      postcss-modules-local-by-default "^3.0.3"
      postcss-modules-scope "^2.2.0"
      postcss-modules-values "^3.0.0"
      postcss-value-parser "^4.1.0"
      schema-utils "^2.7.1"
      semver "^7.3.2"
  
  css-select@^1.1.0:
    version "1.2.0"
    resolved "https://registry.npm.taobao.org/css-select/download/css-select-1.2.0.tgz#2b3a110539c5355f1cd8d314623e870b121ec858"
    integrity sha1-KzoRBTnFNV8c2NMUYj6HCxIeyFg=
    dependencies:
      boolbase "~1.0.0"
      css-what "2.1"
      domutils "1.5.1"
      nth-check "~1.0.1"
  
  css-to-react-native@^3.0.0:
    version "3.0.0"
    resolved "https://registry.npm.taobao.org/css-to-react-native/download/css-to-react-native-3.0.0.tgz#62dbe678072a824a689bcfee011fc96e02a7d756"
    integrity sha1-YtvmeAcqgkpom8/uAR/JbgKn11Y=
    dependencies:
      camelize "^1.0.0"
      css-color-keywords "^1.0.0"
      postcss-value-parser "^4.0.2"
  
  css-what@2.1:
    version "2.1.3"
    resolved "https://registry.npm.taobao.org/css-what/download/css-what-2.1.3.tgz#a6d7604573365fe74686c3f311c56513d88285f2"
    integrity sha1-ptdgRXM2X+dGhsPzEcVlE9iChfI=
  
  cssesc@^3.0.0:
    version "3.0.0"
    resolved "https://registry.npm.taobao.org/cssesc/download/cssesc-3.0.0.tgz#37741919903b868565e1c09ea747445cd18983ee"
    integrity sha1-N3QZGZA7hoVl4cCep0dEXNGJg+4=
  
  cssom@^0.4.4:
    version "0.4.4"
    resolved "https://registry.npm.taobao.org/cssom/download/cssom-0.4.4.tgz#5a66cf93d2d0b661d80bf6a44fb65f5c2e4e0a10"
    integrity sha1-WmbPk9LQtmHYC/akT7ZfXC5OChA=
  
  cssom@~0.3.6:
    version "0.3.8"
    resolved "https://registry.npm.taobao.org/cssom/download/cssom-0.3.8.tgz#9f1276f5b2b463f2114d3f2c75250af8c1a36f4a"
    integrity sha1-nxJ29bK0Y/IRTT8sdSUK+MGjb0o=
  
  cssstyle@^2.2.0:
    version "2.3.0"
    resolved "https://registry.npm.taobao.org/cssstyle/download/cssstyle-2.3.0.tgz#ff665a0ddbdc31864b09647f34163443d90b0852"
    integrity sha1-/2ZaDdvcMYZLCWR/NBY0Q9kLCFI=
    dependencies:
      cssom "~0.3.6"
  
  cyclist@^1.0.1:
    version "1.0.1"
    resolved "https://registry.npm.taobao.org/cyclist/download/cyclist-1.0.1.tgz#596e9698fd0c80e12038c2b82d6eb1b35b6224d9"
    integrity sha1-WW6WmP0MgOEgOMK4LW6xs1tiJNk=
  
  d3-array@1:
    version "1.2.4"
    resolved "https://registry.npm.taobao.org/d3-array/download/d3-array-1.2.4.tgz?cache=0&sync_timestamp=1598887778336&other_urls=https%3A%2F%2Fregistry.npm.taobao.org%2Fd3-array%2Fdownload%2Fd3-array-1.2.4.tgz#635ce4d5eea759f6f605863dbcfc30edc737f71f"
    integrity sha1-Y1zk1e6nWfb2BYY9vPww7cc39x8=
  
  d3-collection@1:
    version "1.0.7"
    resolved "https://registry.npm.taobao.org/d3-collection/download/d3-collection-1.0.7.tgz#349bd2aa9977db071091c13144d5e4f16b5b310e"
    integrity sha1-NJvSqpl32wcQkcExRNXk8WtbMQ4=
  
  d3-color@1, d3-color@^1.4.1:
    version "1.4.1"
    resolved "https://registry.npm.taobao.org/d3-color/download/d3-color-1.4.1.tgz#c52002bf8846ada4424d55d97982fef26eb3bc8a"
    integrity sha1-xSACv4hGraRCTVXZeYL+8m6zvIo=
  
  d3-composite-projections@^1.2.0:
    version "1.3.2"
    resolved "https://registry.npm.taobao.org/d3-composite-projections/download/d3-composite-projections-1.3.2.tgz#383f6a6096f38ed1fb379ae1983f25d3267377c7"
    integrity sha1-OD9qYJbzjtH7N5rhmD8l0yZzd8c=
    dependencies:
      d3-geo "^1.11.9"
      d3-path "^1.0.9"
  
  d3-dsv@^1.0.5:
    version "1.2.0"
    resolved "https://registry.npm.taobao.org/d3-dsv/download/d3-dsv-1.2.0.tgz#9d5f75c3a5f8abd611f74d3f5847b0d4338b885c"
    integrity sha1-nV91w6X4q9YR900/WEew1DOLiFw=
    dependencies:
      commander "2"
      iconv-lite "0.4"
      rw "1"
  
  d3-ease@^1.0.5:
    version "1.0.7"
    resolved "https://registry.npm.taobao.org/d3-ease/download/d3-ease-1.0.7.tgz?cache=0&sync_timestamp=1598193310800&other_urls=https%3A%2F%2Fregistry.npm.taobao.org%2Fd3-ease%2Fdownload%2Fd3-ease-1.0.7.tgz#9a834890ef8b8ae8c558b2fe55bd57f5993b85e2"
    integrity sha1-moNIkO+LiujFWLL+Vb1X9Zk7heI=
  
  d3-geo-projection@~2.1.2:
    version "2.1.2"
    resolved "https://registry.npm.taobao.org/d3-geo-projection/download/d3-geo-projection-2.1.2.tgz#7df8e1e9d046d631c6509f7e531357d4adc24aa3"
    integrity sha1-ffjh6dBG1jHGUJ9+UxNX1K3CSqM=
    dependencies:
      commander "2"
      d3-array "1"
      d3-geo "^1.1.0"
  
  d3-geo@^1.1.0, d3-geo@^1.11.9:
    version "1.12.1"
    resolved "https://registry.npm.taobao.org/d3-geo/download/d3-geo-1.12.1.tgz#7fc2ab7414b72e59fbcbd603e80d9adc029b035f"
    integrity sha1-f8KrdBS3Lln7y9YD6A2a3AKbA18=
    dependencies:
      d3-array "1"
  
  d3-geo@~1.6.4:
    version "1.6.4"
    resolved "https://registry.npm.taobao.org/d3-geo/download/d3-geo-1.6.4.tgz#f20e1e461cb1845f5a8be55ab6f876542a7e3199"
    integrity sha1-8g4eRhyxhF9ai+Vatvh2VCp+MZk=
    dependencies:
      d3-array "1"
  
  d3-hexjson@^1.0.1:
    version "1.1.0"
    resolved "https://registry.npm.taobao.org/d3-hexjson/download/d3-hexjson-1.1.0.tgz#c7ec58afb7c46674f5e2dab63d55a42f90abee07"
    integrity sha1-x+xYr7fEZnT14tq2PVWkL5Cr7gc=
    dependencies:
      d3-array "1"
  
  d3-hierarchy@^1.1.5:
    version "1.1.9"
    resolved "https://registry.npm.taobao.org/d3-hierarchy/download/d3-hierarchy-1.1.9.tgz?cache=0&sync_timestamp=1598226401647&other_urls=https%3A%2F%2Fregistry.npm.taobao.org%2Fd3-hierarchy%2Fdownload%2Fd3-hierarchy-1.1.9.tgz#2f6bee24caaea43f8dc37545fa01628559647a83"
    integrity sha1-L2vuJMqupD+Nw3VF+gFihVlkeoM=
  
  d3-interpolate@^1.3.2:
    version "1.4.0"
    resolved "https://registry.npm.taobao.org/d3-interpolate/download/d3-interpolate-1.4.0.tgz#526e79e2d80daa383f9e0c1c1c7dcc0f0583e987"
    integrity sha1-Um554tgNqjg/ngwcHH3MDwWD6Yc=
    dependencies:
      d3-color "1"
  
  d3-path@1, d3-path@^1.0.9:
    version "1.0.9"
    resolved "https://registry.npm.taobao.org/d3-path/download/d3-path-1.0.9.tgz?cache=0&sync_timestamp=1597836759843&other_urls=https%3A%2F%2Fregistry.npm.taobao.org%2Fd3-path%2Fdownload%2Fd3-path-1.0.9.tgz#48c050bb1fe8c262493a8caf5524e3e9591701cf"
    integrity sha1-SMBQux/owmJJOoyvVSTj6VkXAc8=
  
  d3-regression@~1.3.4:
    version "1.3.5"
    resolved "https://registry.npm.taobao.org/d3-regression/download/d3-regression-1.3.5.tgz#ad4318aa426987fce3fedbee4106cee5443ce31f"
    integrity sha1-rUMYqkJph/zj/tvuQQbO5UQ84x8=
  
  d3-sankey@^0.9.1:
    version "0.9.1"
    resolved "https://registry.npm.taobao.org/d3-sankey/download/d3-sankey-0.9.1.tgz#b850145a3284111636ddec90dfda8c64919bee4e"
    integrity sha1-uFAUWjKEERY23eyQ39qMZJGb7k4=
    dependencies:
      d3-array "1"
      d3-collection "1"
      d3-shape "^1.2.0"
  
  d3-shape@^1.2.0:
    version "1.3.7"
    resolved "https://registry.npm.taobao.org/d3-shape/download/d3-shape-1.3.7.tgz?cache=0&sync_timestamp=1597853925859&other_urls=https%3A%2F%2Fregistry.npm.taobao.org%2Fd3-shape%2Fdownload%2Fd3-shape-1.3.7.tgz#df63801be07bc986bc54f63789b4fe502992b5d7"
    integrity sha1-32OAG+B7yYa8VPY3ibT+UCmStdc=
    dependencies:
      d3-path "1"
  
  d3-timer@^1.0.9:
    version "1.0.10"
    resolved "https://registry.npm.taobao.org/d3-timer/download/d3-timer-1.0.10.tgz?cache=0&sync_timestamp=1598193310042&other_urls=https%3A%2F%2Fregistry.npm.taobao.org%2Fd3-timer%2Fdownload%2Fd3-timer-1.0.10.tgz#dfe76b8a91748831b13b6d9c793ffbd508dd9de5"
    integrity sha1-3+dripF0iDGxO22ceT/71QjdneU=
  
  d3-voronoi@^1.1.2:
    version "1.1.4"
    resolved "https://registry.npm.taobao.org/d3-voronoi/download/d3-voronoi-1.1.4.tgz#dd3c78d7653d2bb359284ae478645d95944c8297"
    integrity sha1-3Tx412U9K7NZKErkeGRdlZRMgpc=
  
  dagre@^0.8.2:
    version "0.8.5"
    resolved "https://registry.npm.taobao.org/dagre/download/dagre-0.8.5.tgz#ba30b0055dac12b6c1fcc247817442777d06afee"
    integrity sha1-ujCwBV2sErbB/MJHgXRCd30Gr+4=
    dependencies:
      graphlib "^2.1.8"
      lodash "^4.17.15"
  
  damerau-levenshtein@^1.0.6:
    version "1.0.6"
    resolved "https://registry.npm.taobao.org/damerau-levenshtein/download/damerau-levenshtein-1.0.6.tgz#143c1641cb3d85c60c32329e26899adea8701791"
    integrity sha1-FDwWQcs9hcYMMjKeJoma3qhwF5E=
  
  dashdash@^1.12.0:
    version "1.14.1"
    resolved "https://registry.npm.taobao.org/dashdash/download/dashdash-1.14.1.tgz#853cfa0f7cbe2fed5de20326b8dd581035f6e2f0"
    integrity sha1-hTz6D3y+L+1d4gMmuN1YEDX24vA=
    dependencies:
      assert-plus "^1.0.0"
  
  data-urls@^2.0.0:
    version "2.0.0"
    resolved "https://registry.npm.taobao.org/data-urls/download/data-urls-2.0.0.tgz#156485a72963a970f5d5821aaf642bef2bf2db9b"
    integrity sha1-FWSFpyljqXD11YIar2Qr7yvy25s=
    dependencies:
      abab "^2.0.3"
      whatwg-mimetype "^2.3.0"
      whatwg-url "^8.0.0"
  
  date-fns@^2.15.0:
    version "2.16.1"
    resolved "https://registry.npm.taobao.org/date-fns/download/date-fns-2.16.1.tgz?cache=0&sync_timestamp=1598884225872&other_urls=https%3A%2F%2Fregistry.npm.taobao.org%2Fdate-fns%2Fdownload%2Fdate-fns-2.16.1.tgz#05775792c3f3331da812af253e1a935851d3834b"
    integrity sha1-BXdXksPzMx2oEq8lPhqTWFHTg0s=
  
  dayjs@^1.8.30:
    version "1.8.35"
    resolved "https://registry.npm.taobao.org/dayjs/download/dayjs-1.8.35.tgz?cache=0&sync_timestamp=1599050717300&other_urls=https%3A%2F%2Fregistry.npm.taobao.org%2Fdayjs%2Fdownload%2Fdayjs-1.8.35.tgz#67118378f15d31623f3ee2992f5244b887606888"
    integrity sha1-ZxGDePFdMWI/PuKZL1JEuIdgaIg=
  
  debug@2.6.9, debug@^2.2.0, debug@^2.3.3, debug@^2.6.9:
    version "2.6.9"
    resolved "https://registry.npm.taobao.org/debug/download/debug-2.6.9.tgz?cache=0&sync_timestamp=1592843160836&other_urls=https%3A%2F%2Fregistry.npm.taobao.org%2Fdebug%2Fdownload%2Fdebug-2.6.9.tgz#5d128515df134ff327e90a4c93f4e077a536341f"
    integrity sha1-XRKFFd8TT/Mn6QpMk/Tgd6U2NB8=
    dependencies:
      ms "2.0.0"
  
  debug@^4.0.1, debug@^4.1.0, debug@^4.1.1:
    version "4.1.1"
    resolved "https://registry.npm.taobao.org/debug/download/debug-4.1.1.tgz?cache=0&sync_timestamp=1592843160836&other_urls=https%3A%2F%2Fregistry.npm.taobao.org%2Fdebug%2Fdownload%2Fdebug-4.1.1.tgz#3b72260255109c6b589cee050f1d516139664791"
    integrity sha1-O3ImAlUQnGtYnO4FDx1RYTlmR5E=
    dependencies:
      ms "^2.1.1"
  
  debug@^4.3.0:
    version "4.3.1"
    resolved "https://registry.npm.taobao.org/debug/download/debug-4.3.1.tgz?cache=0&sync_timestamp=1607566551397&other_urls=https%3A%2F%2Fregistry.npm.taobao.org%2Fdebug%2Fdownload%2Fdebug-4.3.1.tgz#f0d229c505e0c6d8c49ac553d1b13dc183f6b2ee"
    integrity sha1-8NIpxQXgxtjEmsVT0bE9wYP2su4=
    dependencies:
      ms "2.1.2"
  
  decamelize@^1.2.0:
    version "1.2.0"
    resolved "https://registry.npm.taobao.org/decamelize/download/decamelize-1.2.0.tgz#f6534d15148269b20352e7bee26f501f9a191290"
    integrity sha1-9lNNFRSCabIDUue+4m9QH5oZEpA=
  
  decimal.js@^10.2.0:
    version "10.2.0"
    resolved "https://registry.npm.taobao.org/decimal.js/download/decimal.js-10.2.0.tgz#39466113a9e036111d02f82489b5fd6b0b5ed231"
    integrity sha1-OUZhE6ngNhEdAvgkibX9awte0jE=
  
  decode-uri-component@^0.2.0:
    version "0.2.0"
    resolved "https://registry.npm.taobao.org/decode-uri-component/download/decode-uri-component-0.2.0.tgz#eb3913333458775cb84cd1a1fae062106bb87545"
    integrity sha1-6zkTMzRYd1y4TNGh+uBiEGu4dUU=
  
  decompress-response@^3.3.0:
    version "3.3.0"
    resolved "https://registry.npm.taobao.org/decompress-response/download/decompress-response-3.3.0.tgz#80a4dd323748384bfa248083622aedec982adff3"
    integrity sha1-gKTdMjdIOEv6JICDYirt7Jgq3/M=
    dependencies:
      mimic-response "^1.0.0"
  
  decompress-tar@^4.0.0, decompress-tar@^4.1.0, decompress-tar@^4.1.1:
    version "4.1.1"
    resolved "https://registry.npm.taobao.org/decompress-tar/download/decompress-tar-4.1.1.tgz#718cbd3fcb16209716e70a26b84e7ba4592e5af1"
    integrity sha1-cYy9P8sWIJcW5womuE57pFkuWvE=
    dependencies:
      file-type "^5.2.0"
      is-stream "^1.1.0"
      tar-stream "^1.5.2"
  
  decompress-tarbz2@^4.0.0:
    version "4.1.1"
    resolved "https://registry.npm.taobao.org/decompress-tarbz2/download/decompress-tarbz2-4.1.1.tgz#3082a5b880ea4043816349f378b56c516be1a39b"
    integrity sha1-MIKluIDqQEOBY0nzeLVsUWvho5s=
    dependencies:
      decompress-tar "^4.1.0"
      file-type "^6.1.0"
      is-stream "^1.1.0"
      seek-bzip "^1.0.5"
      unbzip2-stream "^1.0.9"
  
  decompress-targz@^4.0.0:
    version "4.1.1"
    resolved "https://registry.npm.taobao.org/decompress-targz/download/decompress-targz-4.1.1.tgz#c09bc35c4d11f3de09f2d2da53e9de23e7ce1eee"
    integrity sha1-wJvDXE0R894J8tLaU+neI+fOHu4=
    dependencies:
      decompress-tar "^4.1.1"
      file-type "^5.2.0"
      is-stream "^1.1.0"
  
  decompress-unzip@^4.0.1:
    version "4.0.1"
    resolved "https://registry.npm.taobao.org/decompress-unzip/download/decompress-unzip-4.0.1.tgz#deaaccdfd14aeaf85578f733ae8210f9b4848f69"
    integrity sha1-3qrM39FK6vhVePczroIQ+bSEj2k=
    dependencies:
      file-type "^3.8.0"
      get-stream "^2.2.0"
      pify "^2.3.0"
      yauzl "^2.4.2"
  
  decompress@^4.2.0:
    version "4.2.1"
    resolved "https://registry.npm.taobao.org/decompress/download/decompress-4.2.1.tgz#007f55cc6a62c055afa37c07eb6a4ee1b773f118"
    integrity sha1-AH9VzGpiwFWvo3wH62pO4bdz8Rg=
    dependencies:
      decompress-tar "^4.0.0"
      decompress-tarbz2 "^4.0.0"
      decompress-targz "^4.0.0"
      decompress-unzip "^4.0.1"
      graceful-fs "^4.1.10"
      make-dir "^1.0.0"
      pify "^2.3.0"
      strip-dirs "^2.0.0"
  
  dedent@^0.7.0:
    version "0.7.0"
    resolved "https://registry.npm.taobao.org/dedent/download/dedent-0.7.0.tgz#2495ddbaf6eb874abb0e1be9df22d2e5a544326c"
    integrity sha1-JJXduvbrh0q7Dhvp3yLS5aVEMmw=
  
  deep-extend@^0.5.1:
    version "0.5.1"
    resolved "https://registry.npm.taobao.org/deep-extend/download/deep-extend-0.5.1.tgz#b894a9dd90d3023fbf1c55a394fb858eb2066f1f"
    integrity sha1-uJSp3ZDTAj+/HFWjlPuFjrIGbx8=
  
  deep-extend@^0.6.0:
    version "0.6.0"
    resolved "https://registry.npm.taobao.org/deep-extend/download/deep-extend-0.6.0.tgz#c4fa7c95404a17a9c3e8ca7e1537312b736330ac"
    integrity sha1-xPp8lUBKF6nD6Mp+FTcxK3NjMKw=
  
  deep-is@^0.1.3, deep-is@~0.1.3:
    version "0.1.3"
    resolved "https://registry.npm.taobao.org/deep-is/download/deep-is-0.1.3.tgz#b369d6fb5dbc13eecf524f91b070feedc357cf34"
    integrity sha1-s2nW+128E+7PUk+RsHD+7cNXzzQ=
  
  deepmerge@^4.2.2:
    version "4.2.2"
    resolved "https://registry.npm.taobao.org/deepmerge/download/deepmerge-4.2.2.tgz#44d2ea3679b8f4d4ffba33f03d865fc1e7bf4955"
    integrity sha1-RNLqNnm49NT/ujPwPYZfwee/SVU=
  
  defaults@^1.0.3:
    version "1.0.3"
    resolved "https://registry.npm.taobao.org/defaults/download/defaults-1.0.3.tgz#c656051e9817d9ff08ed881477f3fe4019f3ef7d"
    integrity sha1-xlYFHpgX2f8I7YgUd/P+QBnz730=
    dependencies:
      clone "^1.0.2"
  
  defer-to-connect@^1.0.1:
    version "1.1.3"
    resolved "https://registry.npm.taobao.org/defer-to-connect/download/defer-to-connect-1.1.3.tgz?cache=0&sync_timestamp=1580234507494&other_urls=https%3A%2F%2Fregistry.npm.taobao.org%2Fdefer-to-connect%2Fdownload%2Fdefer-to-connect-1.1.3.tgz#331ae050c08dcf789f8c83a7b81f0ed94f4ac591"
    integrity sha1-MxrgUMCNz3ifjIOnuB8O2U9KxZE=
  
  define-properties@^1.1.2, define-properties@^1.1.3:
    version "1.1.3"
    resolved "https://registry.npm.taobao.org/define-properties/download/define-properties-1.1.3.tgz#cf88da6cbee26fe6db7094f61d870cbd84cee9f1"
    integrity sha1-z4jabL7ib+bbcJT2HYcMvYTO6fE=
    dependencies:
      object-keys "^1.0.12"
  
  define-property@^0.2.5:
    version "0.2.5"
    resolved "https://registry.npm.taobao.org/define-property/download/define-property-0.2.5.tgz#c35b1ef918ec3c990f9a5bc57be04aacec5c8116"
    integrity sha1-w1se+RjsPJkPmlvFe+BKrOxcgRY=
    dependencies:
      is-descriptor "^0.1.0"
  
  define-property@^1.0.0:
    version "1.0.0"
    resolved "https://registry.npm.taobao.org/define-property/download/define-property-1.0.0.tgz#769ebaaf3f4a63aad3af9e8d304c9bbe79bfb0e6"
    integrity sha1-dp66rz9KY6rTr56NMEybvnm/sOY=
    dependencies:
      is-descriptor "^1.0.0"
  
  define-property@^2.0.2:
    version "2.0.2"
    resolved "https://registry.npm.taobao.org/define-property/download/define-property-2.0.2.tgz#d459689e8d654ba77e02a817f8710d702cb16e9d"
    integrity sha1-1Flono1lS6d+AqgX+HENcCyxbp0=
    dependencies:
      is-descriptor "^1.0.2"
      isobject "^3.0.1"
  
  del@^5.1.0:
    version "5.1.0"
    resolved "https://registry.npm.taobao.org/del/download/del-5.1.0.tgz#d9487c94e367410e6eff2925ee58c0c84a75b3a7"
    integrity sha1-2Uh8lONnQQ5u/ykl7ljAyEp1s6c=
    dependencies:
      globby "^10.0.1"
      graceful-fs "^4.2.2"
      is-glob "^4.0.1"
      is-path-cwd "^2.2.0"
      is-path-inside "^3.0.1"
      p-map "^3.0.0"
      rimraf "^3.0.0"
      slash "^3.0.0"
  
  delayed-stream@~1.0.0:
    version "1.0.0"
    resolved "https://registry.npm.taobao.org/delayed-stream/download/delayed-stream-1.0.0.tgz#df3ae199acadfb7d440aaae0b29e2272b24ec619"
    integrity sha1-3zrhmayt+31ECqrgsp4icrJOxhk=
  
  depd@~1.1.2:
    version "1.1.2"
    resolved "https://registry.npm.taobao.org/depd/download/depd-1.1.2.tgz#9bcd52e14c097763e749b274c4346ed2e560b5a9"
    integrity sha1-m81S4UwJd2PnSbJ0xDRu0uVgtak=
  
  des.js@^1.0.0:
    version "1.0.1"
    resolved "https://registry.npm.taobao.org/des.js/download/des.js-1.0.1.tgz#5382142e1bdc53f85d86d53e5f4aa7deb91e0843"
    integrity sha1-U4IULhvcU/hdhtU+X0qn3rkeCEM=
    dependencies:
      inherits "^2.0.1"
      minimalistic-assert "^1.0.0"
  
  destroy@~1.0.4:
    version "1.0.4"
    resolved "https://registry.npm.taobao.org/destroy/download/destroy-1.0.4.tgz#978857442c44749e4206613e37946205826abd80"
    integrity sha1-l4hXRCxEdJ5CBmE+N5RiBYJqvYA=
  
  detect-browser@^4.6.0:
    version "4.8.0"
    resolved "https://registry.npm.taobao.org/detect-browser/download/detect-browser-4.8.0.tgz#1d73bd88c17be866901950ce0aaae1ed060902c6"
    integrity sha1-HXO9iMF76GaQGVDOCqrh7QYJAsY=
  
  detect-browser@^5.1.0:
    version "5.1.1"
    resolved "https://registry.npm.taobao.org/detect-browser/download/detect-browser-5.1.1.tgz#a800db91d3fd60d0861669f5984f1be9ffbe009c"
    integrity sha1-qADbkdP9YNCGFmn1mE8b6f++AJw=
  
  detect-file@^1.0.0:
    version "1.0.0"
    resolved "https://registry.npm.taobao.org/detect-file/download/detect-file-1.0.0.tgz#f0d66d03672a825cb1b73bdb3fe62310c8e552b7"
    integrity sha1-8NZtA2cqglyxtzvbP+YjEMjlUrc=
  
  detect-newline@^3.0.0:
    version "3.1.0"
    resolved "https://registry.npm.taobao.org/detect-newline/download/detect-newline-3.1.0.tgz#576f5dfc63ae1a192ff192d8ad3af6308991b651"
    integrity sha1-V29d/GOuGhkv8ZLYrTr2MImRtlE=
  
  detect-node@^2.0.4:
    version "2.0.4"
    resolved "https://registry.npm.taobao.org/detect-node/download/detect-node-2.0.4.tgz#014ee8f8f669c5c58023da64b8179c083a28c46c"
    integrity sha1-AU7o+PZpxcWAI9pkuBecCDooxGw=
  
  devtron@^1.4.0:
    version "1.4.0"
    resolved "https://registry.npm.taobao.org/devtron/download/devtron-1.4.0.tgz#b5e748bd6e95bbe70bfcc68aae6fe696119441e1"
    integrity sha1-tedIvW6Vu+cL/MaKrm/mlhGUQeE=
    dependencies:
      accessibility-developer-tools "^2.11.0"
      highlight.js "^9.3.0"
      humanize-plus "^1.8.1"
  
  diff-sequences@^26.3.0:
    version "26.3.0"
    resolved "https://registry.npm.taobao.org/diff-sequences/download/diff-sequences-26.3.0.tgz?cache=0&sync_timestamp=1597059391689&other_urls=https%3A%2F%2Fregistry.npm.taobao.org%2Fdiff-sequences%2Fdownload%2Fdiff-sequences-26.3.0.tgz#62a59b1b29ab7fd27cef2a33ae52abe73042d0a2"
    integrity sha1-YqWbGymrf9J87yozrlKr5zBC0KI=
  
  diffie-hellman@^5.0.0:
    version "5.0.3"
    resolved "https://registry.npm.taobao.org/diffie-hellman/download/diffie-hellman-5.0.3.tgz#40e8ee98f55a2149607146921c63e1ae5f3d2875"
    integrity sha1-QOjumPVaIUlgcUaSHGPhrl89KHU=
    dependencies:
      bn.js "^4.1.0"
      miller-rabin "^4.0.0"
      randombytes "^2.0.0"
  
  dir-glob@^2.2.2:
    version "2.2.2"
    resolved "https://registry.npm.taobao.org/dir-glob/download/dir-glob-2.2.2.tgz#fa09f0694153c8918b18ba0deafae94769fc50c4"
    integrity sha1-+gnwaUFTyJGLGLoN6vrpR2n8UMQ=
    dependencies:
      path-type "^3.0.0"
  
  dir-glob@^3.0.1:
    version "3.0.1"
    resolved "https://registry.npm.taobao.org/dir-glob/download/dir-glob-3.0.1.tgz#56dbf73d992a4a93ba1584f4534063fd2e41717f"
    integrity sha1-Vtv3PZkqSpO6FYT0U0Bj/S5BcX8=
    dependencies:
      path-type "^4.0.0"
  
  dmg-builder@22.9.1:
    version "22.9.1"
    resolved "https://registry.npm.taobao.org/dmg-builder/download/dmg-builder-22.9.1.tgz?cache=0&sync_timestamp=1608115313610&other_urls=https%3A%2F%2Fregistry.npm.taobao.org%2Fdmg-builder%2Fdownload%2Fdmg-builder-22.9.1.tgz#64647224f37ee47fc9bd01947c21cc010a30511f"
    integrity sha1-ZGRyJPN+5H/JvQGUfCHMAQowUR8=
    dependencies:
      app-builder-lib "22.9.1"
      builder-util "22.9.1"
      fs-extra "^9.0.1"
      iconv-lite "^0.6.2"
      js-yaml "^3.14.0"
      sanitize-filename "^1.6.3"
  
  doctrine@1.5.0:
    version "1.5.0"
    resolved "https://registry.npm.taobao.org/doctrine/download/doctrine-1.5.0.tgz#379dce730f6166f76cefa4e6707a159b02c5a6fa"
    integrity sha1-N53Ocw9hZvds76TmcHoVmwLFpvo=
    dependencies:
      esutils "^2.0.2"
      isarray "^1.0.0"
  
  doctrine@^2.1.0:
    version "2.1.0"
    resolved "https://registry.npm.taobao.org/doctrine/download/doctrine-2.1.0.tgz#5cd01fc101621b42c4cd7f5d1a66243716d3f39d"
    integrity sha1-XNAfwQFiG0LEzX9dGmYkNxbT850=
    dependencies:
      esutils "^2.0.2"
  
  doctrine@^3.0.0:
    version "3.0.0"
    resolved "https://registry.npm.taobao.org/doctrine/download/doctrine-3.0.0.tgz#addebead72a6574db783639dc87a121773973961"
    integrity sha1-rd6+rXKmV023g2OdyHoSF3OXOWE=
    dependencies:
      esutils "^2.0.2"
  
  dom-align@^1.7.0:
    version "1.12.0"
    resolved "https://registry.npm.taobao.org/dom-align/download/dom-align-1.12.0.tgz#56fb7156df0b91099830364d2d48f88963f5a29c"
    integrity sha1-VvtxVt8LkQmYMDZNLUj4iWP1opw=
  
  dom-converter@^0.2:
    version "0.2.0"
    resolved "https://registry.npm.taobao.org/dom-converter/download/dom-converter-0.2.0.tgz#6721a9daee2e293682955b6afe416771627bb768"
    integrity sha1-ZyGp2u4uKTaClVtq/kFncWJ7t2g=
    dependencies:
      utila "~0.4"
  
  dom-serializer@0:
    version "0.2.2"
    resolved "https://registry.npm.taobao.org/dom-serializer/download/dom-serializer-0.2.2.tgz?cache=0&sync_timestamp=1600026603144&other_urls=https%3A%2F%2Fregistry.npm.taobao.org%2Fdom-serializer%2Fdownload%2Fdom-serializer-0.2.2.tgz#1afb81f533717175d478655debc5e332d9f9bb51"
    integrity sha1-GvuB9TNxcXXUeGVd68XjMtn5u1E=
    dependencies:
      domelementtype "^2.0.1"
      entities "^2.0.0"
  
  dom-serializer@^1.0.1:
    version "1.1.0"
    resolved "https://registry.npm.taobao.org/dom-serializer/download/dom-serializer-1.1.0.tgz?cache=0&sync_timestamp=1600026603144&other_urls=https%3A%2F%2Fregistry.npm.taobao.org%2Fdom-serializer%2Fdownload%2Fdom-serializer-1.1.0.tgz#5f7c828f1bfc44887dc2a315ab5c45691d544b58"
    integrity sha1-X3yCjxv8RIh9wqMVq1xFaR1US1g=
    dependencies:
      domelementtype "^2.0.1"
      domhandler "^3.0.0"
      entities "^2.0.0"
  
  dom-walk@^0.1.0:
    version "0.1.2"
    resolved "https://registry.npm.taobao.org/dom-walk/download/dom-walk-0.1.2.tgz#0c548bef048f4d1f2a97249002236060daa3fd84"
    integrity sha1-DFSL7wSPTR8qlySQAiNgYNqj/YQ=
  
  domain-browser@^1.1.1:
    version "1.2.0"
    resolved "https://registry.npm.taobao.org/domain-browser/download/domain-browser-1.2.0.tgz#3d31f50191a6749dd1375a7f522e823d42e54eda"
    integrity sha1-PTH1AZGmdJ3RN1p/Ui6CPULlTto=
  
  domelementtype@1, domelementtype@^1.3.1:
    version "1.3.1"
    resolved "https://registry.npm.taobao.org/domelementtype/download/domelementtype-1.3.1.tgz?cache=0&sync_timestamp=1600028501093&other_urls=https%3A%2F%2Fregistry.npm.taobao.org%2Fdomelementtype%2Fdownload%2Fdomelementtype-1.3.1.tgz#d048c44b37b0d10a7f2a3d5fee3f4333d790481f"
    integrity sha1-0EjESzew0Qp/Kj1f7j9DM9eQSB8=
  
  domelementtype@^2.0.1:
    version "2.0.2"
    resolved "https://registry.npm.taobao.org/domelementtype/download/domelementtype-2.0.2.tgz?cache=0&sync_timestamp=1600028501093&other_urls=https%3A%2F%2Fregistry.npm.taobao.org%2Fdomelementtype%2Fdownload%2Fdomelementtype-2.0.2.tgz#f3b6e549201e46f588b59463dd77187131fe6971"
    integrity sha1-87blSSAeRvWItZRj3XcYcTH+aXE=
  
  domexception@^2.0.1:
    version "2.0.1"
    resolved "https://registry.npm.taobao.org/domexception/download/domexception-2.0.1.tgz#fb44aefba793e1574b0af6aed2801d057529f304"
    integrity sha1-+0Su+6eT4VdLCvau0oAdBXUp8wQ=
    dependencies:
      webidl-conversions "^5.0.0"
  
  domhandler@^2.3.0:
    version "2.4.2"
    resolved "https://registry.npm.taobao.org/domhandler/download/domhandler-2.4.2.tgz#8805097e933d65e85546f726d60f5eb88b44f803"
    integrity sha1-iAUJfpM9ZehVRvcm1g9euItE+AM=
    dependencies:
      domelementtype "1"
  
  domhandler@^3.0.0:
    version "3.0.0"
    resolved "https://registry.npm.taobao.org/domhandler/download/domhandler-3.0.0.tgz#51cd13efca31da95bbb0c5bee3a48300e333b3e9"
    integrity sha1-Uc0T78ox2pW7sMW+46SDAOMzs+k=
    dependencies:
      domelementtype "^2.0.1"
  
  dompurify@^2.0.12:
    version "2.0.15"
    resolved "https://registry.npm.taobao.org/dompurify/download/dompurify-2.0.15.tgz#80e300fc3e89547bd0af1aff2eba88ce17fc9dea"
    integrity sha1-gOMA/D6JVHvQrxr/LrqIzhf8neo=
  
  domutils@1.5.1:
    version "1.5.1"
    resolved "https://registry.npm.taobao.org/domutils/download/domutils-1.5.1.tgz?cache=0&sync_timestamp=1600022784304&other_urls=https%3A%2F%2Fregistry.npm.taobao.org%2Fdomutils%2Fdownload%2Fdomutils-1.5.1.tgz#dcd8488a26f563d61079e48c9f7b7e32373682cf"
    integrity sha1-3NhIiib1Y9YQeeSMn3t+Mjc2gs8=
    dependencies:
      dom-serializer "0"
      domelementtype "1"
  
  domutils@^1.5.1:
    version "1.7.0"
    resolved "https://registry.npm.taobao.org/domutils/download/domutils-1.7.0.tgz?cache=0&sync_timestamp=1600022784304&other_urls=https%3A%2F%2Fregistry.npm.taobao.org%2Fdomutils%2Fdownload%2Fdomutils-1.7.0.tgz#56ea341e834e06e6748af7a1cb25da67ea9f8c2a"
    integrity sha1-Vuo0HoNOBuZ0ivehyyXaZ+qfjCo=
    dependencies:
      dom-serializer "0"
      domelementtype "1"
  
  domutils@^2.0.0:
    version "2.3.0"
    resolved "https://registry.npm.taobao.org/domutils/download/domutils-2.3.0.tgz?cache=0&sync_timestamp=1600022784304&other_urls=https%3A%2F%2Fregistry.npm.taobao.org%2Fdomutils%2Fdownload%2Fdomutils-2.3.0.tgz#6469c63a3da2de0c3016f3a59e6a969e10705bce"
    integrity sha1-ZGnGOj2i3gwwFvOlnmqWnhBwW84=
    dependencies:
      dom-serializer "^1.0.1"
      domelementtype "^2.0.1"
      domhandler "^3.0.0"
  
  dot-case@^2.1.0:
    version "2.1.1"
    resolved "https://registry.npm.taobao.org/dot-case/download/dot-case-2.1.1.tgz#34dcf37f50a8e93c2b3bca8bb7fb9155c7da3bee"
    integrity sha1-NNzzf1Co6TwrO8qLt/uRVcfaO+4=
    dependencies:
      no-case "^2.2.0"
  
  dot-case@^3.0.3:
    version "3.0.3"
    resolved "https://registry.npm.taobao.org/dot-case/download/dot-case-3.0.3.tgz#21d3b52efaaba2ea5fda875bb1aa8124521cf4aa"
    integrity sha1-IdO1Lvqroupf2odbsaqBJFIc9Ko=
    dependencies:
      no-case "^3.0.3"
      tslib "^1.10.0"
  
  dot-prop@^5.2.0:
    version "5.3.0"
    resolved "https://registry.npm.taobao.org/dot-prop/download/dot-prop-5.3.0.tgz#90ccce708cd9cd82cc4dc8c3ddd9abdd55b20e88"
    integrity sha1-kMzOcIzZzYLMTcjD3dmr3VWyDog=
    dependencies:
      is-obj "^2.0.0"
  
  dotenv-expand@^5.1.0:
    version "5.1.0"
    resolved "https://registry.npm.taobao.org/dotenv-expand/download/dotenv-expand-5.1.0.tgz#3fbaf020bfd794884072ea26b1e9791d45a629f0"
    integrity sha1-P7rwIL/XlIhAcuomsel5HUWmKfA=
  
  dotenv@^8.2.0:
    version "8.2.0"
    resolved "https://registry.npm.taobao.org/dotenv/download/dotenv-8.2.0.tgz#97e619259ada750eea3e4ea3e26bceea5424b16a"
    integrity sha1-l+YZJZradQ7qPk6j4mvO6lQksWo=
  
  download@^7.1.0:
    version "7.1.0"
    resolved "https://registry.npm.taobao.org/download/download/download-7.1.0.tgz#9059aa9d70b503ee76a132897be6dec8e5587233"
    integrity sha1-kFmqnXC1A+52oTKJe+beyOVYcjM=
    dependencies:
      archive-type "^4.0.0"
      caw "^2.0.1"
      content-disposition "^0.5.2"
      decompress "^4.2.0"
      ext-name "^5.0.0"
      file-type "^8.1.0"
      filenamify "^2.0.0"
      get-stream "^3.0.0"
      got "^8.3.1"
      make-dir "^1.2.0"
      p-event "^2.1.0"
      pify "^3.0.0"
  
  duplexer3@^0.1.4:
    version "0.1.4"
    resolved "https://registry.npm.taobao.org/duplexer3/download/duplexer3-0.1.4.tgz#ee01dd1cac0ed3cbc7fdbea37dc0a8f1ce002ce2"
    integrity sha1-7gHdHKwO08vH/b6jfcCo8c4ALOI=
  
  duplexify@^3.4.2, duplexify@^3.6.0:
    version "3.7.1"
    resolved "https://registry.npm.taobao.org/duplexify/download/duplexify-3.7.1.tgz#2a4df5317f6ccfd91f86d6fd25d8d8a103b88309"
    integrity sha1-Kk31MX9sz9kfhtb9JdjYoQO4gwk=
    dependencies:
      end-of-stream "^1.0.0"
      inherits "^2.0.1"
      readable-stream "^2.0.0"
      stream-shift "^1.0.0"
  
  ecc-jsbn@~0.1.1:
    version "0.1.2"
    resolved "https://registry.npm.taobao.org/ecc-jsbn/download/ecc-jsbn-0.1.2.tgz#3a83a904e54353287874c564b7549386849a98c9"
    integrity sha1-OoOpBOVDUyh4dMVkt1SThoSamMk=
    dependencies:
      jsbn "~0.1.0"
      safer-buffer "^2.1.0"
  
  ecdsa-sig-formatter@1.0.11:
    version "1.0.11"
    resolved "https://registry.npm.taobao.org/ecdsa-sig-formatter/download/ecdsa-sig-formatter-1.0.11.tgz#ae0f0fa2d85045ef14a817daa3ce9acd0489e5bf"
    integrity sha1-rg8PothQRe8UqBfao86azQSJ5b8=
    dependencies:
      safe-buffer "^5.0.1"
  
  ee-first@1.1.1:
    version "1.1.1"
    resolved "https://registry.npm.taobao.org/ee-first/download/ee-first-1.1.1.tgz#590c61156b0ae2f4f0255732a158b266bc56b21d"
    integrity sha1-WQxhFWsK4vTwJVcyoViyZrxWsh0=
  
  ejs@^2.3.4:
    version "2.7.4"
    resolved "https://registry.npm.taobao.org/ejs/download/ejs-2.7.4.tgz?cache=0&sync_timestamp=1597678507367&other_urls=https%3A%2F%2Fregistry.npm.taobao.org%2Fejs%2Fdownload%2Fejs-2.7.4.tgz#48661287573dcc53e366c7a1ae52c3a120eec9ba"
    integrity sha1-SGYSh1c9zFPjZsehrlLDoSDuybo=
  
  ejs@^3.1.5:
    version "3.1.5"
    resolved "https://registry.npm.taobao.org/ejs/download/ejs-3.1.5.tgz?cache=0&sync_timestamp=1597678376225&other_urls=https%3A%2F%2Fregistry.npm.taobao.org%2Fejs%2Fdownload%2Fejs-3.1.5.tgz#aed723844dc20acb4b170cd9ab1017e476a0d93b"
    integrity sha1-rtcjhE3CCstLFwzZqxAX5Hag2Ts=
    dependencies:
      jake "^10.6.1"
  
  electron-builder@^22.9.1:
    version "22.9.1"
    resolved "https://registry.npm.taobao.org/electron-builder/download/electron-builder-22.9.1.tgz#a2962db6f2757bc01d02489f38fafe0809f68f60"
    integrity sha1-opYttvJ1e8AdAkifOPr+CAn2j2A=
    dependencies:
      "@types/yargs" "^15.0.5"
      app-builder-lib "22.9.1"
      bluebird-lst "^1.0.9"
      builder-util "22.9.1"
      builder-util-runtime "8.7.2"
      chalk "^4.1.0"
      dmg-builder "22.9.1"
      fs-extra "^9.0.1"
      is-ci "^2.0.0"
      lazy-val "^1.0.4"
      read-config-file "6.0.0"
      sanitize-filename "^1.6.3"
      update-notifier "^4.1.1"
      yargs "^16.0.3"
  
  electron-publish@22.9.1:
    version "22.9.1"
    resolved "https://registry.npm.taobao.org/electron-publish/download/electron-publish-22.9.1.tgz?cache=0&sync_timestamp=1608115314050&other_urls=https%3A%2F%2Fregistry.npm.taobao.org%2Felectron-publish%2Fdownload%2Felectron-publish-22.9.1.tgz#7cc76ac4cc53efd29ee31c1e5facb9724329068e"
    integrity sha1-fMdqxMxT79Ke4xweX6y5ckMpBo4=
    dependencies:
      "@types/fs-extra" "^9.0.1"
      bluebird-lst "^1.0.9"
      builder-util "22.9.1"
      builder-util-runtime "8.7.2"
      chalk "^4.1.0"
      fs-extra "^9.0.1"
      lazy-val "^1.0.4"
      mime "^2.4.6"
  
  electron-to-chromium@^1.3.564:
    version "1.3.568"
    resolved "https://registry.npm.taobao.org/electron-to-chromium/download/electron-to-chromium-1.3.568.tgz?cache=0&sync_timestamp=1600140896566&other_urls=https%3A%2F%2Fregistry.npm.taobao.org%2Felectron-to-chromium%2Fdownload%2Felectron-to-chromium-1.3.568.tgz#0fa28cd3e5cbd9e8c66f72309eef0646f65a5b66"
    integrity sha1-D6KM0+XL2ejGb3Iwnu8GRvZaW2Y=
  
  electron@^11.1.1:
    version "11.1.1"
    resolved "https://registry.npm.taobao.org/electron/download/electron-11.1.1.tgz?cache=0&sync_timestamp=1608585354530&other_urls=https%3A%2F%2Fregistry.npm.taobao.org%2Felectron%2Fdownload%2Felectron-11.1.1.tgz#188f036f8282798398dca9513e9bb3b10213e3aa"
    integrity sha1-GI8Db4KCeYOY3KlRPpuzsQIT46o=
    dependencies:
      "@electron/get" "^1.0.1"
      "@types/node" "^12.0.12"
      extract-zip "^1.0.3"
  
  elliptic@^6.5.3:
    version "6.5.3"
    resolved "https://registry.npm.taobao.org/elliptic/download/elliptic-6.5.3.tgz#cb59eb2efdaf73a0bd78ccd7015a62ad6e0f93d6"
    integrity sha1-y1nrLv2vc6C9eMzXAVpirW4Pk9Y=
    dependencies:
      bn.js "^4.4.0"
      brorand "^1.0.1"
      hash.js "^1.0.0"
      hmac-drbg "^1.0.0"
      inherits "^2.0.1"
      minimalistic-assert "^1.0.0"
      minimalistic-crypto-utils "^1.0.0"
  
  emittery@^0.7.1:
    version "0.7.1"
    resolved "https://registry.npm.taobao.org/emittery/download/emittery-0.7.1.tgz#c02375a927a40948c0345cc903072597f5270451"
    integrity sha1-wCN1qSekCUjANFzJAwcll/UnBFE=
  
  emoji-regex@^7.0.1:
    version "7.0.3"
    resolved "https://registry.npm.taobao.org/emoji-regex/download/emoji-regex-7.0.3.tgz#933a04052860c85e83c122479c4748a8e4c72156"
    integrity sha1-kzoEBShgyF6DwSJHnEdIqOTHIVY=
  
  emoji-regex@^8.0.0:
    version "8.0.0"
    resolved "https://registry.npm.taobao.org/emoji-regex/download/emoji-regex-8.0.0.tgz#e818fd69ce5ccfcb404594f842963bf53164cc37"
    integrity sha1-6Bj9ac5cz8tARZT4QpY79TFkzDc=
  
  emoji-regex@^9.0.0:
    version "9.0.0"
    resolved "https://registry.npm.taobao.org/emoji-regex/download/emoji-regex-9.0.0.tgz#48a2309cc8a1d2e9d23bc6a67c39b63032e76ea4"
    integrity sha1-SKIwnMih0unSO8amfDm2MDLnbqQ=
  
  emojis-list@^2.0.0:
    version "2.1.0"
    resolved "https://registry.npm.taobao.org/emojis-list/download/emojis-list-2.1.0.tgz#4daa4d9db00f9819880c79fa457ae5b09a1fd389"
    integrity sha1-TapNnbAPmBmIDHn6RXrlsJof04k=
  
  emojis-list@^3.0.0:
    version "3.0.0"
    resolved "https://registry.npm.taobao.org/emojis-list/download/emojis-list-3.0.0.tgz#5570662046ad29e2e916e71aae260abdff4f6a78"
    integrity sha1-VXBmIEatKeLpFucariYKvf9Pang=
  
  encodeurl@^1.0.2, encodeurl@~1.0.2:
    version "1.0.2"
    resolved "https://registry.npm.taobao.org/encodeurl/download/encodeurl-1.0.2.tgz#ad3ff4c86ec2d029322f5a02c3a9a606c95b3f59"
    integrity sha1-rT/0yG7C0CkyL1oCw6mmBslbP1k=
  
  end-of-stream@^1.0.0, end-of-stream@^1.1.0:
    version "1.4.4"
    resolved "https://registry.npm.taobao.org/end-of-stream/download/end-of-stream-1.4.4.tgz#5ae64a5f45057baf3626ec14da0ca5e4b2431eb0"
    integrity sha1-WuZKX0UFe682JuwU2gyl5LJDHrA=
    dependencies:
      once "^1.4.0"
  
  enhanced-resolve@^0.9.1:
    version "0.9.1"
    resolved "https://registry.npm.taobao.org/enhanced-resolve/download/enhanced-resolve-0.9.1.tgz?cache=0&sync_timestamp=1600182920154&other_urls=https%3A%2F%2Fregistry.npm.taobao.org%2Fenhanced-resolve%2Fdownload%2Fenhanced-resolve-0.9.1.tgz#4d6e689b3725f86090927ccc86cd9f1635b89e2e"
    integrity sha1-TW5omzcl+GCQknzMhs2fFjW4ni4=
    dependencies:
      graceful-fs "^4.1.2"
      memory-fs "^0.2.0"
      tapable "^0.1.8"
  
  enhanced-resolve@^4.1.1, enhanced-resolve@^4.3.0:
    version "4.3.0"
    resolved "https://registry.npm.taobao.org/enhanced-resolve/download/enhanced-resolve-4.3.0.tgz?cache=0&sync_timestamp=1600182920154&other_urls=https%3A%2F%2Fregistry.npm.taobao.org%2Fenhanced-resolve%2Fdownload%2Fenhanced-resolve-4.3.0.tgz#3b806f3bfafc1ec7de69551ef93cca46c1704126"
    integrity sha1-O4BvO/r8HsfeaVUe+TzKRsFwQSY=
    dependencies:
      graceful-fs "^4.1.2"
      memory-fs "^0.5.0"
      tapable "^1.0.0"
  
  enquirer@^2.3.5, enquirer@^2.3.6:
    version "2.3.6"
    resolved "https://registry.npm.taobao.org/enquirer/download/enquirer-2.3.6.tgz#2a7fe5dd634a1e4125a975ec994ff5456dc3734d"
    integrity sha1-Kn/l3WNKHkElqXXsmU/1RW3Dc00=
    dependencies:
      ansi-colors "^4.1.1"
  
  entities@^1.1.1:
    version "1.1.2"
    resolved "https://registry.npm.taobao.org/entities/download/entities-1.1.2.tgz#bdfa735299664dfafd34529ed4f8522a275fea56"
    integrity sha1-vfpzUplmTfr9NFKe1PhSKidf6lY=
  
  entities@^2.0.0:
    version "2.0.3"
    resolved "https://registry.npm.taobao.org/entities/download/entities-2.0.3.tgz#5c487e5742ab93c15abb5da22759b8590ec03b7f"
    integrity sha1-XEh+V0Krk8Fau12iJ1m4WQ7AO38=
  
  env-paths@^2.2.0:
    version "2.2.0"
    resolved "https://registry.npm.taobao.org/env-paths/download/env-paths-2.2.0.tgz#cdca557dc009152917d6166e2febe1f039685e43"
    integrity sha1-zcpVfcAJFSkX1hZuL+vh8DloXkM=
  
  errno@^0.1.3, errno@~0.1.7:
    version "0.1.7"
    resolved "https://registry.npm.taobao.org/errno/download/errno-0.1.7.tgz#4684d71779ad39af177e3f007996f7c67c852618"
    integrity sha1-RoTXF3mtOa8Xfj8AeZb3xnyFJhg=
    dependencies:
      prr "~1.0.1"
  
  error-ex@^1.2.0, error-ex@^1.3.1:
    version "1.3.2"
    resolved "https://registry.npm.taobao.org/error-ex/download/error-ex-1.3.2.tgz#b4ac40648107fdcdcfae242f428bea8a14d4f1bf"
    integrity sha1-tKxAZIEH/c3PriQvQovqihTU8b8=
    dependencies:
      is-arrayish "^0.2.1"
  
  es-abstract@^1.17.0, es-abstract@^1.17.0-next.1, es-abstract@^1.17.5:
    version "1.17.6"
    resolved "https://registry.npm.taobao.org/es-abstract/download/es-abstract-1.17.6.tgz?cache=0&sync_timestamp=1597446157420&other_urls=https%3A%2F%2Fregistry.npm.taobao.org%2Fes-abstract%2Fdownload%2Fes-abstract-1.17.6.tgz#9142071707857b2cacc7b89ecb670316c3e2d52a"
    integrity sha1-kUIHFweFeyysx7iey2cDFsPi1So=
    dependencies:
      es-to-primitive "^1.2.1"
      function-bind "^1.1.1"
      has "^1.0.3"
      has-symbols "^1.0.1"
      is-callable "^1.2.0"
      is-regex "^1.1.0"
      object-inspect "^1.7.0"
      object-keys "^1.1.1"
      object.assign "^4.1.0"
      string.prototype.trimend "^1.0.1"
      string.prototype.trimstart "^1.0.1"
  
  es-abstract@^1.18.0-next.0:
    version "1.18.0-next.0"
    resolved "https://registry.npm.taobao.org/es-abstract/download/es-abstract-1.18.0-next.0.tgz?cache=0&sync_timestamp=1597446157420&other_urls=https%3A%2F%2Fregistry.npm.taobao.org%2Fes-abstract%2Fdownload%2Fes-abstract-1.18.0-next.0.tgz#b302834927e624d8e5837ed48224291f2c66e6fc"
    integrity sha1-swKDSSfmJNjlg37UgiQpHyxm5vw=
    dependencies:
      es-to-primitive "^1.2.1"
      function-bind "^1.1.1"
      has "^1.0.3"
      has-symbols "^1.0.1"
      is-callable "^1.2.0"
      is-negative-zero "^2.0.0"
      is-regex "^1.1.1"
      object-inspect "^1.8.0"
      object-keys "^1.1.1"
      object.assign "^4.1.0"
      string.prototype.trimend "^1.0.1"
      string.prototype.trimstart "^1.0.1"
  
  es-to-primitive@^1.2.1:
    version "1.2.1"
    resolved "https://registry.npm.taobao.org/es-to-primitive/download/es-to-primitive-1.2.1.tgz#e55cd4c9cdc188bcefb03b366c736323fc5c898a"
    integrity sha1-5VzUyc3BiLzvsDs2bHNjI/xciYo=
    dependencies:
      is-callable "^1.1.4"
      is-date-object "^1.0.1"
      is-symbol "^1.0.2"
  
  es6-error@^4.1.1:
    version "4.1.1"
    resolved "https://registry.npm.taobao.org/es6-error/download/es6-error-4.1.1.tgz#9e3af407459deed47e9a91f9b885a84eb05c561d"
    integrity sha1-njr0B0Wd7tR+mpH5uIWoTrBcVh0=
  
  escalade@^3.0.2:
    version "3.1.0"
    resolved "https://registry.npm.taobao.org/escalade/download/escalade-3.1.0.tgz?cache=0&sync_timestamp=1600103287365&other_urls=https%3A%2F%2Fregistry.npm.taobao.org%2Fescalade%2Fdownload%2Fescalade-3.1.0.tgz#e8e2d7c7a8b76f6ee64c2181d6b8151441602d4e"
    integrity sha1-6OLXx6i3b27mTCGB1rgVFEFgLU4=
  
  escalade@^3.1.1:
    version "3.1.1"
    resolved "https://registry.npm.taobao.org/escalade/download/escalade-3.1.1.tgz?cache=0&sync_timestamp=1602567261690&other_urls=https%3A%2F%2Fregistry.npm.taobao.org%2Fescalade%2Fdownload%2Fescalade-3.1.1.tgz#d8cfdc7000965c5a0174b4a82eaa5c0552742e40"
    integrity sha1-2M/ccACWXFoBdLSoLqpcBVJ0LkA=
  
  escape-goat@^2.0.0:
    version "2.1.1"
    resolved "https://registry.npm.taobao.org/escape-goat/download/escape-goat-2.1.1.tgz#1b2dc77003676c457ec760b2dc68edb648188675"
    integrity sha1-Gy3HcANnbEV+x2Cy3GjttkgYhnU=
  
  escape-html@~1.0.3:
    version "1.0.3"
    resolved "https://registry.npm.taobao.org/escape-html/download/escape-html-1.0.3.tgz#0258eae4d3d0c0974de1c169188ef0051d1d1988"
    integrity sha1-Aljq5NPQwJdN4cFpGI7wBR0dGYg=
  
  escape-string-regexp@^1.0.2, escape-string-regexp@^1.0.5:
    version "1.0.5"
    resolved "https://registry.npm.taobao.org/escape-string-regexp/download/escape-string-regexp-1.0.5.tgz#1b61c0562190a8dff6ae3bb2cf0200ca130b86d4"
    integrity sha1-G2HAViGQqN/2rjuyzwIAyhMLhtQ=
  
  escape-string-regexp@^2.0.0:
    version "2.0.0"
    resolved "https://registry.npm.taobao.org/escape-string-regexp/download/escape-string-regexp-2.0.0.tgz#a30304e99daa32e23b2fd20f51babd07cffca344"
    integrity sha1-owME6Z2qMuI7L9IPUbq9B8/8o0Q=
  
  escape-string-regexp@^4.0.0:
    version "4.0.0"
    resolved "https://registry.npm.taobao.org/escape-string-regexp/download/escape-string-regexp-4.0.0.tgz#14ba83a5d373e3d311e5afca29cf5bfad965bf34"
    integrity sha1-FLqDpdNz49MR5a/KKc9b+tllvzQ=
  
  escodegen@^1.14.1:
    version "1.14.3"
    resolved "https://registry.npm.taobao.org/escodegen/download/escodegen-1.14.3.tgz?cache=0&sync_timestamp=1596667949574&other_urls=https%3A%2F%2Fregistry.npm.taobao.org%2Fescodegen%2Fdownload%2Fescodegen-1.14.3.tgz#4e7b81fba61581dc97582ed78cab7f0e8d63f503"
    integrity sha1-TnuB+6YVgdyXWC7XjKt/Do1j9QM=
    dependencies:
      esprima "^4.0.1"
      estraverse "^4.2.0"
      esutils "^2.0.2"
      optionator "^0.8.1"
    optionalDependencies:
      source-map "~0.6.1"
  
  eslint-config-airbnb-base@14.2.0, eslint-config-airbnb-base@^14.2.0:
    version "14.2.0"
    resolved "https://registry.npm.taobao.org/eslint-config-airbnb-base/download/eslint-config-airbnb-base-14.2.0.tgz#fe89c24b3f9dc8008c9c0d0d88c28f95ed65e9c4"
    integrity sha1-/onCSz+dyACMnA0NiMKPle1l6cQ=
    dependencies:
      confusing-browser-globals "^1.0.9"
      object.assign "^4.1.0"
      object.entries "^1.1.2"
  
  eslint-config-airbnb@18.2.0:
    version "18.2.0"
    resolved "https://registry.npm.taobao.org/eslint-config-airbnb/download/eslint-config-airbnb-18.2.0.tgz#8a82168713effce8fc08e10896a63f1235499dcd"
    integrity sha1-ioIWhxPv/Oj8COEIlqY/EjVJnc0=
    dependencies:
      eslint-config-airbnb-base "^14.2.0"
      object.assign "^4.1.0"
      object.entries "^1.1.2"
  
  eslint-config-prettier@6.11.0:
    version "6.11.0"
    resolved "https://registry.npm.taobao.org/eslint-config-prettier/download/eslint-config-prettier-6.11.0.tgz#f6d2238c1290d01c859a8b5c1f7d352a0b0da8b1"
    integrity sha1-9tIjjBKQ0ByFmotcH301KgsNqLE=
    dependencies:
      get-stdin "^6.0.0"
  
  eslint-import-resolver-node@^0.3.3:
    version "0.3.4"
    resolved "https://registry.npm.taobao.org/eslint-import-resolver-node/download/eslint-import-resolver-node-0.3.4.tgz#85ffa81942c25012d8231096ddf679c03042c717"
    integrity sha1-hf+oGULCUBLYIxCW3fZ5wDBCxxc=
    dependencies:
      debug "^2.6.9"
      resolve "^1.13.1"
  
  eslint-import-resolver-webpack@0.12.2:
    version "0.12.2"
    resolved "https://registry.npm.taobao.org/eslint-import-resolver-webpack/download/eslint-import-resolver-webpack-0.12.2.tgz#769e86cd0c752a1536c19855ebd90aa14ce384ee"
    integrity sha1-dp6GzQx1KhU2wZhV69kKoUzjhO4=
    dependencies:
      array-find "^1.0.0"
      debug "^2.6.9"
      enhanced-resolve "^0.9.1"
      find-root "^1.1.0"
      has "^1.0.3"
      interpret "^1.2.0"
      lodash "^4.17.15"
      node-libs-browser "^1.0.0 || ^2.0.0"
      resolve "^1.13.1"
      semver "^5.7.1"
  
  eslint-loader@4.0.2:
    version "4.0.2"
    resolved "https://registry.npm.taobao.org/eslint-loader/download/eslint-loader-4.0.2.tgz#386a1e21bcb613b3cf2d252a3b708023ccfb41ec"
    integrity sha1-OGoeIby2E7PPLSUqO3CAI8z7Qew=
    dependencies:
      find-cache-dir "^3.3.1"
      fs-extra "^8.1.0"
      loader-utils "^2.0.0"
      object-hash "^2.0.3"
      schema-utils "^2.6.5"
  
  eslint-module-utils@^2.6.0:
    version "2.6.0"
    resolved "https://registry.npm.taobao.org/eslint-module-utils/download/eslint-module-utils-2.6.0.tgz#579ebd094f56af7797d19c9866c9c9486629bfa6"
    integrity sha1-V569CU9Wr3eX0ZyYZsnJSGYpv6Y=
    dependencies:
      debug "^2.6.9"
      pkg-dir "^2.0.0"
  
  eslint-plugin-import@2.22.0:
    version "2.22.0"
    resolved "https://registry.npm.taobao.org/eslint-plugin-import/download/eslint-plugin-import-2.22.0.tgz#92f7736fe1fde3e2de77623c838dd992ff5ffb7e"
    integrity sha1-kvdzb+H94+Led2I8g43Zkv9f+34=
    dependencies:
      array-includes "^3.1.1"
      array.prototype.flat "^1.2.3"
      contains-path "^0.1.0"
      debug "^2.6.9"
      doctrine "1.5.0"
      eslint-import-resolver-node "^0.3.3"
      eslint-module-utils "^2.6.0"
      has "^1.0.3"
      minimatch "^3.0.4"
      object.values "^1.1.1"
      read-pkg-up "^2.0.0"
      resolve "^1.17.0"
      tsconfig-paths "^3.9.0"
  
  eslint-plugin-jsx-a11y@6.3.1:
    version "6.3.1"
    resolved "https://registry.npm.taobao.org/eslint-plugin-jsx-a11y/download/eslint-plugin-jsx-a11y-6.3.1.tgz#99ef7e97f567cc6a5b8dd5ab95a94a67058a2660"
    integrity sha1-me9+l/VnzGpbjdWrlalKZwWKJmA=
    dependencies:
      "@babel/runtime" "^7.10.2"
      aria-query "^4.2.2"
      array-includes "^3.1.1"
      ast-types-flow "^0.0.7"
      axe-core "^3.5.4"
      axobject-query "^2.1.2"
      damerau-levenshtein "^1.0.6"
      emoji-regex "^9.0.0"
      has "^1.0.3"
      jsx-ast-utils "^2.4.1"
      language-tags "^1.0.5"
  
  eslint-plugin-prettier@3.1.4:
    version "3.1.4"
    resolved "https://registry.npm.taobao.org/eslint-plugin-prettier/download/eslint-plugin-prettier-3.1.4.tgz#168ab43154e2ea57db992a2cd097c828171f75c2"
    integrity sha1-Foq0MVTi6lfbmSos0JfIKBcfdcI=
    dependencies:
      prettier-linter-helpers "^1.0.0"
  
  eslint-plugin-react-hooks@4.1.2:
    version "4.1.2"
    resolved "https://registry.npm.taobao.org/eslint-plugin-react-hooks/download/eslint-plugin-react-hooks-4.1.2.tgz#2eb53731d11c95826ef7a7272303eabb5c9a271e"
    integrity sha1-LrU3MdEclYJu96cnIwPqu1yaJx4=
  
  eslint-plugin-react@7.20.6:
    version "7.20.6"
    resolved "https://registry.npm.taobao.org/eslint-plugin-react/download/eslint-plugin-react-7.20.6.tgz#4d7845311a93c463493ccfa0a19c9c5d0fd69f60"
    integrity sha1-TXhFMRqTxGNJPM+goZycXQ/Wn2A=
    dependencies:
      array-includes "^3.1.1"
      array.prototype.flatmap "^1.2.3"
      doctrine "^2.1.0"
      has "^1.0.3"
      jsx-ast-utils "^2.4.1"
      object.entries "^1.1.2"
      object.fromentries "^2.0.2"
      object.values "^1.1.1"
      prop-types "^15.7.2"
      resolve "^1.17.0"
      string.prototype.matchall "^4.0.2"
  
  eslint-scope@^4.0.3:
    version "4.0.3"
    resolved "https://registry.npm.taobao.org/eslint-scope/download/eslint-scope-4.0.3.tgz?cache=0&sync_timestamp=1599933675196&other_urls=https%3A%2F%2Fregistry.npm.taobao.org%2Feslint-scope%2Fdownload%2Feslint-scope-4.0.3.tgz#ca03833310f6889a3264781aa82e63eb9cfe7848"
    integrity sha1-ygODMxD2iJoyZHgaqC5j65z+eEg=
    dependencies:
      esrecurse "^4.1.0"
      estraverse "^4.1.1"
  
  eslint-scope@^5.1.0:
    version "5.1.1"
    resolved "https://registry.npm.taobao.org/eslint-scope/download/eslint-scope-5.1.1.tgz?cache=0&sync_timestamp=1599933675196&other_urls=https%3A%2F%2Fregistry.npm.taobao.org%2Feslint-scope%2Fdownload%2Feslint-scope-5.1.1.tgz#e786e59a66cb92b3f6c1fb0d508aab174848f48c"
    integrity sha1-54blmmbLkrP2wfsNUIqrF0hI9Iw=
    dependencies:
      esrecurse "^4.3.0"
      estraverse "^4.1.1"
  
  eslint-utils@^2.1.0:
    version "2.1.0"
    resolved "https://registry.npm.taobao.org/eslint-utils/download/eslint-utils-2.1.0.tgz?cache=0&sync_timestamp=1592843197443&other_urls=https%3A%2F%2Fregistry.npm.taobao.org%2Feslint-utils%2Fdownload%2Feslint-utils-2.1.0.tgz#d2de5e03424e707dc10c74068ddedae708741b27"
    integrity sha1-0t5eA0JOcH3BDHQGjd7a5wh0Gyc=
    dependencies:
      eslint-visitor-keys "^1.1.0"
  
  eslint-visitor-keys@^1.0.0, eslint-visitor-keys@^1.1.0, eslint-visitor-keys@^1.3.0:
    version "1.3.0"
    resolved "https://registry.npm.taobao.org/eslint-visitor-keys/download/eslint-visitor-keys-1.3.0.tgz?cache=0&sync_timestamp=1597435362955&other_urls=https%3A%2F%2Fregistry.npm.taobao.org%2Feslint-visitor-keys%2Fdownload%2Feslint-visitor-keys-1.3.0.tgz#30ebd1ef7c2fdff01c3a4f151044af25fab0523e"
    integrity sha1-MOvR73wv3/AcOk8VEESvJfqwUj4=
  
  eslint@7.9.0:
    version "7.9.0"
    resolved "https://registry.npm.taobao.org/eslint/download/eslint-7.9.0.tgz#522aeccc5c3a19017cf0cb46ebfd660a79acf337"
    integrity sha1-UirszFw6GQF88MtG6/1mCnms8zc=
    dependencies:
      "@babel/code-frame" "^7.0.0"
      "@eslint/eslintrc" "^0.1.3"
      ajv "^6.10.0"
      chalk "^4.0.0"
      cross-spawn "^7.0.2"
      debug "^4.0.1"
      doctrine "^3.0.0"
      enquirer "^2.3.5"
      eslint-scope "^5.1.0"
      eslint-utils "^2.1.0"
      eslint-visitor-keys "^1.3.0"
      espree "^7.3.0"
      esquery "^1.2.0"
      esutils "^2.0.2"
      file-entry-cache "^5.0.1"
      functional-red-black-tree "^1.0.1"
      glob-parent "^5.0.0"
      globals "^12.1.0"
      ignore "^4.0.6"
      import-fresh "^3.0.0"
      imurmurhash "^0.1.4"
      is-glob "^4.0.0"
      js-yaml "^3.13.1"
      json-stable-stringify-without-jsonify "^1.0.1"
      levn "^0.4.1"
      lodash "^4.17.19"
      minimatch "^3.0.4"
      natural-compare "^1.4.0"
      optionator "^0.9.1"
      progress "^2.0.0"
      regexpp "^3.1.0"
      semver "^7.2.1"
      strip-ansi "^6.0.0"
      strip-json-comments "^3.1.0"
      table "^5.2.3"
      text-table "^0.2.0"
      v8-compile-cache "^2.0.3"
  
  espree@^7.3.0:
    version "7.3.0"
    resolved "https://registry.npm.taobao.org/espree/download/espree-7.3.0.tgz?cache=0&sync_timestamp=1598130045169&other_urls=https%3A%2F%2Fregistry.npm.taobao.org%2Fespree%2Fdownload%2Fespree-7.3.0.tgz#dc30437cf67947cf576121ebd780f15eeac72348"
    integrity sha1-3DBDfPZ5R89XYSHr14DxXurHI0g=
    dependencies:
      acorn "^7.4.0"
      acorn-jsx "^5.2.0"
      eslint-visitor-keys "^1.3.0"
  
  esprima@^4.0.0, esprima@^4.0.1:
    version "4.0.1"
    resolved "https://registry.npm.taobao.org/esprima/download/esprima-4.0.1.tgz#13b04cdb3e6c5d19df91ab6987a8695619b0aa71"
    integrity sha1-E7BM2z5sXRnfkatph6hpVhmwqnE=
  
  esquery@^1.2.0:
    version "1.3.1"
    resolved "https://registry.npm.taobao.org/esquery/download/esquery-1.3.1.tgz#b78b5828aa8e214e29fb74c4d5b752e1c033da57"
    integrity sha1-t4tYKKqOIU4p+3TE1bdS4cAz2lc=
    dependencies:
      estraverse "^5.1.0"
  
  esrecurse@^4.1.0, esrecurse@^4.3.0:
    version "4.3.0"
    resolved "https://registry.npm.taobao.org/esrecurse/download/esrecurse-4.3.0.tgz#7ad7964d679abb28bee72cec63758b1c5d2c9921"
    integrity sha1-eteWTWeauyi+5yzsY3WLHF0smSE=
    dependencies:
      estraverse "^5.2.0"
  
  estraverse@^4.1.1, estraverse@^4.2.0:
    version "4.3.0"
    resolved "https://registry.npm.taobao.org/estraverse/download/estraverse-4.3.0.tgz?cache=0&sync_timestamp=1596643087695&other_urls=https%3A%2F%2Fregistry.npm.taobao.org%2Festraverse%2Fdownload%2Festraverse-4.3.0.tgz#398ad3f3c5a24948be7725e83d11a7de28cdbd1d"
    integrity sha1-OYrT88WiSUi+dyXoPRGn3ijNvR0=
  
  estraverse@^5.1.0, estraverse@^5.2.0:
    version "5.2.0"
    resolved "https://registry.npm.taobao.org/estraverse/download/estraverse-5.2.0.tgz?cache=0&sync_timestamp=1596643087695&other_urls=https%3A%2F%2Fregistry.npm.taobao.org%2Festraverse%2Fdownload%2Festraverse-5.2.0.tgz#307df42547e6cc7324d3cf03c155d5cdb8c53880"
    integrity sha1-MH30JUfmzHMk088DwVXVzbjFOIA=
  
  esutils@^2.0.2:
    version "2.0.3"
    resolved "https://registry.npm.taobao.org/esutils/download/esutils-2.0.3.tgz#74d2eb4de0b8da1293711910d50775b9b710ef64"
    integrity sha1-dNLrTeC42hKTcRkQ1Qd1ubcQ72Q=
  
  etag@~1.8.1:
    version "1.8.1"
    resolved "https://registry.npm.taobao.org/etag/download/etag-1.8.1.tgz#41ae2eeb65efa62268aebfea83ac7d79299b0887"
    integrity sha1-Qa4u62XvpiJorr/qg6x9eSmbCIc=
  
  eventemitter3@^4.0.0:
    version "4.0.7"
    resolved "https://registry.npm.taobao.org/eventemitter3/download/eventemitter3-4.0.7.tgz?cache=0&sync_timestamp=1598517819668&other_urls=https%3A%2F%2Fregistry.npm.taobao.org%2Feventemitter3%2Fdownload%2Feventemitter3-4.0.7.tgz#2de9b68f6528d5644ef5c59526a1b4a07306169f"
    integrity sha1-Lem2j2Uo1WRO9cWVJqG0oHMGFp8=
  
  events@^3.0.0:
    version "3.2.0"
    resolved "https://registry.npm.taobao.org/events/download/events-3.2.0.tgz#93b87c18f8efcd4202a461aec4dfc0556b639379"
    integrity sha1-k7h8GPjvzUICpGGuxN/AVWtjk3k=
  
  evp_bytestokey@^1.0.0, evp_bytestokey@^1.0.3:
    version "1.0.3"
    resolved "https://registry.npm.taobao.org/evp_bytestokey/download/evp_bytestokey-1.0.3.tgz#7fcbdb198dc71959432efe13842684e0525acb02"
    integrity sha1-f8vbGY3HGVlDLv4ThCaE4FJaywI=
    dependencies:
      md5.js "^1.3.4"
      safe-buffer "^5.1.1"
  
  exec-sh@^0.3.2:
    version "0.3.4"
    resolved "https://registry.npm.taobao.org/exec-sh/download/exec-sh-0.3.4.tgz#3a018ceb526cc6f6df2bb504b2bfe8e3a4934ec5"
    integrity sha1-OgGM61JsxvbfK7UEsr/o46STTsU=
  
  execa@^0.7.0:
    version "0.7.0"
    resolved "https://registry.npm.taobao.org/execa/download/execa-0.7.0.tgz#944becd34cc41ee32a63a9faf27ad5a65fc59777"
    integrity sha1-lEvs00zEHuMqY6n68nrVpl/Fl3c=
    dependencies:
      cross-spawn "^5.0.1"
      get-stream "^3.0.0"
      is-stream "^1.1.0"
      npm-run-path "^2.0.0"
      p-finally "^1.0.0"
      signal-exit "^3.0.0"
      strip-eof "^1.0.0"
  
  execa@^1.0.0:
    version "1.0.0"
    resolved "https://registry.npm.taobao.org/execa/download/execa-1.0.0.tgz#c6236a5bb4df6d6f15e88e7f017798216749ddd8"
    integrity sha1-xiNqW7TfbW8V6I5/AXeYIWdJ3dg=
    dependencies:
      cross-spawn "^6.0.0"
      get-stream "^4.0.0"
      is-stream "^1.1.0"
      npm-run-path "^2.0.0"
      p-finally "^1.0.0"
      signal-exit "^3.0.0"
      strip-eof "^1.0.0"
  
  execa@^4.0.0, execa@^4.0.3:
    version "4.0.3"
    resolved "https://registry.npm.taobao.org/execa/download/execa-4.0.3.tgz#0a34dabbad6d66100bd6f2c576c8669403f317f2"
    integrity sha1-CjTau61tZhAL1vLFdshmlAPzF/I=
    dependencies:
      cross-spawn "^7.0.0"
      get-stream "^5.0.0"
      human-signals "^1.1.1"
      is-stream "^2.0.0"
      merge-stream "^2.0.0"
      npm-run-path "^4.0.0"
      onetime "^5.1.0"
      signal-exit "^3.0.2"
      strip-final-newline "^2.0.0"
  
  executable@^4.1.0:
    version "4.1.1"
    resolved "https://registry.npm.taobao.org/executable/download/executable-4.1.1.tgz#41532bff361d3e57af4d763b70582db18f5d133c"
    integrity sha1-QVMr/zYdPlevTXY7cFgtsY9dEzw=
    dependencies:
      pify "^2.2.0"
  
  exif-parser@^0.1.12:
    version "0.1.12"
    resolved "https://registry.npm.taobao.org/exif-parser/download/exif-parser-0.1.12.tgz#58a9d2d72c02c1f6f02a0ef4a9166272b7760922"
    integrity sha1-WKnS1ywCwfbwKg70qRZicrd2CSI=
  
  exit-on-epipe@~1.0.1:
    version "1.0.1"
    resolved "https://registry.npm.taobao.org/exit-on-epipe/download/exit-on-epipe-1.0.1.tgz#0bdd92e87d5285d267daa8171d0eb06159689692"
    integrity sha1-C92S6H1ShdJn2qgXHQ6wYVlolpI=
  
  exit@^0.1.2:
    version "0.1.2"
    resolved "https://registry.npm.taobao.org/exit/download/exit-0.1.2.tgz#0632638f8d877cc82107d30a0fff1a17cba1cd0c"
    integrity sha1-BjJjj42HfMghB9MKD/8aF8uhzQw=
  
  expand-brackets@^2.1.4:
    version "2.1.4"
    resolved "https://registry.npm.taobao.org/expand-brackets/download/expand-brackets-2.1.4.tgz#b77735e315ce30f6b6eff0f83b04151a22449622"
    integrity sha1-t3c14xXOMPa27/D4OwQVGiJEliI=
    dependencies:
      debug "^2.3.3"
      define-property "^0.2.5"
      extend-shallow "^2.0.1"
      posix-character-classes "^0.1.0"
      regex-not "^1.0.0"
      snapdragon "^0.8.1"
      to-regex "^3.0.1"
  
  expand-tilde@^2.0.0, expand-tilde@^2.0.2:
    version "2.0.2"
    resolved "https://registry.npm.taobao.org/expand-tilde/download/expand-tilde-2.0.2.tgz#97e801aa052df02454de46b02bf621642cdc8502"
    integrity sha1-l+gBqgUt8CRU3kawK/YhZCzchQI=
    dependencies:
      homedir-polyfill "^1.0.1"
  
  expect@^26.4.2:
    version "26.4.2"
    resolved "https://registry.npm.taobao.org/expect/download/expect-26.4.2.tgz?cache=0&sync_timestamp=1598096602427&other_urls=https%3A%2F%2Fregistry.npm.taobao.org%2Fexpect%2Fdownload%2Fexpect-26.4.2.tgz#36db120928a5a2d7d9736643032de32f24e1b2a1"
    integrity sha1-NtsSCSilotfZc2ZDAy3jLyThsqE=
    dependencies:
      "@jest/types" "^26.3.0"
      ansi-styles "^4.0.0"
      jest-get-type "^26.3.0"
      jest-matcher-utils "^26.4.2"
      jest-message-util "^26.3.0"
      jest-regex-util "^26.0.0"
  
  express@4.17.1:
    version "4.17.1"
    resolved "https://registry.npm.taobao.org/express/download/express-4.17.1.tgz#4491fc38605cf51f8629d39c2b5d026f98a4c134"
    integrity sha1-RJH8OGBc9R+GKdOcK10Cb5ikwTQ=
    dependencies:
      accepts "~1.3.7"
      array-flatten "1.1.1"
      body-parser "1.19.0"
      content-disposition "0.5.3"
      content-type "~1.0.4"
      cookie "0.4.0"
      cookie-signature "1.0.6"
      debug "2.6.9"
      depd "~1.1.2"
      encodeurl "~1.0.2"
      escape-html "~1.0.3"
      etag "~1.8.1"
      finalhandler "~1.1.2"
      fresh "0.5.2"
      merge-descriptors "1.0.1"
      methods "~1.1.2"
      on-finished "~2.3.0"
      parseurl "~1.3.3"
      path-to-regexp "0.1.7"
      proxy-addr "~2.0.5"
      qs "6.7.0"
      range-parser "~1.2.1"
      safe-buffer "5.1.2"
      send "0.17.1"
      serve-static "1.14.1"
      setprototypeof "1.1.1"
      statuses "~1.5.0"
      type-is "~1.6.18"
      utils-merge "1.0.1"
      vary "~1.1.2"
  
  ext-list@^2.0.0:
    version "2.2.2"
    resolved "https://registry.npm.taobao.org/ext-list/download/ext-list-2.2.2.tgz#0b98e64ed82f5acf0f2931babf69212ef52ddd37"
    integrity sha1-C5jmTtgvWs8PKTG6v2khLvUt3Tc=
    dependencies:
      mime-db "^1.28.0"
  
  ext-name@^5.0.0:
    version "5.0.0"
    resolved "https://registry.npm.taobao.org/ext-name/download/ext-name-5.0.0.tgz#70781981d183ee15d13993c8822045c506c8f0a6"
    integrity sha1-cHgZgdGD7hXROZPIgiBFxQbI8KY=
    dependencies:
      ext-list "^2.0.0"
      sort-keys-length "^1.0.0"
  
  extend-shallow@^2.0.1:
    version "2.0.1"
    resolved "https://registry.npm.taobao.org/extend-shallow/download/extend-shallow-2.0.1.tgz#51af7d614ad9a9f610ea1bafbb989d6b1c56890f"
    integrity sha1-Ua99YUrZqfYQ6huvu5idaxxWiQ8=
    dependencies:
      is-extendable "^0.1.0"
  
  extend-shallow@^3.0.0, extend-shallow@^3.0.2:
    version "3.0.2"
    resolved "https://registry.npm.taobao.org/extend-shallow/download/extend-shallow-3.0.2.tgz#26a71aaf073b39fb2127172746131c2704028db8"
    integrity sha1-Jqcarwc7OfshJxcnRhMcJwQCjbg=
    dependencies:
      assign-symbols "^1.0.0"
      is-extendable "^1.0.1"
  
  extend@^3.0.0, extend@~3.0.2:
    version "3.0.2"
    resolved "https://registry.npm.taobao.org/extend/download/extend-3.0.2.tgz#f8b1136b4071fbd8eb140aff858b1019ec2915fa"
    integrity sha1-+LETa0Bx+9jrFAr/hYsQGewpFfo=
  
  external-editor@^3.0.3:
    version "3.1.0"
    resolved "https://registry.npm.taobao.org/external-editor/download/external-editor-3.1.0.tgz#cb03f740befae03ea4d283caed2741a83f335495"
    integrity sha1-ywP3QL764D6k0oPK7SdBqD8zVJU=
    dependencies:
      chardet "^0.7.0"
      iconv-lite "^0.4.24"
      tmp "^0.0.33"
  
  extglob@^2.0.4:
    version "2.0.4"
    resolved "https://registry.npm.taobao.org/extglob/download/extglob-2.0.4.tgz#ad00fe4dc612a9232e8718711dc5cb5ab0285543"
    integrity sha1-rQD+TcYSqSMuhxhxHcXLWrAoVUM=
    dependencies:
      array-unique "^0.3.2"
      define-property "^1.0.0"
      expand-brackets "^2.1.4"
      extend-shallow "^2.0.1"
      fragment-cache "^0.2.1"
      regex-not "^1.0.0"
      snapdragon "^0.8.1"
      to-regex "^3.0.1"
  
  extract-zip@^1.0.3:
    version "1.7.0"
    resolved "https://registry.npm.taobao.org/extract-zip/download/extract-zip-1.7.0.tgz#556cc3ae9df7f452c493a0cfb51cc30277940927"
    integrity sha1-VWzDrp339FLEk6DPtRzDAneUCSc=
    dependencies:
      concat-stream "^1.6.2"
      debug "^2.6.9"
      mkdirp "^0.5.4"
      yauzl "^2.10.0"
  
  extsprintf@1.3.0:
    version "1.3.0"
    resolved "https://registry.npm.taobao.org/extsprintf/download/extsprintf-1.3.0.tgz#96918440e3041a7a414f8c52e3c574eb3c3e1e05"
    integrity sha1-lpGEQOMEGnpBT4xS48V06zw+HgU=
  
  extsprintf@^1.2.0:
    version "1.4.0"
    resolved "https://registry.npm.taobao.org/extsprintf/download/extsprintf-1.4.0.tgz#e2689f8f356fad62cca65a3a91c5df5f9551692f"
    integrity sha1-4mifjzVvrWLMplo6kcXfX5VRaS8=
  
  fast-deep-equal@^3.1.1:
    version "3.1.3"
    resolved "https://registry.npm.taobao.org/fast-deep-equal/download/fast-deep-equal-3.1.3.tgz#3a7d56b559d6cbc3eb512325244e619a65c6c525"
    integrity sha1-On1WtVnWy8PrUSMlJE5hmmXGxSU=
  
  fast-diff@^1.1.2:
    version "1.2.0"
    resolved "https://registry.npm.taobao.org/fast-diff/download/fast-diff-1.2.0.tgz#73ee11982d86caaf7959828d519cfe927fac5f03"
    integrity sha1-c+4RmC2Gyq95WYKNUZz+kn+sXwM=
  
  fast-glob@^2.2.6:
    version "2.2.7"
    resolved "https://registry.npm.taobao.org/fast-glob/download/fast-glob-2.2.7.tgz#6953857c3afa475fff92ee6015d52da70a4cd39d"
    integrity sha1-aVOFfDr6R1//ku5gFdUtpwpM050=
    dependencies:
      "@mrmlnc/readdir-enhanced" "^2.2.1"
      "@nodelib/fs.stat" "^1.1.2"
      glob-parent "^3.1.0"
      is-glob "^4.0.0"
      merge2 "^1.2.3"
      micromatch "^3.1.10"
  
  fast-glob@^3.0.3:
    version "3.2.4"
    resolved "https://registry.npm.taobao.org/fast-glob/download/fast-glob-3.2.4.tgz#d20aefbf99579383e7f3cc66529158c9b98554d3"
    integrity sha1-0grvv5lXk4Pn88xmUpFYybmFVNM=
    dependencies:
      "@nodelib/fs.stat" "^2.0.2"
      "@nodelib/fs.walk" "^1.2.3"
      glob-parent "^5.1.0"
      merge2 "^1.3.0"
      micromatch "^4.0.2"
      picomatch "^2.2.1"
  
  fast-json-stable-stringify@^2.0.0:
    version "2.1.0"
    resolved "https://registry.npm.taobao.org/fast-json-stable-stringify/download/fast-json-stable-stringify-2.1.0.tgz#874bf69c6f404c2b5d99c481341399fd55892633"
    integrity sha1-h0v2nG9ATCtdmcSBNBOZ/VWJJjM=
  
  fast-levenshtein@^2.0.6, fast-levenshtein@~2.0.6:
    version "2.0.6"
    resolved "https://registry.npm.taobao.org/fast-levenshtein/download/fast-levenshtein-2.0.6.tgz#3d8a5c66883a16a30ca8643e851f19baa7797917"
    integrity sha1-PYpcZog6FqMMqGQ+hR8Zuqd5eRc=
  
  fastq@^1.6.0:
    version "1.8.0"
    resolved "https://registry.npm.taobao.org/fastq/download/fastq-1.8.0.tgz#550e1f9f59bbc65fe185cb6a9b4d95357107f481"
    integrity sha1-VQ4fn1m7xl/hhctqm02VNXEH9IE=
    dependencies:
      reusify "^1.0.4"
  
  fb-watchman@^2.0.0:
    version "2.0.1"
    resolved "https://registry.npm.taobao.org/fb-watchman/download/fb-watchman-2.0.1.tgz#fc84fb39d2709cf3ff6d743706157bb5708a8a85"
    integrity sha1-/IT7OdJwnPP/bXQ3BhV7tXCKioU=
    dependencies:
      bser "2.1.1"
  
  fd-slicer@~1.1.0:
    version "1.1.0"
    resolved "https://registry.npm.taobao.org/fd-slicer/download/fd-slicer-1.1.0.tgz#25c7c89cb1f9077f8891bbe61d8f390eae256f1e"
    integrity sha1-JcfInLH5B3+IkbvmHY85Dq4lbx4=
    dependencies:
      pend "~1.2.0"
  
  fecha@~4.2.0:
    version "4.2.0"
    resolved "https://registry.npm.taobao.org/fecha/download/fecha-4.2.0.tgz#3ffb6395453e3f3efff850404f0a59b6747f5f41"
    integrity sha1-P/tjlUU+Pz7/+FBATwpZtnR/X0E=
  
  figgy-pudding@^3.5.1:
    version "3.5.2"
    resolved "https://registry.npm.taobao.org/figgy-pudding/download/figgy-pudding-3.5.2.tgz#b4eee8148abb01dcf1d1ac34367d59e12fa61d6e"
    integrity sha1-tO7oFIq7Adzx0aw0Nn1Z4S+mHW4=
  
  figures@^3.0.0, figures@^3.2.0:
    version "3.2.0"
    resolved "https://registry.npm.taobao.org/figures/download/figures-3.2.0.tgz#625c18bd293c604dc4a8ddb2febf0c88341746af"
    integrity sha1-YlwYvSk8YE3EqN2y/r8MiDQXRq8=
    dependencies:
      escape-string-regexp "^1.0.5"
  
  file-entry-cache@^5.0.1:
    version "5.0.1"
    resolved "https://registry.npm.taobao.org/file-entry-cache/download/file-entry-cache-5.0.1.tgz#ca0f6efa6dd3d561333fb14515065c2fafdf439c"
    integrity sha1-yg9u+m3T1WEzP7FFFQZcL6/fQ5w=
    dependencies:
      flat-cache "^2.0.1"
  
  file-loader@6.1.0:
    version "6.1.0"
    resolved "https://registry.npm.taobao.org/file-loader/download/file-loader-6.1.0.tgz#65b9fcfb0ea7f65a234a1f10cdd7f1ab9a33f253"
    integrity sha1-Zbn8+w6n9lojSh8Qzdfxq5oz8lM=
    dependencies:
      loader-utils "^2.0.0"
      schema-utils "^2.7.1"
  
  file-loader@~6.0.0:
    version "6.0.0"
    resolved "https://registry.npm.taobao.org/file-loader/download/file-loader-6.0.0.tgz#97bbfaab7a2460c07bcbd72d3a6922407f67649f"
    integrity sha1-l7v6q3okYMB7y9ctOmkiQH9nZJ8=
    dependencies:
      loader-utils "^2.0.0"
      schema-utils "^2.6.5"
  
  file-type@^3.8.0:
    version "3.9.0"
    resolved "https://registry.npm.taobao.org/file-type/download/file-type-3.9.0.tgz?cache=0&sync_timestamp=1600115198844&other_urls=https%3A%2F%2Fregistry.npm.taobao.org%2Ffile-type%2Fdownload%2Ffile-type-3.9.0.tgz#257a078384d1db8087bc449d107d52a52672b9e9"
    integrity sha1-JXoHg4TR24CHvESdEH1SpSZyuek=
  
  file-type@^4.2.0:
    version "4.4.0"
    resolved "https://registry.npm.taobao.org/file-type/download/file-type-4.4.0.tgz?cache=0&sync_timestamp=1600115198844&other_urls=https%3A%2F%2Fregistry.npm.taobao.org%2Ffile-type%2Fdownload%2Ffile-type-4.4.0.tgz#1b600e5fca1fbdc6e80c0a70c71c8dba5f7906c5"
    integrity sha1-G2AOX8ofvcboDApwxxyNul95BsU=
  
  file-type@^5.2.0:
    version "5.2.0"
    resolved "https://registry.npm.taobao.org/file-type/download/file-type-5.2.0.tgz?cache=0&sync_timestamp=1600115198844&other_urls=https%3A%2F%2Fregistry.npm.taobao.org%2Ffile-type%2Fdownload%2Ffile-type-5.2.0.tgz#2ddbea7c73ffe36368dfae49dc338c058c2b8ad6"
    integrity sha1-LdvqfHP/42No365J3DOMBYwritY=
  
  file-type@^6.1.0:
    version "6.2.0"
    resolved "https://registry.npm.taobao.org/file-type/download/file-type-6.2.0.tgz?cache=0&sync_timestamp=1600115198844&other_urls=https%3A%2F%2Fregistry.npm.taobao.org%2Ffile-type%2Fdownload%2Ffile-type-6.2.0.tgz#e50cd75d356ffed4e306dc4f5bcf52a79903a919"
    integrity sha1-5QzXXTVv/tTjBtxPW89Sp5kDqRk=
  
  file-type@^8.1.0:
    version "8.1.0"
    resolved "https://registry.npm.taobao.org/file-type/download/file-type-8.1.0.tgz?cache=0&sync_timestamp=1600115198844&other_urls=https%3A%2F%2Fregistry.npm.taobao.org%2Ffile-type%2Fdownload%2Ffile-type-8.1.0.tgz#244f3b7ef641bbe0cca196c7276e4b332399f68c"
    integrity sha1-JE87fvZBu+DMoZbHJ25LMyOZ9ow=
  
  file-type@^9.0.0:
    version "9.0.0"
    resolved "https://registry.npm.taobao.org/file-type/download/file-type-9.0.0.tgz?cache=0&sync_timestamp=1600115198844&other_urls=https%3A%2F%2Fregistry.npm.taobao.org%2Ffile-type%2Fdownload%2Ffile-type-9.0.0.tgz#a68d5ad07f486414dfb2c8866f73161946714a18"
    integrity sha1-po1a0H9IZBTfssiGb3MWGUZxShg=
  
  file-uri-to-path@1.0.0:
    version "1.0.0"
    resolved "https://registry.npm.taobao.org/file-uri-to-path/download/file-uri-to-path-1.0.0.tgz#553a7b8446ff6f684359c445f1e37a05dacc33dd"
    integrity sha1-VTp7hEb/b2hDWcRF8eN6BdrMM90=
  
  filelist@^1.0.1:
    version "1.0.1"
    resolved "https://registry.npm.taobao.org/filelist/download/filelist-1.0.1.tgz#f10d1a3ae86c1694808e8f20906f43d4c9132dbb"
    integrity sha1-8Q0aOuhsFpSAjo8gkG9D1MkTLbs=
    dependencies:
      minimatch "^3.0.4"
  
  filename-reserved-regex@^2.0.0:
    version "2.0.0"
    resolved "https://registry.npm.taobao.org/filename-reserved-regex/download/filename-reserved-regex-2.0.0.tgz#abf73dfab735d045440abfea2d91f389ebbfa229"
    integrity sha1-q/c9+rc10EVECr/qLZHzieu/oik=
  
  filenamify@^2.0.0:
    version "2.1.0"
    resolved "https://registry.npm.taobao.org/filenamify/download/filenamify-2.1.0.tgz#88faf495fb1b47abfd612300002a16228c677ee9"
    integrity sha1-iPr0lfsbR6v9YSMAACoWIoxnfuk=
    dependencies:
      filename-reserved-regex "^2.0.0"
      strip-outer "^1.0.0"
      trim-repeated "^1.0.0"
  
  fill-range@^4.0.0:
    version "4.0.0"
    resolved "https://registry.npm.taobao.org/fill-range/download/fill-range-4.0.0.tgz#d544811d428f98eb06a63dc402d2403c328c38f7"
    integrity sha1-1USBHUKPmOsGpj3EAtJAPDKMOPc=
    dependencies:
      extend-shallow "^2.0.1"
      is-number "^3.0.0"
      repeat-string "^1.6.1"
      to-regex-range "^2.1.0"
  
  fill-range@^7.0.1:
    version "7.0.1"
    resolved "https://registry.npm.taobao.org/fill-range/download/fill-range-7.0.1.tgz#1919a6a7c75fe38b2c7c77e5198535da9acdda40"
    integrity sha1-GRmmp8df44ssfHflGYU12prN2kA=
    dependencies:
      to-regex-range "^5.0.1"
  
  finalhandler@~1.1.2:
    version "1.1.2"
    resolved "https://registry.npm.taobao.org/finalhandler/download/finalhandler-1.1.2.tgz#b7e7d000ffd11938d0fdb053506f6ebabe9f587d"
    integrity sha1-t+fQAP/RGTjQ/bBTUG9uur6fWH0=
    dependencies:
      debug "2.6.9"
      encodeurl "~1.0.2"
      escape-html "~1.0.3"
      on-finished "~2.3.0"
      parseurl "~1.3.3"
      statuses "~1.5.0"
      unpipe "~1.0.0"
  
  find-cache-dir@^2.0.0, find-cache-dir@^2.1.0:
    version "2.1.0"
    resolved "https://registry.npm.taobao.org/find-cache-dir/download/find-cache-dir-2.1.0.tgz#8d0f94cd13fe43c6c7c261a0d86115ca918c05f7"
    integrity sha1-jQ+UzRP+Q8bHwmGg2GEVypGMBfc=
    dependencies:
      commondir "^1.0.1"
      make-dir "^2.0.0"
      pkg-dir "^3.0.0"
  
  find-cache-dir@^3.3.1:
    version "3.3.1"
    resolved "https://registry.npm.taobao.org/find-cache-dir/download/find-cache-dir-3.3.1.tgz#89b33fad4a4670daa94f855f7fbe31d6d84fe880"
    integrity sha1-ibM/rUpGcNqpT4Vff74x1thP6IA=
    dependencies:
      commondir "^1.0.1"
      make-dir "^3.0.2"
      pkg-dir "^4.1.0"
  
  find-root@^1.1.0:
    version "1.1.0"
    resolved "https://registry.npm.taobao.org/find-root/download/find-root-1.1.0.tgz#abcfc8ba76f708c42a97b3d685b7e9450bfb9ce4"
    integrity sha1-q8/Iunb3CMQql7PWhbfpRQv7nOQ=
  
  find-up@^2.0.0, find-up@^2.1.0:
    version "2.1.0"
    resolved "https://registry.npm.taobao.org/find-up/download/find-up-2.1.0.tgz?cache=0&sync_timestamp=1597169884679&other_urls=https%3A%2F%2Fregistry.npm.taobao.org%2Ffind-up%2Fdownload%2Ffind-up-2.1.0.tgz#45d1b7e506c717ddd482775a2b77920a3c0c57a7"
    integrity sha1-RdG35QbHF93UgndaK3eSCjwMV6c=
    dependencies:
      locate-path "^2.0.0"
  
  find-up@^3.0.0:
    version "3.0.0"
    resolved "https://registry.npm.taobao.org/find-up/download/find-up-3.0.0.tgz?cache=0&sync_timestamp=1597169884679&other_urls=https%3A%2F%2Fregistry.npm.taobao.org%2Ffind-up%2Fdownload%2Ffind-up-3.0.0.tgz#49169f1d7993430646da61ecc5ae355c21c97b73"
    integrity sha1-SRafHXmTQwZG2mHsxa41XCHJe3M=
    dependencies:
      locate-path "^3.0.0"
  
  find-up@^4.0.0, find-up@^4.1.0:
    version "4.1.0"
    resolved "https://registry.npm.taobao.org/find-up/download/find-up-4.1.0.tgz?cache=0&sync_timestamp=1597169884679&other_urls=https%3A%2F%2Fregistry.npm.taobao.org%2Ffind-up%2Fdownload%2Ffind-up-4.1.0.tgz#97afe7d6cdc0bc5928584b7c8d7b16e8a9aa5d19"
    integrity sha1-l6/n1s3AvFkoWEt8jXsW6KmqXRk=
    dependencies:
      locate-path "^5.0.0"
      path-exists "^4.0.0"
  
  find-versions@^3.0.0:
    version "3.2.0"
    resolved "https://registry.npm.taobao.org/find-versions/download/find-versions-3.2.0.tgz#10297f98030a786829681690545ef659ed1d254e"
    integrity sha1-ECl/mAMKeGgpaBaQVF72We0dJU4=
    dependencies:
      semver-regex "^2.0.0"
  
  findup-sync@^2.0.0:
    version "2.0.0"
    resolved "https://registry.npm.taobao.org/findup-sync/download/findup-sync-2.0.0.tgz#9326b1488c22d1a6088650a86901b2d9a90a2cbc"
    integrity sha1-kyaxSIwi0aYIhlCoaQGy2akKLLw=
    dependencies:
      detect-file "^1.0.0"
      is-glob "^3.1.0"
      micromatch "^3.0.4"
      resolve-dir "^1.0.1"
  
  findup-sync@^3.0.0:
    version "3.0.0"
    resolved "https://registry.npm.taobao.org/findup-sync/download/findup-sync-3.0.0.tgz#17b108f9ee512dfb7a5c7f3c8b27ea9e1a9c08d1"
    integrity sha1-F7EI+e5RLft6XH88iyfqnhqcCNE=
    dependencies:
      detect-file "^1.0.0"
      is-glob "^4.0.0"
      micromatch "^3.0.4"
      resolve-dir "^1.0.1"
  
  fined@^1.0.1:
    version "1.2.0"
    resolved "https://registry.npm.taobao.org/fined/download/fined-1.2.0.tgz#d00beccf1aa2b475d16d423b0238b713a2c4a37b"
    integrity sha1-0AvszxqitHXRbUI7Aji3E6LEo3s=
    dependencies:
      expand-tilde "^2.0.2"
      is-plain-object "^2.0.3"
      object.defaults "^1.1.0"
      object.pick "^1.2.0"
      parse-filepath "^1.0.1"
  
  flagged-respawn@^1.0.0:
    version "1.0.1"
    resolved "https://registry.npm.taobao.org/flagged-respawn/download/flagged-respawn-1.0.1.tgz#e7de6f1279ddd9ca9aac8a5971d618606b3aab41"
    integrity sha1-595vEnnd2cqarIpZcdYYYGs6q0E=
  
  flat-cache@^2.0.1:
    version "2.0.1"
    resolved "https://registry.npm.taobao.org/flat-cache/download/flat-cache-2.0.1.tgz#5d296d6f04bda44a4630a301413bdbc2ec085ec0"
    integrity sha1-XSltbwS9pEpGMKMBQTvbwuwIXsA=
    dependencies:
      flatted "^2.0.0"
      rimraf "2.6.3"
      write "1.0.3"
  
  flatted@^2.0.0:
    version "2.0.2"
    resolved "https://registry.npm.taobao.org/flatted/download/flatted-2.0.2.tgz?cache=0&sync_timestamp=1599726241914&other_urls=https%3A%2F%2Fregistry.npm.taobao.org%2Fflatted%2Fdownload%2Fflatted-2.0.2.tgz#4575b21e2bcee7434aa9be662f4b7b5f9c2b5138"
    integrity sha1-RXWyHivO50NKqb5mL0t7X5wrUTg=
  
  flush-write-stream@^1.0.0:
    version "1.1.1"
    resolved "https://registry.npm.taobao.org/flush-write-stream/download/flush-write-stream-1.1.1.tgz#8dd7d873a1babc207d94ead0c2e0e44276ebf2e8"
    integrity sha1-jdfYc6G6vCB9lOrQwuDkQnbr8ug=
    dependencies:
      inherits "^2.0.3"
      readable-stream "^2.3.6"
  
  follow-redirects@^1.0.0:
    version "1.13.0"
    resolved "https://registry.npm.taobao.org/follow-redirects/download/follow-redirects-1.13.0.tgz?cache=0&sync_timestamp=1597058070545&other_urls=https%3A%2F%2Fregistry.npm.taobao.org%2Ffollow-redirects%2Fdownload%2Ffollow-redirects-1.13.0.tgz#b42e8d93a2a7eea5ed88633676d6597bc8e384db"
    integrity sha1-tC6Nk6Kn7qXtiGM2dtZZe8jjhNs=
  
  for-in@^1.0.1, for-in@^1.0.2:
    version "1.0.2"
    resolved "https://registry.npm.taobao.org/for-in/download/for-in-1.0.2.tgz#81068d295a8142ec0ac726c6e2200c30fb6d5e80"
    integrity sha1-gQaNKVqBQuwKxybG4iAMMPttXoA=
  
  for-own@^1.0.0:
    version "1.0.0"
    resolved "https://registry.npm.taobao.org/for-own/download/for-own-1.0.0.tgz#c63332f415cedc4b04dbfe70cf836494c53cb44b"
    integrity sha1-xjMy9BXO3EsE2/5wz4NklMU8tEs=
    dependencies:
      for-in "^1.0.1"
  
  forever-agent@~0.6.1:
    version "0.6.1"
    resolved "https://registry.npm.taobao.org/forever-agent/download/forever-agent-0.6.1.tgz#fbc71f0c41adeb37f96c577ad1ed42d8fdacca91"
    integrity sha1-+8cfDEGt6zf5bFd60e1C2P2sypE=
  
  form-data@~2.3.2:
    version "2.3.3"
    resolved "https://registry.npm.taobao.org/form-data/download/form-data-2.3.3.tgz#dcce52c05f644f298c6a7ab936bd724ceffbf3a6"
    integrity sha1-3M5SwF9kTymManq5Nr1yTO/786Y=
    dependencies:
      asynckit "^0.4.0"
      combined-stream "^1.0.6"
      mime-types "^2.1.12"
  
  forwarded@~0.1.2:
    version "0.1.2"
    resolved "https://registry.npm.taobao.org/forwarded/download/forwarded-0.1.2.tgz#98c23dab1175657b8c0573e8ceccd91b0ff18c84"
    integrity sha1-mMI9qxF1ZXuMBXPozszZGw/xjIQ=
  
  frac@~1.1.2:
    version "1.1.2"
    resolved "https://registry.npm.taobao.org/frac/download/frac-1.1.2.tgz#3d74f7f6478c88a1b5020306d747dc6313c74d0b"
    integrity sha1-PXT39keMiKG1AgMG10fcYxPHTQs=
  
  fragment-cache@^0.2.1:
    version "0.2.1"
    resolved "https://registry.npm.taobao.org/fragment-cache/download/fragment-cache-0.2.1.tgz#4290fad27f13e89be7f33799c6bc5a0abfff0d19"
    integrity sha1-QpD60n8T6Jvn8zeZxrxaCr//DRk=
    dependencies:
      map-cache "^0.2.2"
  
  fresh@0.5.2:
    version "0.5.2"
    resolved "https://registry.npm.taobao.org/fresh/download/fresh-0.5.2.tgz#3d8cadd90d976569fa835ab1f8e4b23a105605a7"
    integrity sha1-PYyt2Q2XZWn6g1qx+OSyOhBWBac=
  
  from2@^2.1.0, from2@^2.1.1:
    version "2.3.0"
    resolved "https://registry.npm.taobao.org/from2/download/from2-2.3.0.tgz#8bfb5502bde4a4d36cfdeea007fcca21d7e382af"
    integrity sha1-i/tVAr3kpNNs/e6gB/zKIdfjgq8=
    dependencies:
      inherits "^2.0.1"
      readable-stream "^2.0.0"
  
  fs-constants@^1.0.0:
    version "1.0.0"
    resolved "https://registry.npm.taobao.org/fs-constants/download/fs-constants-1.0.0.tgz#6be0de9be998ce16af8afc24497b9ee9b7ccd9ad"
    integrity sha1-a+Dem+mYzhavivwkSXue6bfM2a0=
  
  fs-extra@^8.1.0:
    version "8.1.0"
    resolved "https://registry.npm.taobao.org/fs-extra/download/fs-extra-8.1.0.tgz?cache=0&sync_timestamp=1592843137563&other_urls=https%3A%2F%2Fregistry.npm.taobao.org%2Ffs-extra%2Fdownload%2Ffs-extra-8.1.0.tgz#49d43c45a88cd9677668cb7be1b46efdb8d2e1c0"
    integrity sha1-SdQ8RaiM2Wd2aMt74bRu/bjS4cA=
    dependencies:
      graceful-fs "^4.2.0"
      jsonfile "^4.0.0"
      universalify "^0.1.0"
  
  fs-extra@^9.0.1:
    version "9.0.1"
    resolved "https://registry.npm.taobao.org/fs-extra/download/fs-extra-9.0.1.tgz?cache=0&sync_timestamp=1591231538901&other_urls=https%3A%2F%2Fregistry.npm.taobao.org%2Ffs-extra%2Fdownload%2Ffs-extra-9.0.1.tgz#910da0062437ba4c39fedd863f1675ccfefcb9fc"
    integrity sha1-kQ2gBiQ3ukw5/t2GPxZ1zP78ufw=
    dependencies:
      at-least-node "^1.0.0"
      graceful-fs "^4.2.0"
      jsonfile "^6.0.1"
      universalify "^1.0.0"
  
  fs-minipass@^2.0.0:
    version "2.1.0"
    resolved "https://registry.npm.taobao.org/fs-minipass/download/fs-minipass-2.1.0.tgz#7f5036fdbf12c63c169190cbe4199c852271f9fb"
    integrity sha1-f1A2/b8SxjwWkZDL5BmchSJx+fs=
    dependencies:
      minipass "^3.0.0"
  
  fs-readdir-recursive@^1.1.0:
    version "1.1.0"
    resolved "https://registry.npm.taobao.org/fs-readdir-recursive/download/fs-readdir-recursive-1.1.0.tgz#e32fc030a2ccee44a6b5371308da54be0b397d27"
    integrity sha1-4y/AMKLM7kSmtTcTCNpUvgs5fSc=
  
  fs-write-stream-atomic@^1.0.8:
    version "1.0.10"
    resolved "https://registry.npm.taobao.org/fs-write-stream-atomic/download/fs-write-stream-atomic-1.0.10.tgz#b47df53493ef911df75731e70a9ded0189db40c9"
    integrity sha1-tH31NJPvkR33VzHnCp3tAYnbQMk=
    dependencies:
      graceful-fs "^4.1.2"
      iferr "^0.1.5"
      imurmurhash "^0.1.4"
      readable-stream "1 || 2"
  
  fs.realpath@^1.0.0:
    version "1.0.0"
    resolved "https://registry.npm.taobao.org/fs.realpath/download/fs.realpath-1.0.0.tgz#1504ad2523158caa40db4a2787cb01411994ea4f"
    integrity sha1-FQStJSMVjKpA20onh8sBQRmU6k8=
  
  fsevents@^1.2.7:
    version "1.2.13"
    resolved "https://registry.npm.taobao.org/fsevents/download/fsevents-1.2.13.tgz#f325cb0455592428bcf11b383370ef70e3bfcc38"
    integrity sha1-8yXLBFVZJCi88Rs4M3DvcOO/zDg=
    dependencies:
      bindings "^1.5.0"
      nan "^2.12.1"
  
  fsevents@^2.1.2, fsevents@~2.1.2:
    version "2.1.3"
    resolved "https://registry.npm.taobao.org/fsevents/download/fsevents-2.1.3.tgz#fb738703ae8d2f9fe900c33836ddebee8b97f23e"
    integrity sha1-+3OHA66NL5/pAMM4Nt3r7ouX8j4=
  
  function-bind@^1.1.1:
    version "1.1.1"
    resolved "https://registry.npm.taobao.org/function-bind/download/function-bind-1.1.1.tgz#a56899d3ea3c9bab874bb9773b7c5ede92f4895d"
    integrity sha1-pWiZ0+o8m6uHS7l3O3xe3pL0iV0=
  
  functional-red-black-tree@^1.0.1:
    version "1.0.1"
    resolved "https://registry.npm.taobao.org/functional-red-black-tree/download/functional-red-black-tree-1.0.1.tgz?cache=0&sync_timestamp=1577806294691&other_urls=https%3A%2F%2Fregistry.npm.taobao.org%2Ffunctional-red-black-tree%2Fdownload%2Ffunctional-red-black-tree-1.0.1.tgz#1b0ab3bd553b2a0d6399d29c0e3ea0b252078327"
    integrity sha1-GwqzvVU7Kg1jmdKcDj6gslIHgyc=
  
  gensync@^1.0.0-beta.1:
    version "1.0.0-beta.1"
    resolved "https://registry.npm.taobao.org/gensync/download/gensync-1.0.0-beta.1.tgz#58f4361ff987e5ff6e1e7a210827aa371eaac269"
    integrity sha1-WPQ2H/mH5f9uHnohCCeqNx6qwmk=
  
  get-caller-file@^2.0.1, get-caller-file@^2.0.5:
    version "2.0.5"
    resolved "https://registry.npm.taobao.org/get-caller-file/download/get-caller-file-2.0.5.tgz#4f94412a82db32f36e3b0b9741f8a97feb031f7e"
    integrity sha1-T5RBKoLbMvNuOwuXQfipf+sDH34=
  
  get-own-enumerable-property-symbols@^3.0.0:
    version "3.0.2"
    resolved "https://registry.npm.taobao.org/get-own-enumerable-property-symbols/download/get-own-enumerable-property-symbols-3.0.2.tgz#b5fde77f22cbe35f390b4e089922c50bce6ef664"
    integrity sha1-tf3nfyLL4185C04ImSLFC85u9mQ=
  
  get-package-type@^0.1.0:
    version "0.1.0"
    resolved "https://registry.npm.taobao.org/get-package-type/download/get-package-type-0.1.0.tgz#8de2d803cff44df3bc6c456e6668b36c3926e11a"
    integrity sha1-jeLYA8/0TfO8bEVuZmizbDkm4Ro=
  
  get-proxy@^2.0.0:
    version "2.1.0"
    resolved "https://registry.npm.taobao.org/get-proxy/download/get-proxy-2.1.0.tgz#349f2b4d91d44c4d4d4e9cba2ad90143fac5ef93"
    integrity sha1-NJ8rTZHUTE1NTpy6KtkBQ/rF75M=
    dependencies:
      npm-conf "^1.1.0"
  
  get-stdin@^6.0.0:
    version "6.0.0"
    resolved "https://registry.npm.taobao.org/get-stdin/download/get-stdin-6.0.0.tgz#9e09bf712b360ab9225e812048f71fde9c89657b"
    integrity sha1-ngm/cSs2CrkiXoEgSPcf3pyJZXs=
  
  get-stream@3.0.0, get-stream@^3.0.0:
    version "3.0.0"
    resolved "https://registry.npm.taobao.org/get-stream/download/get-stream-3.0.0.tgz?cache=0&sync_timestamp=1597056585216&other_urls=https%3A%2F%2Fregistry.npm.taobao.org%2Fget-stream%2Fdownload%2Fget-stream-3.0.0.tgz#8e943d1358dc37555054ecbe2edb05aa174ede14"
    integrity sha1-jpQ9E1jcN1VQVOy+LtsFqhdO3hQ=
  
  get-stream@^2.2.0:
    version "2.3.1"
    resolved "https://registry.npm.taobao.org/get-stream/download/get-stream-2.3.1.tgz?cache=0&sync_timestamp=1597056585216&other_urls=https%3A%2F%2Fregistry.npm.taobao.org%2Fget-stream%2Fdownload%2Fget-stream-2.3.1.tgz#5f38f93f346009666ee0150a054167f91bdd95de"
    integrity sha1-Xzj5PzRgCWZu4BUKBUFn+Rvdld4=
    dependencies:
      object-assign "^4.0.1"
      pinkie-promise "^2.0.0"
  
  get-stream@^4.0.0, get-stream@^4.1.0:
    version "4.1.0"
    resolved "https://registry.npm.taobao.org/get-stream/download/get-stream-4.1.0.tgz?cache=0&sync_timestamp=1597056585216&other_urls=https%3A%2F%2Fregistry.npm.taobao.org%2Fget-stream%2Fdownload%2Fget-stream-4.1.0.tgz#c1b255575f3dc21d59bfc79cd3d2b46b1c3a54b5"
    integrity sha1-wbJVV189wh1Zv8ec09K0axw6VLU=
    dependencies:
      pump "^3.0.0"
  
  get-stream@^5.0.0, get-stream@^5.1.0:
    version "5.2.0"
    resolved "https://registry.npm.taobao.org/get-stream/download/get-stream-5.2.0.tgz?cache=0&sync_timestamp=1597056585216&other_urls=https%3A%2F%2Fregistry.npm.taobao.org%2Fget-stream%2Fdownload%2Fget-stream-5.2.0.tgz#4966a1795ee5ace65e706c4b7beb71257d6e22d3"
    integrity sha1-SWaheV7lrOZecGxLe+txJX1uItM=
    dependencies:
      pump "^3.0.0"
  
  get-value@^2.0.3, get-value@^2.0.6:
    version "2.0.6"
    resolved "https://registry.npm.taobao.org/get-value/download/get-value-2.0.6.tgz#dc15ca1c672387ca76bd37ac0a395ba2042a2c28"
    integrity sha1-3BXKHGcjh8p2vTesCjlbogQqLCg=
  
  getpass@^0.1.1:
    version "0.1.7"
    resolved "https://registry.npm.taobao.org/getpass/download/getpass-0.1.7.tgz#5eff8e3e684d569ae4cb2b1282604e8ba62149fa"
    integrity sha1-Xv+OPmhNVprkyysSgmBOi6YhSfo=
    dependencies:
      assert-plus "^1.0.0"
  
  gl-matrix@^3.0.0, gl-matrix@^3.3.0:
    version "3.3.0"
    resolved "https://registry.npm.taobao.org/gl-matrix/download/gl-matrix-3.3.0.tgz#232eef60b1c8b30a28cbbe75b2caf6c48fd6358b"
    integrity sha1-Iy7vYLHIswooy751ssr2xI/WNYs=
  
  glob-parent@^3.1.0:
    version "3.1.0"
    resolved "https://registry.npm.taobao.org/glob-parent/download/glob-parent-3.1.0.tgz#9e6af6299d8d3bd2bd40430832bd113df906c5ae"
    integrity sha1-nmr2KZ2NO9K9QEMIMr0RPfkGxa4=
    dependencies:
      is-glob "^3.1.0"
      path-dirname "^1.0.0"
  
  glob-parent@^5.0.0, glob-parent@^5.1.0, glob-parent@~5.1.0:
    version "5.1.1"
    resolved "https://registry.npm.taobao.org/glob-parent/download/glob-parent-5.1.1.tgz#b6c1ef417c4e5663ea498f1c45afac6916bbc229"
    integrity sha1-tsHvQXxOVmPqSY8cRa+saRa7wik=
    dependencies:
      is-glob "^4.0.1"
  
  glob-to-regexp@^0.3.0:
    version "0.3.0"
    resolved "https://registry.npm.taobao.org/glob-to-regexp/download/glob-to-regexp-0.3.0.tgz#8c5a1494d2066c570cc3bfe4496175acc4d502ab"
    integrity sha1-jFoUlNIGbFcMw7/kSWF1rMTVAqs=
  
  glob@^7.0.0, glob@^7.1.1, glob@^7.1.2, glob@^7.1.3, glob@^7.1.4:
    version "7.1.6"
    resolved "https://registry.npm.taobao.org/glob/download/glob-7.1.6.tgz#141f33b81a7c2492e125594307480c46679278a6"
    integrity sha1-FB8zuBp8JJLhJVlDB0gMRmeSeKY=
    dependencies:
      fs.realpath "^1.0.0"
      inflight "^1.0.4"
      inherits "2"
      minimatch "^3.0.4"
      once "^1.3.0"
      path-is-absolute "^1.0.0"
  
  global-agent@^2.0.2:
    version "2.1.12"
    resolved "https://registry.npm.taobao.org/global-agent/download/global-agent-2.1.12.tgz?cache=0&other_urls=https%3A%2F%2Fregistry.npm.taobao.org%2Fglobal-agent%2Fdownload%2Fglobal-agent-2.1.12.tgz#e4ae3812b731a9e81cbf825f9377ef450a8e4195"
    integrity sha1-5K44Ercxqegcv4Jfk3fvRQqOQZU=
    dependencies:
      boolean "^3.0.1"
      core-js "^3.6.5"
      es6-error "^4.1.1"
      matcher "^3.0.0"
      roarr "^2.15.3"
      semver "^7.3.2"
      serialize-error "^7.0.1"
  
  global-dirs@^2.0.1:
    version "2.1.0"
    resolved "https://registry.npm.taobao.org/global-dirs/download/global-dirs-2.1.0.tgz?cache=0&sync_timestamp=1607980929137&other_urls=https%3A%2F%2Fregistry.npm.taobao.org%2Fglobal-dirs%2Fdownload%2Fglobal-dirs-2.1.0.tgz#e9046a49c806ff04d6c1825e196c8f0091e8df4d"
    integrity sha1-6QRqScgG/wTWwYJeGWyPAJHo300=
    dependencies:
      ini "1.3.7"
  
  global-modules@^1.0.0:
    version "1.0.0"
    resolved "https://registry.npm.taobao.org/global-modules/download/global-modules-1.0.0.tgz#6d770f0eb523ac78164d72b5e71a8877265cc3ea"
    integrity sha1-bXcPDrUjrHgWTXK15xqIdyZcw+o=
    dependencies:
      global-prefix "^1.0.1"
      is-windows "^1.0.1"
      resolve-dir "^1.0.0"
  
  global-modules@^2.0.0:
    version "2.0.0"
    resolved "https://registry.npm.taobao.org/global-modules/download/global-modules-2.0.0.tgz#997605ad2345f27f51539bea26574421215c7780"
    integrity sha1-mXYFrSNF8n9RU5vqJldEISFcd4A=
    dependencies:
      global-prefix "^3.0.0"
  
  global-prefix@^1.0.1:
    version "1.0.2"
    resolved "https://registry.npm.taobao.org/global-prefix/download/global-prefix-1.0.2.tgz#dbf743c6c14992593c655568cb66ed32c0122ebe"
    integrity sha1-2/dDxsFJklk8ZVVoy2btMsASLr4=
    dependencies:
      expand-tilde "^2.0.2"
      homedir-polyfill "^1.0.1"
      ini "^1.3.4"
      is-windows "^1.0.1"
      which "^1.2.14"
  
  global-prefix@^3.0.0:
    version "3.0.0"
    resolved "https://registry.npm.taobao.org/global-prefix/download/global-prefix-3.0.0.tgz#fc85f73064df69f50421f47f883fe5b913ba9b97"
    integrity sha1-/IX3MGTfafUEIfR/iD/luRO6m5c=
    dependencies:
      ini "^1.3.5"
      kind-of "^6.0.2"
      which "^1.3.1"
  
  global-tunnel-ng@^2.7.1:
    version "2.7.1"
    resolved "https://registry.npm.taobao.org/global-tunnel-ng/download/global-tunnel-ng-2.7.1.tgz#d03b5102dfde3a69914f5ee7d86761ca35d57d8f"
    integrity sha1-0DtRAt/eOmmRT17n2GdhyjXVfY8=
    dependencies:
      encodeurl "^1.0.2"
      lodash "^4.17.10"
      npm-conf "^1.1.3"
      tunnel "^0.0.6"
  
  global@~4.3.0:
    version "4.3.2"
    resolved "https://registry.npm.taobao.org/global/download/global-4.3.2.tgz#e76989268a6c74c38908b1305b10fc0e394e9d0f"
    integrity sha1-52mJJopsdMOJCLEwWxD8DjlOnQ8=
    dependencies:
      min-document "^2.19.0"
      process "~0.5.1"
  
  globals@^11.1.0:
    version "11.12.0"
    resolved "https://registry.npm.taobao.org/globals/download/globals-11.12.0.tgz?cache=0&sync_timestamp=1596709342600&other_urls=https%3A%2F%2Fregistry.npm.taobao.org%2Fglobals%2Fdownload%2Fglobals-11.12.0.tgz#ab8795338868a0babd8525758018c2a7eb95c42e"
    integrity sha1-q4eVM4hooLq9hSV1gBjCp+uVxC4=
  
  globals@^12.1.0:
    version "12.4.0"
    resolved "https://registry.npm.taobao.org/globals/download/globals-12.4.0.tgz?cache=0&sync_timestamp=1596709342600&other_urls=https%3A%2F%2Fregistry.npm.taobao.org%2Fglobals%2Fdownload%2Fglobals-12.4.0.tgz#a18813576a41b00a24a97e7f815918c2e19925f8"
    integrity sha1-oYgTV2pBsAokqX5/gVkYwuGZJfg=
    dependencies:
      type-fest "^0.8.1"
  
  globalthis@^1.0.1:
    version "1.0.1"
    resolved "https://registry.npm.taobao.org/globalthis/download/globalthis-1.0.1.tgz?cache=0&sync_timestamp=1577757372982&other_urls=https%3A%2F%2Fregistry.npm.taobao.org%2Fglobalthis%2Fdownload%2Fglobalthis-1.0.1.tgz#40116f5d9c071f9e8fb0037654df1ab3a83b7ef9"
    integrity sha1-QBFvXZwHH56PsAN2VN8as6g7fvk=
    dependencies:
      define-properties "^1.1.3"
  
  globby@^10.0.1:
    version "10.0.2"
    resolved "https://registry.npm.taobao.org/globby/download/globby-10.0.2.tgz#277593e745acaa4646c3ab411289ec47a0392543"
    integrity sha1-J3WT50WsqkZGw6tBEonsR6A5JUM=
    dependencies:
      "@types/glob" "^7.1.1"
      array-union "^2.1.0"
      dir-glob "^3.0.1"
      fast-glob "^3.0.3"
      glob "^7.1.3"
      ignore "^5.1.1"
      merge2 "^1.2.3"
      slash "^3.0.0"
  
  globby@^9.0.0:
    version "9.2.0"
    resolved "https://registry.npm.taobao.org/globby/download/globby-9.2.0.tgz#fd029a706c703d29bdd170f4b6db3a3f7a7cb63d"
    integrity sha1-/QKacGxwPSm90XD0tts6P3p8tj0=
    dependencies:
      "@types/glob" "^7.1.1"
      array-union "^1.0.2"
      dir-glob "^2.2.2"
      fast-glob "^2.2.6"
      glob "^7.1.3"
      ignore "^4.0.3"
      pify "^4.0.1"
      slash "^2.0.0"
  
  got@^8.3.1:
    version "8.3.2"
    resolved "https://registry.npm.taobao.org/got/download/got-8.3.2.tgz?cache=0&sync_timestamp=1599745086417&other_urls=https%3A%2F%2Fregistry.npm.taobao.org%2Fgot%2Fdownload%2Fgot-8.3.2.tgz#1d23f64390e97f776cac52e5b936e5f514d2e937"
    integrity sha1-HSP2Q5Dpf3dsrFLluTbl9RTS6Tc=
    dependencies:
      "@sindresorhus/is" "^0.7.0"
      cacheable-request "^2.1.1"
      decompress-response "^3.3.0"
      duplexer3 "^0.1.4"
      get-stream "^3.0.0"
      into-stream "^3.1.0"
      is-retry-allowed "^1.1.0"
      isurl "^1.0.0-alpha5"
      lowercase-keys "^1.0.0"
      mimic-response "^1.0.0"
      p-cancelable "^0.4.0"
      p-timeout "^2.0.1"
      pify "^3.0.0"
      safe-buffer "^5.1.1"
      timed-out "^4.0.1"
      url-parse-lax "^3.0.0"
      url-to-options "^1.0.1"
  
  got@^9.6.0:
    version "9.6.0"
    resolved "https://registry.npm.taobao.org/got/download/got-9.6.0.tgz?cache=0&sync_timestamp=1607657989621&other_urls=https%3A%2F%2Fregistry.npm.taobao.org%2Fgot%2Fdownload%2Fgot-9.6.0.tgz#edf45e7d67f99545705de1f7bbeeeb121765ed85"
    integrity sha1-7fRefWf5lUVwXeH3u+7rEhdl7YU=
    dependencies:
      "@sindresorhus/is" "^0.14.0"
      "@szmarczak/http-timer" "^1.1.2"
      cacheable-request "^6.0.0"
      decompress-response "^3.3.0"
      duplexer3 "^0.1.4"
      get-stream "^4.1.0"
      lowercase-keys "^1.0.1"
      mimic-response "^1.0.1"
      p-cancelable "^1.0.0"
      to-readable-stream "^1.0.0"
      url-parse-lax "^3.0.0"
  
  graceful-fs@^4.1.10, graceful-fs@^4.1.11, graceful-fs@^4.1.15, graceful-fs@^4.1.2, graceful-fs@^4.1.6, graceful-fs@^4.2.0, graceful-fs@^4.2.2, graceful-fs@^4.2.4:
    version "4.2.4"
    resolved "https://registry.npm.taobao.org/graceful-fs/download/graceful-fs-4.2.4.tgz#2256bde14d3632958c465ebc96dc467ca07a29fb"
    integrity sha1-Ila94U02MpWMRl68ltxGfKB6Kfs=
  
  graphlib@^2.1.8:
    version "2.1.8"
    resolved "https://registry.npm.taobao.org/graphlib/download/graphlib-2.1.8.tgz#5761d414737870084c92ec7b5dbcb0592c9d35da"
    integrity sha1-V2HUFHN4cAhMkux7XbywWSydNdo=
    dependencies:
      lodash "^4.17.15"
  
  growly@^1.3.0:
    version "1.3.0"
    resolved "https://registry.npm.taobao.org/growly/download/growly-1.3.0.tgz#f10748cbe76af964b7c96c93c6bcc28af120c081"
    integrity sha1-8QdIy+dq+WS3yWyTxrzCivEgwIE=
  
  handlebars@^4.4.3:
    version "4.7.6"
    resolved "https://registry.npm.taobao.org/handlebars/download/handlebars-4.7.6.tgz#d4c05c1baf90e9945f77aa68a7a219aa4a7df74e"
    integrity sha1-1MBcG6+Q6ZRfd6pop6IZqkp9904=
    dependencies:
      minimist "^1.2.5"
      neo-async "^2.6.0"
      source-map "^0.6.1"
      wordwrap "^1.0.0"
    optionalDependencies:
      uglify-js "^3.1.4"
  
  har-schema@^2.0.0:
    version "2.0.0"
    resolved "https://registry.npm.taobao.org/har-schema/download/har-schema-2.0.0.tgz#a94c2224ebcac04782a0d9035521f24735b7ec92"
    integrity sha1-qUwiJOvKwEeCoNkDVSHyRzW37JI=
  
  har-validator@~5.1.3:
    version "5.1.5"
    resolved "https://registry.npm.taobao.org/har-validator/download/har-validator-5.1.5.tgz?cache=0&sync_timestamp=1596082578993&other_urls=https%3A%2F%2Fregistry.npm.taobao.org%2Fhar-validator%2Fdownload%2Fhar-validator-5.1.5.tgz#1f0803b9f8cb20c0fa13822df1ecddb36bde1efd"
    integrity sha1-HwgDufjLIMD6E4It8ezds2veHv0=
    dependencies:
      ajv "^6.12.3"
      har-schema "^2.0.0"
  
  has-ansi@^2.0.0:
    version "2.0.0"
    resolved "https://registry.npm.taobao.org/has-ansi/download/has-ansi-2.0.0.tgz#34f5049ce1ecdf2b0649af3ef24e45ed35416d91"
    integrity sha1-NPUEnOHs3ysGSa8+8k5F7TVBbZE=
    dependencies:
      ansi-regex "^2.0.0"
  
  has-flag@^3.0.0:
    version "3.0.0"
    resolved "https://registry.npm.taobao.org/has-flag/download/has-flag-3.0.0.tgz?cache=0&sync_timestamp=1577797756584&other_urls=https%3A%2F%2Fregistry.npm.taobao.org%2Fhas-flag%2Fdownload%2Fhas-flag-3.0.0.tgz#b5d454dc2199ae225699f3467e5a07f3b955bafd"
    integrity sha1-tdRU3CGZriJWmfNGfloH87lVuv0=
  
  has-flag@^4.0.0:
    version "4.0.0"
    resolved "https://registry.npm.taobao.org/has-flag/download/has-flag-4.0.0.tgz?cache=0&sync_timestamp=1577797756584&other_urls=https%3A%2F%2Fregistry.npm.taobao.org%2Fhas-flag%2Fdownload%2Fhas-flag-4.0.0.tgz#944771fd9c81c81265c4d6941860da06bb59479b"
    integrity sha1-lEdx/ZyByBJlxNaUGGDaBrtZR5s=
  
  has-symbol-support-x@^1.4.1:
    version "1.4.2"
    resolved "https://registry.npm.taobao.org/has-symbol-support-x/download/has-symbol-support-x-1.4.2.tgz#1409f98bc00247da45da67cee0a36f282ff26455"
    integrity sha1-FAn5i8ACR9pF2mfO4KNvKC/yZFU=
  
  has-symbols@^1.0.1:
    version "1.0.1"
    resolved "https://registry.npm.taobao.org/has-symbols/download/has-symbols-1.0.1.tgz#9f5214758a44196c406d9bd76cebf81ec2dd31e8"
    integrity sha1-n1IUdYpEGWxAbZvXbOv4HsLdMeg=
  
  has-to-string-tag-x@^1.2.0:
    version "1.4.1"
    resolved "https://registry.npm.taobao.org/has-to-string-tag-x/download/has-to-string-tag-x-1.4.1.tgz#a045ab383d7b4b2012a00148ab0aa5f290044d4d"
    integrity sha1-oEWrOD17SyASoAFIqwql8pAETU0=
    dependencies:
      has-symbol-support-x "^1.4.1"
  
  has-value@^0.3.1:
    version "0.3.1"
    resolved "https://registry.npm.taobao.org/has-value/download/has-value-0.3.1.tgz#7b1f58bada62ca827ec0a2078025654845995e1f"
    integrity sha1-ex9YutpiyoJ+wKIHgCVlSEWZXh8=
    dependencies:
      get-value "^2.0.3"
      has-values "^0.1.4"
      isobject "^2.0.0"
  
  has-value@^1.0.0:
    version "1.0.0"
    resolved "https://registry.npm.taobao.org/has-value/download/has-value-1.0.0.tgz#18b281da585b1c5c51def24c930ed29a0be6b177"
    integrity sha1-GLKB2lhbHFxR3vJMkw7SmgvmsXc=
    dependencies:
      get-value "^2.0.6"
      has-values "^1.0.0"
      isobject "^3.0.0"
  
  has-values@^0.1.4:
    version "0.1.4"
    resolved "https://registry.npm.taobao.org/has-values/download/has-values-0.1.4.tgz#6d61de95d91dfca9b9a02089ad384bff8f62b771"
    integrity sha1-bWHeldkd/Km5oCCJrThL/49it3E=
  
  has-values@^1.0.0:
    version "1.0.0"
    resolved "https://registry.npm.taobao.org/has-values/download/has-values-1.0.0.tgz#95b0b63fec2146619a6fe57fe75628d5a39efe4f"
    integrity sha1-lbC2P+whRmGab+V/51Yo1aOe/k8=
    dependencies:
      is-number "^3.0.0"
      kind-of "^4.0.0"
  
  has-yarn@^2.1.0:
    version "2.1.0"
    resolved "https://registry.npm.taobao.org/has-yarn/download/has-yarn-2.1.0.tgz#137e11354a7b5bf11aa5cb649cf0c6f3ff2b2e77"
    integrity sha1-E34RNUp7W/EapctknPDG8/8rLnc=
  
  has@^1.0.3:
    version "1.0.3"
    resolved "https://registry.npm.taobao.org/has/download/has-1.0.3.tgz#722d7cbfc1f6aa8241f16dd814e011e1f41e8796"
    integrity sha1-ci18v8H2qoJB8W3YFOAR4fQeh5Y=
    dependencies:
      function-bind "^1.1.1"
  
  hash-base@^3.0.0:
    version "3.1.0"
    resolved "https://registry.npm.taobao.org/hash-base/download/hash-base-3.1.0.tgz#55c381d9e06e1d2997a883b4a3fddfe7f0d3af33"
    integrity sha1-VcOB2eBuHSmXqIO0o/3f5/DTrzM=
    dependencies:
      inherits "^2.0.4"
      readable-stream "^3.6.0"
      safe-buffer "^5.2.0"
  
  hash.js@^1.0.0, hash.js@^1.0.3:
    version "1.1.7"
    resolved "https://registry.npm.taobao.org/hash.js/download/hash.js-1.1.7.tgz#0babca538e8d4ee4a0f8988d68866537a003cf42"
    integrity sha1-C6vKU46NTuSg+JiNaIZlN6ADz0I=
    dependencies:
      inherits "^2.0.3"
      minimalistic-assert "^1.0.1"
  
  he@^1.2.0:
    version "1.2.0"
    resolved "https://registry.npm.taobao.org/he/download/he-1.2.0.tgz#84ae65fa7eafb165fddb61566ae14baf05664f0f"
    integrity sha1-hK5l+n6vsWX922FWauFLrwVmTw8=
  
  header-case@^1.0.0:
    version "1.0.1"
    resolved "https://registry.npm.taobao.org/header-case/download/header-case-1.0.1.tgz#9535973197c144b09613cd65d317ef19963bd02d"
    integrity sha1-lTWXMZfBRLCWE81l0xfvGZY70C0=
    dependencies:
      no-case "^2.2.0"
      upper-case "^1.1.3"
  
  highlight.js@^9.3.0:
    version "9.18.5"
    resolved "https://registry.npm.taobao.org/highlight.js/download/highlight.js-9.18.5.tgz#d18a359867f378c138d6819edfc2a8acd5f29825"
    integrity sha1-0Yo1mGfzeME41oGe38KorNXymCU=
  
  history@4.10.1, history@^4.9.0:
    version "4.10.1"
    resolved "https://registry.npm.taobao.org/history/download/history-4.10.1.tgz#33371a65e3a83b267434e2b3f3b1b4c58aad4cf3"
    integrity sha1-MzcaZeOoOyZ0NOKz87G0xYqtTPM=
    dependencies:
      "@babel/runtime" "^7.1.2"
      loose-envify "^1.2.0"
      resolve-pathname "^3.0.0"
      tiny-invariant "^1.0.2"
      tiny-warning "^1.0.0"
      value-equal "^1.0.1"
  
  hmac-drbg@^1.0.0:
    version "1.0.1"
    resolved "https://registry.npm.taobao.org/hmac-drbg/download/hmac-drbg-1.0.1.tgz#d2745701025a6c775a6c545793ed502fc0c649a1"
    integrity sha1-0nRXAQJabHdabFRXk+1QL8DGSaE=
    dependencies:
      hash.js "^1.0.3"
      minimalistic-assert "^1.0.0"
      minimalistic-crypto-utils "^1.0.1"
  
  hoist-non-react-statics@^3.0.0, hoist-non-react-statics@^3.1.0, hoist-non-react-statics@^3.3.0, hoist-non-react-statics@^3.3.2:
    version "3.3.2"
    resolved "https://registry.npm.taobao.org/hoist-non-react-statics/download/hoist-non-react-statics-3.3.2.tgz#ece0acaf71d62c2969c2ec59feff42a4b1a85b45"
    integrity sha1-7OCsr3HWLClpwuxZ/v9CpLGoW0U=
    dependencies:
      react-is "^16.7.0"
  
  homedir-polyfill@^1.0.1:
    version "1.0.3"
    resolved "https://registry.npm.taobao.org/homedir-polyfill/download/homedir-polyfill-1.0.3.tgz#743298cef4e5af3e194161fbadcc2151d3a058e8"
    integrity sha1-dDKYzvTlrz4ZQWH7rcwhUdOgWOg=
    dependencies:
      parse-passwd "^1.0.0"
  
  hosted-git-info@^2.1.4:
    version "2.8.8"
    resolved "https://registry.npm.taobao.org/hosted-git-info/download/hosted-git-info-2.8.8.tgz#7539bd4bc1e0e0a895815a2e0262420b12858488"
    integrity sha1-dTm9S8Hg4KiVgVouAmJCCxKFhIg=
  
  hosted-git-info@^3.0.5:
    version "3.0.7"
    resolved "https://registry.npm.taobao.org/hosted-git-info/download/hosted-git-info-3.0.7.tgz?cache=0&sync_timestamp=1602801378957&other_urls=https%3A%2F%2Fregistry.npm.taobao.org%2Fhosted-git-info%2Fdownload%2Fhosted-git-info-3.0.7.tgz#a30727385ea85acfcee94e0aad9e368c792e036c"
    integrity sha1-owcnOF6oWs/O6U4KrZ42jHkuA2w=
    dependencies:
      lru-cache "^6.0.0"
  
  html-encoding-sniffer@^2.0.1:
    version "2.0.1"
    resolved "https://registry.npm.taobao.org/html-encoding-sniffer/download/html-encoding-sniffer-2.0.1.tgz#42a6dc4fd33f00281176e8b23759ca4e4fa185f3"
    integrity sha1-QqbcT9M/ACgRduiyN1nKTk+hhfM=
    dependencies:
      whatwg-encoding "^1.0.5"
  
  html-entities@^1.2.0:
    version "1.3.1"
    resolved "https://registry.npm.taobao.org/html-entities/download/html-entities-1.3.1.tgz#fb9a1a4b5b14c5daba82d3e34c6ae4fe701a0e44"
    integrity sha1-+5oaS1sUxdq6gtPjTGrk/nAaDkQ=
  
  html-escaper@^2.0.0:
    version "2.0.2"
    resolved "https://registry.npm.taobao.org/html-escaper/download/html-escaper-2.0.2.tgz#dfd60027da36a36dfcbe236262c00a5822681453"
    integrity sha1-39YAJ9o2o238viNiYsAKWCJoFFM=
  
  html-loader@1.3.0:
    version "1.3.0"
    resolved "https://registry.npm.taobao.org/html-loader/download/html-loader-1.3.0.tgz#2cbca7794702818b60f55b3b7c73ab642236635a"
    integrity sha1-LLyneUcCgYtg9Vs7fHOrZCI2Y1o=
    dependencies:
      html-minifier-terser "^5.1.1"
      htmlparser2 "^4.1.0"
      loader-utils "^2.0.0"
      schema-utils "^2.7.0"
  
  html-minifier-terser@^5.0.1, html-minifier-terser@^5.1.1:
    version "5.1.1"
    resolved "https://registry.npm.taobao.org/html-minifier-terser/download/html-minifier-terser-5.1.1.tgz#922e96f1f3bb60832c2634b79884096389b1f054"
    integrity sha1-ki6W8fO7YIMsJjS3mIQJY4mx8FQ=
    dependencies:
      camel-case "^4.1.1"
      clean-css "^4.2.3"
      commander "^4.1.1"
      he "^1.2.0"
      param-case "^3.0.3"
      relateurl "^0.2.7"
      terser "^4.6.3"
  
  html-webpack-plugin@4.4.1:
    version "4.4.1"
    resolved "https://registry.npm.taobao.org/html-webpack-plugin/download/html-webpack-plugin-4.4.1.tgz#61ab85aa1a84ba181443345ebaead51abbb84149"
    integrity sha1-YauFqhqEuhgUQzReuurVGru4QUk=
    dependencies:
      "@types/html-minifier-terser" "^5.0.0"
      "@types/tapable" "^1.0.5"
      "@types/webpack" "^4.41.8"
      html-minifier-terser "^5.0.1"
      loader-utils "^1.2.3"
      lodash "^4.17.15"
      pretty-error "^2.1.1"
      tapable "^1.1.3"
      util.promisify "1.0.0"
  
  html2canvas@1.0.0-rc.7, html2canvas@^1.0.0-rc.5:
    version "1.0.0-rc.7"
    resolved "https://registry.npm.taobao.org/html2canvas/download/html2canvas-1.0.0-rc.7.tgz#70c159ce0e63954a91169531894d08ad5627ac98"
    integrity sha1-cMFZzg5jlUqRFpUxiU0IrVYnrJg=
    dependencies:
      css-line-break "1.1.1"
  
  htmlparser2@^3.3.0:
    version "3.10.1"
    resolved "https://registry.npm.taobao.org/htmlparser2/download/htmlparser2-3.10.1.tgz#bd679dc3f59897b6a34bb10749c855bb53a9392f"
    integrity sha1-vWedw/WYl7ajS7EHSchVu1OpOS8=
    dependencies:
      domelementtype "^1.3.1"
      domhandler "^2.3.0"
      domutils "^1.5.1"
      entities "^1.1.1"
      inherits "^2.0.1"
      readable-stream "^3.1.1"
  
  htmlparser2@^4.1.0:
    version "4.1.0"
    resolved "https://registry.npm.taobao.org/htmlparser2/download/htmlparser2-4.1.0.tgz#9a4ef161f2e4625ebf7dfbe6c0a2f52d18a59e78"
    integrity sha1-mk7xYfLkYl6/ffvmwKL1LRilnng=
    dependencies:
      domelementtype "^2.0.1"
      domhandler "^3.0.0"
      domutils "^2.0.0"
      entities "^2.0.0"
  
  http-cache-semantics@3.8.1:
    version "3.8.1"
    resolved "https://registry.npm.taobao.org/http-cache-semantics/download/http-cache-semantics-3.8.1.tgz#39b0e16add9b605bf0a9ef3d9daaf4843b4cacd2"
    integrity sha1-ObDhat2bYFvwqe89nar0hDtMrNI=
  
  http-cache-semantics@^4.0.0:
    version "4.1.0"
    resolved "https://registry.npm.taobao.org/http-cache-semantics/download/http-cache-semantics-4.1.0.tgz#49e91c5cbf36c9b94bcfcd71c23d5249ec74e390"
    integrity sha1-SekcXL82yblLz81xwj1SSex045A=
  
  http-errors@1.7.2:
    version "1.7.2"
    resolved "https://registry.npm.taobao.org/http-errors/download/http-errors-1.7.2.tgz?cache=0&sync_timestamp=1593407634112&other_urls=https%3A%2F%2Fregistry.npm.taobao.org%2Fhttp-errors%2Fdownload%2Fhttp-errors-1.7.2.tgz#4f5029cf13239f31036e5b2e55292bcfbcc85c8f"
    integrity sha1-T1ApzxMjnzEDblsuVSkrz7zIXI8=
    dependencies:
      depd "~1.1.2"
      inherits "2.0.3"
      setprototypeof "1.1.1"
      statuses ">= 1.5.0 < 2"
      toidentifier "1.0.0"
  
  http-errors@~1.7.2:
    version "1.7.3"
    resolved "https://registry.npm.taobao.org/http-errors/download/http-errors-1.7.3.tgz?cache=0&sync_timestamp=1593407634112&other_urls=https%3A%2F%2Fregistry.npm.taobao.org%2Fhttp-errors%2Fdownload%2Fhttp-errors-1.7.3.tgz#6c619e4f9c60308c38519498c14fbb10aacebb06"
    integrity sha1-bGGeT5xgMIw4UZSYwU+7EKrOuwY=
    dependencies:
      depd "~1.1.2"
      inherits "2.0.4"
      setprototypeof "1.1.1"
      statuses ">= 1.5.0 < 2"
      toidentifier "1.0.0"
  
  http-proxy-middleware@1.0.5:
    version "1.0.5"
    resolved "https://registry.npm.taobao.org/http-proxy-middleware/download/http-proxy-middleware-1.0.5.tgz#4c6e25d95a411e3d750bc79ccf66290675176dc2"
    integrity sha1-TG4l2VpBHj11C8ecz2YpBnUXbcI=
    dependencies:
      "@types/http-proxy" "^1.17.4"
      http-proxy "^1.18.1"
      is-glob "^4.0.1"
      lodash "^4.17.19"
      micromatch "^4.0.2"
  
  http-proxy@^1.18.1:
    version "1.18.1"
    resolved "https://registry.npm.taobao.org/http-proxy/download/http-proxy-1.18.1.tgz#401541f0534884bbf95260334e72f88ee3976549"
    integrity sha1-QBVB8FNIhLv5UmAzTnL4juOXZUk=
    dependencies:
      eventemitter3 "^4.0.0"
      follow-redirects "^1.0.0"
      requires-port "^1.0.0"
  
  http-signature@~1.2.0:
    version "1.2.0"
    resolved "https://registry.npm.taobao.org/http-signature/download/http-signature-1.2.0.tgz#9aecd925114772f3d95b65a60abb8f7c18fbace1"
    integrity sha1-muzZJRFHcvPZW2WmCruPfBj7rOE=
    dependencies:
      assert-plus "^1.0.0"
      jsprim "^1.2.2"
      sshpk "^1.7.0"
  
  https-browserify@^1.0.0:
    version "1.0.0"
    resolved "https://registry.npm.taobao.org/https-browserify/download/https-browserify-1.0.0.tgz#ec06c10e0a34c0f2faf199f7fd7fc78fffd03c73"
    integrity sha1-7AbBDgo0wPL68Zn3/X/Hj//QPHM=
  
  human-signals@^1.1.1:
    version "1.1.1"
    resolved "https://registry.npm.taobao.org/human-signals/download/human-signals-1.1.1.tgz#c5b1cd14f50aeae09ab6c59fe63ba3395fe4dfa3"
    integrity sha1-xbHNFPUK6uCatsWf5jujOV/k36M=
  
  humanize-plus@^1.8.1:
    version "1.8.2"
    resolved "https://registry.npm.taobao.org/humanize-plus/download/humanize-plus-1.8.2.tgz#a65b34459ad6367adbb3707a82a3c9f916167030"
    integrity sha1-pls0RZrWNnrbs3B6gqPJ+RYWcDA=
  
  iconv-lite@0.4, iconv-lite@0.4.24, iconv-lite@^0.4.24:
    version "0.4.24"
    resolved "https://registry.npm.taobao.org/iconv-lite/download/iconv-lite-0.4.24.tgz#2022b4b25fbddc21d2f524974a474aafe733908b"
    integrity sha1-ICK0sl+93CHS9SSXSkdKr+czkIs=
    dependencies:
      safer-buffer ">= 2.1.2 < 3"
  
  iconv-lite@^0.6.2:
    version "0.6.2"
    resolved "https://registry.npm.taobao.org/iconv-lite/download/iconv-lite-0.6.2.tgz?cache=0&sync_timestamp=1594184325364&other_urls=https%3A%2F%2Fregistry.npm.taobao.org%2Ficonv-lite%2Fdownload%2Ficonv-lite-0.6.2.tgz#ce13d1875b0c3a674bd6a04b7f76b01b1b6ded01"
    integrity sha1-zhPRh1sMOmdL1qBLf3awGxtt7QE=
    dependencies:
      safer-buffer ">= 2.1.2 < 3.0.0"
  
  icss-utils@^4.0.0, icss-utils@^4.1.1:
    version "4.1.1"
    resolved "https://registry.npm.taobao.org/icss-utils/download/icss-utils-4.1.1.tgz#21170b53789ee27447c2f47dd683081403f9a467"
    integrity sha1-IRcLU3ie4nRHwvR91oMIFAP5pGc=
    dependencies:
      postcss "^7.0.14"
  
  ieee754@^1.1.4:
    version "1.1.13"
    resolved "https://registry.npm.taobao.org/ieee754/download/ieee754-1.1.13.tgz#ec168558e95aa181fd87d37f55c32bbcb6708b84"
    integrity sha1-7BaFWOlaoYH9h9N/VcMrvLZwi4Q=
  
  iferr@^0.1.5:
    version "0.1.5"
    resolved "https://registry.npm.taobao.org/iferr/download/iferr-0.1.5.tgz#c60eed69e6d8fdb6b3104a1fcbca1c192dc5b501"
    integrity sha1-xg7taebY/bazEEofy8ocGS3FtQE=
  
  ignore@^4.0.3, ignore@^4.0.6:
    version "4.0.6"
    resolved "https://registry.npm.taobao.org/ignore/download/ignore-4.0.6.tgz#750e3db5862087b4737ebac8207ffd1ef27b25fc"
    integrity sha1-dQ49tYYgh7RzfrrIIH/9HvJ7Jfw=
  
  ignore@^5.1.1:
    version "5.1.8"
    resolved "https://registry.npm.taobao.org/ignore/download/ignore-5.1.8.tgz#f150a8b50a34289b33e22f5889abd4d8016f0e57"
    integrity sha1-8VCotQo0KJsz4i9YiavU2AFvDlc=
  
  immer@7.0.9:
    version "7.0.9"
    resolved "https://registry.npm.taobao.org/immer/download/immer-7.0.9.tgz#28e7552c21d39dd76feccd2b800b7bc86ee4a62e"
    integrity sha1-KOdVLCHTnddv7M0rgAt7yG7kpi4=
  
  import-fresh@^3.0.0, import-fresh@^3.2.1:
    version "3.2.1"
    resolved "https://registry.npm.taobao.org/import-fresh/download/import-fresh-3.2.1.tgz#633ff618506e793af5ac91bf48b72677e15cbe66"
    integrity sha1-Yz/2GFBueTr1rJG/SLcmd+FcvmY=
    dependencies:
      parent-module "^1.0.0"
      resolve-from "^4.0.0"
  
  import-lazy@^2.1.0:
    version "2.1.0"
    resolved "https://registry.npm.taobao.org/import-lazy/download/import-lazy-2.1.0.tgz#05698e3d45c88e8d7e9d92cb0584e77f096f3e43"
    integrity sha1-BWmOPUXIjo1+nZLLBYTnfwlvPkM=
  
  import-lazy@^4.0.0:
    version "4.0.0"
    resolved "https://registry.npm.taobao.org/import-lazy/download/import-lazy-4.0.0.tgz#e8eb627483a0a43da3c03f3e35548be5cb0cc153"
    integrity sha1-6OtidIOgpD2jwD8+NVSL5csMwVM=
  
  import-local@^2.0.0:
    version "2.0.0"
    resolved "https://registry.npm.taobao.org/import-local/download/import-local-2.0.0.tgz?cache=0&sync_timestamp=1577797775692&other_urls=https%3A%2F%2Fregistry.npm.taobao.org%2Fimport-local%2Fdownload%2Fimport-local-2.0.0.tgz#55070be38a5993cf18ef6db7e961f5bee5c5a09d"
    integrity sha1-VQcL44pZk88Y72236WH1vuXFoJ0=
    dependencies:
      pkg-dir "^3.0.0"
      resolve-cwd "^2.0.0"
  
  import-local@^3.0.2:
    version "3.0.2"
    resolved "https://registry.npm.taobao.org/import-local/download/import-local-3.0.2.tgz?cache=0&sync_timestamp=1577797775692&other_urls=https%3A%2F%2Fregistry.npm.taobao.org%2Fimport-local%2Fdownload%2Fimport-local-3.0.2.tgz#a8cfd0431d1de4a2199703d003e3e62364fa6db6"
    integrity sha1-qM/QQx0d5KIZlwPQA+PmI2T6bbY=
    dependencies:
      pkg-dir "^4.2.0"
      resolve-cwd "^3.0.0"
  
  imports-loader@1.1.0:
    version "1.1.0"
    resolved "https://registry.npm.taobao.org/imports-loader/download/imports-loader-1.1.0.tgz#1c3a388d0c5cd7f9eb08f3646d4aae3b70e57933"
    integrity sha1-HDo4jQxc1/nrCPNkbUquO3DleTM=
    dependencies:
      loader-utils "^2.0.0"
      schema-utils "^2.7.0"
      source-map "^0.6.1"
      strip-comments "^2.0.1"
  
  imurmurhash@^0.1.4:
    version "0.1.4"
    resolved "https://registry.npm.taobao.org/imurmurhash/download/imurmurhash-0.1.4.tgz#9218b9b2b928a238b13dc4fb6b6d576f231453ea"
    integrity sha1-khi5srkoojixPcT7a21XbyMUU+o=
  
  indent-string@^4.0.0:
    version "4.0.0"
    resolved "https://registry.npm.taobao.org/indent-string/download/indent-string-4.0.0.tgz#624f8f4497d619b2d9768531d58f4122854d7251"
    integrity sha1-Yk+PRJfWGbLZdoUx1Y9BIoVNclE=
  
  indexes-of@^1.0.1:
    version "1.0.1"
    resolved "https://registry.npm.taobao.org/indexes-of/download/indexes-of-1.0.1.tgz#f30f716c8e2bd346c7b67d3df3915566a7c05607"
    integrity sha1-8w9xbI4r00bHtn0985FVZqfAVgc=
  
  infer-owner@^1.0.3, infer-owner@^1.0.4:
    version "1.0.4"
    resolved "https://registry.npm.taobao.org/infer-owner/download/infer-owner-1.0.4.tgz#c4cefcaa8e51051c2a40ba2ce8a3d27295af9467"
    integrity sha1-xM78qo5RBRwqQLos6KPScpWvlGc=
  
  inflight@^1.0.4:
    version "1.0.6"
    resolved "https://registry.npm.taobao.org/inflight/download/inflight-1.0.6.tgz#49bd6331d7d02d0c09bc910a1075ba8165b56df9"
    integrity sha1-Sb1jMdfQLQwJvJEKEHW6gWW1bfk=
    dependencies:
      once "^1.3.0"
      wrappy "1"
  
  inherits@2, inherits@2.0.4, inherits@^2.0.1, inherits@^2.0.3, inherits@^2.0.4, inherits@~2.0.1, inherits@~2.0.3:
    version "2.0.4"
    resolved "https://registry.npm.taobao.org/inherits/download/inherits-2.0.4.tgz#0fa2c64f932917c3433a0ded55363aae37416b7c"
    integrity sha1-D6LGT5MpF8NDOg3tVTY6rjdBa3w=
  
  inherits@2.0.1:
    version "2.0.1"
    resolved "https://registry.npm.taobao.org/inherits/download/inherits-2.0.1.tgz#b17d08d326b4423e568eff719f91b0b1cbdf69f1"
    integrity sha1-sX0I0ya0Qj5Wjv9xn5GwscvfafE=
  
  inherits@2.0.3:
    version "2.0.3"
    resolved "https://registry.npm.taobao.org/inherits/download/inherits-2.0.3.tgz#633c2c83e3da42a502f52466022480f4208261de"
    integrity sha1-Yzwsg+PaQqUC9SRmAiSA9CCCYd4=
  
  ini@1.3.7:
    version "1.3.7"
    resolved "https://registry.npm.taobao.org/ini/download/ini-1.3.7.tgz?cache=0&sync_timestamp=1607907810942&other_urls=https%3A%2F%2Fregistry.npm.taobao.org%2Fini%2Fdownload%2Fini-1.3.7.tgz#a09363e1911972ea16d7a8851005d84cf09a9a84"
    integrity sha1-oJNj4ZEZcuoW16iFEAXYTPCamoQ=
  
  ini@^1.3.4, ini@^1.3.5:
    version "1.3.5"
    resolved "https://registry.npm.taobao.org/ini/download/ini-1.3.5.tgz#eee25f56db1c9ec6085e0c22778083f596abf927"
    integrity sha1-7uJfVtscnsYIXgwid4CD9Zar+Sc=
  
  ini@~1.3.0:
    version "1.3.8"
    resolved "https://registry.npm.taobao.org/ini/download/ini-1.3.8.tgz?cache=0&sync_timestamp=1607907810942&other_urls=https%3A%2F%2Fregistry.npm.taobao.org%2Fini%2Fdownload%2Fini-1.3.8.tgz#a29da425b48806f34767a4efce397269af28432c"
    integrity sha1-op2kJbSIBvNHZ6Tvzjlyaa8oQyw=
  
  inquirer@^7.1.0:
    version "7.3.3"
    resolved "https://registry.npm.taobao.org/inquirer/download/inquirer-7.3.3.tgz?cache=0&sync_timestamp=1595475980671&other_urls=https%3A%2F%2Fregistry.npm.taobao.org%2Finquirer%2Fdownload%2Finquirer-7.3.3.tgz#04d176b2af04afc157a83fd7c100e98ee0aad003"
    integrity sha1-BNF2sq8Er8FXqD/XwQDpjuCq0AM=
    dependencies:
      ansi-escapes "^4.2.1"
      chalk "^4.1.0"
      cli-cursor "^3.1.0"
      cli-width "^3.0.0"
      external-editor "^3.0.3"
      figures "^3.0.0"
      lodash "^4.17.19"
      mute-stream "0.0.8"
      run-async "^2.4.0"
      rxjs "^6.6.0"
      string-width "^4.1.0"
      strip-ansi "^6.0.0"
      through "^2.3.6"
  
  insert-css@^2.0.0:
    version "2.0.0"
    resolved "https://registry.npm.taobao.org/insert-css/download/insert-css-2.0.0.tgz#eb5d1097b7542f4c79ea3060d3aee07d053880f4"
    integrity sha1-610Ql7dUL0x56jBg067gfQU4gPQ=
  
  internal-slot@^1.0.2:
    version "1.0.2"
    resolved "https://registry.npm.taobao.org/internal-slot/download/internal-slot-1.0.2.tgz#9c2e9fb3cd8e5e4256c6f45fe310067fcfa378a3"
    integrity sha1-nC6fs82OXkJWxvRf4xAGf8+jeKM=
    dependencies:
      es-abstract "^1.17.0-next.1"
      has "^1.0.3"
      side-channel "^1.0.2"
  
  interpret@^1.0.0, interpret@^1.2.0, interpret@^1.4.0:
    version "1.4.0"
    resolved "https://registry.npm.taobao.org/interpret/download/interpret-1.4.0.tgz#665ab8bc4da27a774a40584e812e3e0fa45b1a1e"
    integrity sha1-Zlq4vE2iendKQFhOgS4+D6RbGh4=
  
  into-stream@^3.1.0:
    version "3.1.0"
    resolved "https://registry.npm.taobao.org/into-stream/download/into-stream-3.1.0.tgz#96fb0a936c12babd6ff1752a17d05616abd094c6"
    integrity sha1-lvsKk2wSur1v8XUqF9BWFqvQlMY=
    dependencies:
      from2 "^2.1.1"
      p-is-promise "^1.1.0"
  
  invariant@^2.2.2, invariant@^2.2.4:
    version "2.2.4"
    resolved "https://registry.npm.taobao.org/invariant/download/invariant-2.2.4.tgz#610f3c92c9359ce1db616e538008d23ff35158e6"
    integrity sha1-YQ88ksk1nOHbYW5TgAjSP/NRWOY=
    dependencies:
      loose-envify "^1.0.0"
  
  ip-regex@^2.1.0:
    version "2.1.0"
    resolved "https://registry.npm.taobao.org/ip-regex/download/ip-regex-2.1.0.tgz#fa78bf5d2e6913c911ce9f819ee5146bb6d844e9"
    integrity sha1-+ni/XS5pE8kRzp+BnuUUa7bYROk=
  
  ip@1.1.5:
    version "1.1.5"
    resolved "https://registry.npm.taobao.org/ip/download/ip-1.1.5.tgz#bdded70114290828c0a039e72ef25f5aaec4354a"
    integrity sha1-vd7XARQpCCjAoDnnLvJfWq7ENUo=
  
  ipaddr.js@1.9.1:
    version "1.9.1"
    resolved "https://registry.npm.taobao.org/ipaddr.js/download/ipaddr.js-1.9.1.tgz#bff38543eeb8984825079ff3a2a8e6cbd46781b3"
    integrity sha1-v/OFQ+64mEglB5/zoqjmy9RngbM=
  
  is-absolute@^1.0.0:
    version "1.0.0"
    resolved "https://registry.npm.taobao.org/is-absolute/download/is-absolute-1.0.0.tgz#395e1ae84b11f26ad1795e73c17378e48a301576"
    integrity sha1-OV4a6EsR8mrReV5zwXN45IowFXY=
    dependencies:
      is-relative "^1.0.0"
      is-windows "^1.0.1"
  
  is-accessor-descriptor@^0.1.6:
    version "0.1.6"
    resolved "https://registry.npm.taobao.org/is-accessor-descriptor/download/is-accessor-descriptor-0.1.6.tgz#a9e12cb3ae8d876727eeef3843f8a0897b5c98d6"
    integrity sha1-qeEss66Nh2cn7u84Q/igiXtcmNY=
    dependencies:
      kind-of "^3.0.2"
  
  is-accessor-descriptor@^1.0.0:
    version "1.0.0"
    resolved "https://registry.npm.taobao.org/is-accessor-descriptor/download/is-accessor-descriptor-1.0.0.tgz#169c2f6d3df1f992618072365c9b0ea1f6878656"
    integrity sha1-FpwvbT3x+ZJhgHI2XJsOofaHhlY=
    dependencies:
      kind-of "^6.0.0"
  
  is-arrayish@^0.2.1:
    version "0.2.1"
    resolved "https://registry.npm.taobao.org/is-arrayish/download/is-arrayish-0.2.1.tgz#77c99840527aa8ecb1a8ba697b80645a7a926a9d"
    integrity sha1-d8mYQFJ6qOyxqLppe4BkWnqSap0=
  
  is-binary-path@^1.0.0:
    version "1.0.1"
    resolved "https://registry.npm.taobao.org/is-binary-path/download/is-binary-path-1.0.1.tgz#75f16642b480f187a711c814161fd3a4a7655898"
    integrity sha1-dfFmQrSA8YenEcgUFh/TpKdlWJg=
    dependencies:
      binary-extensions "^1.0.0"
  
  is-binary-path@~2.1.0:
    version "2.1.0"
    resolved "https://registry.npm.taobao.org/is-binary-path/download/is-binary-path-2.1.0.tgz#ea1f7f3b80f064236e83470f86c09c254fb45b09"
    integrity sha1-6h9/O4DwZCNug0cPhsCcJU+0Wwk=
    dependencies:
      binary-extensions "^2.0.0"
  
  is-buffer@^1.1.5:
    version "1.1.6"
    resolved "https://registry.npm.taobao.org/is-buffer/download/is-buffer-1.1.6.tgz#efaa2ea9daa0d7ab2ea13a97b2b8ad51fefbe8be"
    integrity sha1-76ouqdqg16suoTqXsritUf776L4=
  
  is-callable@^1.1.4, is-callable@^1.2.0:
    version "1.2.1"
    resolved "https://registry.npm.taobao.org/is-callable/download/is-callable-1.2.1.tgz?cache=0&sync_timestamp=1599691892826&other_urls=https%3A%2F%2Fregistry.npm.taobao.org%2Fis-callable%2Fdownload%2Fis-callable-1.2.1.tgz#4d1e21a4f437509d25ce55f8184350771421c96d"
    integrity sha1-TR4hpPQ3UJ0lzlX4GENQdxQhyW0=
  
  is-ci@^2.0.0:
    version "2.0.0"
    resolved "https://registry.npm.taobao.org/is-ci/download/is-ci-2.0.0.tgz#6bc6334181810e04b5c22b3d589fdca55026404c"
    integrity sha1-a8YzQYGBDgS1wis9WJ/cpVAmQEw=
    dependencies:
      ci-info "^2.0.0"
  
  is-data-descriptor@^0.1.4:
    version "0.1.4"
    resolved "https://registry.npm.taobao.org/is-data-descriptor/download/is-data-descriptor-0.1.4.tgz#0b5ee648388e2c860282e793f1856fec3f301b56"
    integrity sha1-C17mSDiOLIYCgueT8YVv7D8wG1Y=
    dependencies:
      kind-of "^3.0.2"
  
  is-data-descriptor@^1.0.0:
    version "1.0.0"
    resolved "https://registry.npm.taobao.org/is-data-descriptor/download/is-data-descriptor-1.0.0.tgz#d84876321d0e7add03990406abbbbd36ba9268c7"
    integrity sha1-2Eh2Mh0Oet0DmQQGq7u9NrqSaMc=
    dependencies:
      kind-of "^6.0.0"
  
  is-date-object@^1.0.1:
    version "1.0.2"
    resolved "https://registry.npm.taobao.org/is-date-object/download/is-date-object-1.0.2.tgz#bda736f2cd8fd06d32844e7743bfa7494c3bfd7e"
    integrity sha1-vac28s2P0G0yhE53Q7+nSUw7/X4=
  
  is-descriptor@^0.1.0:
    version "0.1.6"
    resolved "https://registry.npm.taobao.org/is-descriptor/download/is-descriptor-0.1.6.tgz#366d8240dde487ca51823b1ab9f07a10a78251ca"
    integrity sha1-Nm2CQN3kh8pRgjsaufB6EKeCUco=
    dependencies:
      is-accessor-descriptor "^0.1.6"
      is-data-descriptor "^0.1.4"
      kind-of "^5.0.0"
  
  is-descriptor@^1.0.0, is-descriptor@^1.0.2:
    version "1.0.2"
    resolved "https://registry.npm.taobao.org/is-descriptor/download/is-descriptor-1.0.2.tgz#3b159746a66604b04f8c81524ba365c5f14d86ec"
    integrity sha1-OxWXRqZmBLBPjIFSS6NlxfFNhuw=
    dependencies:
      is-accessor-descriptor "^1.0.0"
      is-data-descriptor "^1.0.0"
      kind-of "^6.0.2"
  
  is-docker@^2.0.0:
    version "2.1.1"
    resolved "https://registry.npm.taobao.org/is-docker/download/is-docker-2.1.1.tgz?cache=0&sync_timestamp=1596559550204&other_urls=https%3A%2F%2Fregistry.npm.taobao.org%2Fis-docker%2Fdownload%2Fis-docker-2.1.1.tgz#4125a88e44e450d384e09047ede71adc2d144156"
    integrity sha1-QSWojkTkUNOE4JBH7eca3C0UQVY=
  
  is-extendable@^0.1.0, is-extendable@^0.1.1:
    version "0.1.1"
    resolved "https://registry.npm.taobao.org/is-extendable/download/is-extendable-0.1.1.tgz#62b110e289a471418e3ec36a617d472e301dfc89"
    integrity sha1-YrEQ4omkcUGOPsNqYX1HLjAd/Ik=
  
  is-extendable@^1.0.1:
    version "1.0.1"
    resolved "https://registry.npm.taobao.org/is-extendable/download/is-extendable-1.0.1.tgz#a7470f9e426733d81bd81e1155264e3a3507cab4"
    integrity sha1-p0cPnkJnM9gb2B4RVSZOOjUHyrQ=
    dependencies:
      is-plain-object "^2.0.4"
  
  is-extglob@^2.1.0, is-extglob@^2.1.1:
    version "2.1.1"
    resolved "https://registry.npm.taobao.org/is-extglob/download/is-extglob-2.1.1.tgz#a88c02535791f02ed37c76a1b9ea9773c833f8c2"
    integrity sha1-qIwCU1eR8C7TfHahueqXc8gz+MI=
  
  is-fullwidth-code-point@^2.0.0:
    version "2.0.0"
    resolved "https://registry.npm.taobao.org/is-fullwidth-code-point/download/is-fullwidth-code-point-2.0.0.tgz#a3b30a5c4f199183167aaab93beefae3ddfb654f"
    integrity sha1-o7MKXE8ZkYMWeqq5O+764937ZU8=
  
  is-fullwidth-code-point@^3.0.0:
    version "3.0.0"
    resolved "https://registry.npm.taobao.org/is-fullwidth-code-point/download/is-fullwidth-code-point-3.0.0.tgz#f116f8064fe90b3f7844a38997c0b75051269f1d"
    integrity sha1-8Rb4Bk/pCz94RKOJl8C3UFEmnx0=
  
  is-function@^1.0.1:
    version "1.0.2"
    resolved "https://registry.npm.taobao.org/is-function/download/is-function-1.0.2.tgz#4f097f30abf6efadac9833b17ca5dc03f8144e08"
    integrity sha1-Twl/MKv2762smDOxfKXcA/gUTgg=
  
  is-generator-fn@^2.0.0:
    version "2.1.0"
    resolved "https://registry.npm.taobao.org/is-generator-fn/download/is-generator-fn-2.1.0.tgz#7d140adc389aaf3011a8f2a2a4cfa6faadffb118"
    integrity sha1-fRQK3DiarzARqPKipM+m+q3/sRg=
  
  is-glob@^3.1.0:
    version "3.1.0"
    resolved "https://registry.npm.taobao.org/is-glob/download/is-glob-3.1.0.tgz#7ba5ae24217804ac70707b96922567486cc3e84a"
    integrity sha1-e6WuJCF4BKxwcHuWkiVnSGzD6Eo=
    dependencies:
      is-extglob "^2.1.0"
  
  is-glob@^4.0.0, is-glob@^4.0.1, is-glob@~4.0.1:
    version "4.0.1"
    resolved "https://registry.npm.taobao.org/is-glob/download/is-glob-4.0.1.tgz#7567dbe9f2f5e2467bc77ab83c4a29482407a5dc"
    integrity sha1-dWfb6fL14kZ7x3q4PEopSCQHpdw=
    dependencies:
      is-extglob "^2.1.1"
  
  is-installed-globally@^0.3.1:
    version "0.3.2"
    resolved "https://registry.npm.taobao.org/is-installed-globally/download/is-installed-globally-0.3.2.tgz#fd3efa79ee670d1187233182d5b0a1dd00313141"
    integrity sha1-/T76ee5nDRGHIzGC1bCh3QAxMUE=
    dependencies:
      global-dirs "^2.0.1"
      is-path-inside "^3.0.1"
  
  is-lower-case@^1.1.0:
    version "1.1.3"
    resolved "https://registry.npm.taobao.org/is-lower-case/download/is-lower-case-1.1.3.tgz#7e147be4768dc466db3bfb21cc60b31e6ad69393"
    integrity sha1-fhR75HaNxGbbO/shzGCzHmrWk5M=
    dependencies:
      lower-case "^1.1.0"
  
  is-natural-number@^4.0.1:
    version "4.0.1"
    resolved "https://registry.npm.taobao.org/is-natural-number/download/is-natural-number-4.0.1.tgz#ab9d76e1db4ced51e35de0c72ebecf09f734cde8"
    integrity sha1-q5124dtM7VHjXeDHLr7PCfc0zeg=
  
  is-negative-zero@^2.0.0:
    version "2.0.0"
    resolved "https://registry.npm.taobao.org/is-negative-zero/download/is-negative-zero-2.0.0.tgz#9553b121b0fac28869da9ed459e20c7543788461"
    integrity sha1-lVOxIbD6wohp2p7UWeIMdUN4hGE=
  
  is-npm@^4.0.0:
    version "4.0.0"
    resolved "https://registry.npm.taobao.org/is-npm/download/is-npm-4.0.0.tgz#c90dd8380696df87a7a6d823c20d0b12bbe3c84d"
    integrity sha1-yQ3YOAaW34enptgjwg0LErvjyE0=
  
  is-number@^3.0.0:
    version "3.0.0"
    resolved "https://registry.npm.taobao.org/is-number/download/is-number-3.0.0.tgz#24fd6201a4782cf50561c810276afc7d12d71195"
    integrity sha1-JP1iAaR4LPUFYcgQJ2r8fRLXEZU=
    dependencies:
      kind-of "^3.0.2"
  
  is-number@^7.0.0:
    version "7.0.0"
    resolved "https://registry.npm.taobao.org/is-number/download/is-number-7.0.0.tgz#7535345b896734d5f80c4d06c50955527a14f12b"
    integrity sha1-dTU0W4lnNNX4DE0GxQlVUnoU8Ss=
  
  is-obj@^1.0.1:
    version "1.0.1"
    resolved "https://registry.npm.taobao.org/is-obj/download/is-obj-1.0.1.tgz#3e4729ac1f5fde025cd7d83a896dab9f4f67db0f"
    integrity sha1-PkcprB9f3gJc19g6iW2rn09n2w8=
  
  is-obj@^2.0.0:
    version "2.0.0"
    resolved "https://registry.npm.taobao.org/is-obj/download/is-obj-2.0.0.tgz#473fb05d973705e3fd9620545018ca8e22ef4982"
    integrity sha1-Rz+wXZc3BeP9liBUUBjKjiLvSYI=
  
  is-object@^1.0.1:
    version "1.0.1"
    resolved "https://registry.npm.taobao.org/is-object/download/is-object-1.0.1.tgz#8952688c5ec2ffd6b03ecc85e769e02903083470"
    integrity sha1-iVJojF7C/9awPsyF52ngKQMINHA=
  
  is-path-cwd@^2.2.0:
    version "2.2.0"
    resolved "https://registry.npm.taobao.org/is-path-cwd/download/is-path-cwd-2.2.0.tgz#67d43b82664a7b5191fd9119127eb300048a9fdb"
    integrity sha1-Z9Q7gmZKe1GR/ZEZEn6zAASKn9s=
  
  is-path-inside@^3.0.1:
    version "3.0.2"
    resolved "https://registry.npm.taobao.org/is-path-inside/download/is-path-inside-3.0.2.tgz#f5220fc82a3e233757291dddc9c5877f2a1f3017"
    integrity sha1-9SIPyCo+IzdXKR3dycWHfyofMBc=
  
  is-plain-obj@^1.0.0:
    version "1.1.0"
    resolved "https://registry.npm.taobao.org/is-plain-obj/download/is-plain-obj-1.1.0.tgz#71a50c8429dfca773c92a390a4a03b39fcd51d3e"
    integrity sha1-caUMhCnfync8kqOQpKA7OfzVHT4=
  
  is-plain-object@^2.0.3, is-plain-object@^2.0.4:
    version "2.0.4"
    resolved "https://registry.npm.taobao.org/is-plain-object/download/is-plain-object-2.0.4.tgz?cache=0&sync_timestamp=1599667246252&other_urls=https%3A%2F%2Fregistry.npm.taobao.org%2Fis-plain-object%2Fdownload%2Fis-plain-object-2.0.4.tgz#2c163b3fafb1b606d9d17928f05c2a1c38e07677"
    integrity sha1-LBY7P6+xtgbZ0Xko8FwqHDjgdnc=
    dependencies:
      isobject "^3.0.1"
  
  is-potential-custom-element-name@^1.0.0:
    version "1.0.0"
    resolved "https://registry.npm.taobao.org/is-potential-custom-element-name/download/is-potential-custom-element-name-1.0.0.tgz#0c52e54bcca391bb2c494b21e8626d7336c6e397"
    integrity sha1-DFLlS8yjkbssSUsh6GJtczbG45c=
  
  is-regex@^1.1.0, is-regex@^1.1.1:
    version "1.1.1"
    resolved "https://registry.npm.taobao.org/is-regex/download/is-regex-1.1.1.tgz?cache=0&sync_timestamp=1596555709354&other_urls=https%3A%2F%2Fregistry.npm.taobao.org%2Fis-regex%2Fdownload%2Fis-regex-1.1.1.tgz#c6f98aacc546f6cec5468a07b7b153ab564a57b9"
    integrity sha1-xvmKrMVG9s7FRooHt7FTq1ZKV7k=
    dependencies:
      has-symbols "^1.0.1"
  
  is-regexp@^1.0.0:
    version "1.0.0"
    resolved "https://registry.npm.taobao.org/is-regexp/download/is-regexp-1.0.0.tgz#fd2d883545c46bac5a633e7b9a09e87fa2cb5069"
    integrity sha1-/S2INUXEa6xaYz57mgnof6LLUGk=
  
  is-relative@^1.0.0:
    version "1.0.0"
    resolved "https://registry.npm.taobao.org/is-relative/download/is-relative-1.0.0.tgz#a1bb6935ce8c5dba1e8b9754b9b2dcc020e2260d"
    integrity sha1-obtpNc6MXboei5dUubLcwCDiJg0=
    dependencies:
      is-unc-path "^1.0.0"
  
  is-retry-allowed@^1.1.0:
    version "1.2.0"
    resolved "https://registry.npm.taobao.org/is-retry-allowed/download/is-retry-allowed-1.2.0.tgz#d778488bd0a4666a3be8a1482b9f2baafedea8b4"
    integrity sha1-13hIi9CkZmo76KFIK58rqv7eqLQ=
  
  is-stream@^1.1.0:
    version "1.1.0"
    resolved "https://registry.npm.taobao.org/is-stream/download/is-stream-1.1.0.tgz#12d4a3dd4e68e0b79ceb8dbc84173ae80d91ca44"
    integrity sha1-EtSj3U5o4Lec6428hBc66A2RykQ=
  
  is-stream@^2.0.0:
    version "2.0.0"
    resolved "https://registry.npm.taobao.org/is-stream/download/is-stream-2.0.0.tgz#bde9c32680d6fae04129d6ac9d921ce7815f78e3"
    integrity sha1-venDJoDW+uBBKdasnZIc54FfeOM=
  
  is-string@^1.0.5:
    version "1.0.5"
    resolved "https://registry.npm.taobao.org/is-string/download/is-string-1.0.5.tgz#40493ed198ef3ff477b8c7f92f644ec82a5cd3a6"
    integrity sha1-QEk+0ZjvP/R3uMf5L2ROyCpc06Y=
  
  is-symbol@^1.0.2:
    version "1.0.3"
    resolved "https://registry.npm.taobao.org/is-symbol/download/is-symbol-1.0.3.tgz#38e1014b9e6329be0de9d24a414fd7441ec61937"
    integrity sha1-OOEBS55jKb4N6dJKQU/XRB7GGTc=
    dependencies:
      has-symbols "^1.0.1"
  
  is-typedarray@^1.0.0, is-typedarray@~1.0.0:
    version "1.0.0"
    resolved "https://registry.npm.taobao.org/is-typedarray/download/is-typedarray-1.0.0.tgz#e479c80858df0c1b11ddda6940f96011fcda4a9a"
    integrity sha1-5HnICFjfDBsR3dppQPlgEfzaSpo=
  
  is-unc-path@^1.0.0:
    version "1.0.0"
    resolved "https://registry.npm.taobao.org/is-unc-path/download/is-unc-path-1.0.0.tgz#d731e8898ed090a12c352ad2eaed5095ad322c9d"
    integrity sha1-1zHoiY7QkKEsNSrS6u1Qla0yLJ0=
    dependencies:
      unc-path-regex "^0.1.2"
  
  is-upper-case@^1.1.0:
    version "1.1.2"
    resolved "https://registry.npm.taobao.org/is-upper-case/download/is-upper-case-1.1.2.tgz#8d0b1fa7e7933a1e58483600ec7d9661cbaf756f"
    integrity sha1-jQsfp+eTOh5YSDYA7H2WYcuvdW8=
    dependencies:
      upper-case "^1.1.0"
  
  is-windows@^1.0.1, is-windows@^1.0.2:
    version "1.0.2"
    resolved "https://registry.npm.taobao.org/is-windows/download/is-windows-1.0.2.tgz#d1850eb9791ecd18e6182ce12a30f396634bb19d"
    integrity sha1-0YUOuXkezRjmGCzhKjDzlmNLsZ0=
  
  is-wsl@^1.1.0:
    version "1.1.0"
    resolved "https://registry.npm.taobao.org/is-wsl/download/is-wsl-1.1.0.tgz?cache=0&sync_timestamp=1592843177178&other_urls=https%3A%2F%2Fregistry.npm.taobao.org%2Fis-wsl%2Fdownload%2Fis-wsl-1.1.0.tgz#1f16e4aa22b04d1336b66188a66af3c600c3a66d"
    integrity sha1-HxbkqiKwTRM2tmGIpmrzxgDDpm0=
  
  is-wsl@^2.2.0:
    version "2.2.0"
    resolved "https://registry.npm.taobao.org/is-wsl/download/is-wsl-2.2.0.tgz?cache=0&sync_timestamp=1592843177178&other_urls=https%3A%2F%2Fregistry.npm.taobao.org%2Fis-wsl%2Fdownload%2Fis-wsl-2.2.0.tgz#74a4c76e77ca9fd3f932f290c17ea326cd157271"
    integrity sha1-dKTHbnfKn9P5MvKQwX6jJs0VcnE=
    dependencies:
      is-docker "^2.0.0"
  
  is-yarn-global@^0.3.0:
    version "0.3.0"
    resolved "https://registry.npm.taobao.org/is-yarn-global/download/is-yarn-global-0.3.0.tgz#d502d3382590ea3004893746754c89139973e232"
    integrity sha1-1QLTOCWQ6jAEiTdGdUyJE5lz4jI=
  
  isarray@0.0.1, isarray@~0.0.1:
    version "0.0.1"
    resolved "https://registry.npm.taobao.org/isarray/download/isarray-0.0.1.tgz#8a18acfca9a8f4177e09abfc6038939b05d1eedf"
    integrity sha1-ihis/Kmo9Bd+Cav8YDiTmwXR7t8=
  
  isarray@1.0.0, isarray@^1.0.0, isarray@~1.0.0:
    version "1.0.0"
    resolved "https://registry.npm.taobao.org/isarray/download/isarray-1.0.0.tgz#bb935d48582cba168c06834957a54a3e07124f11"
    integrity sha1-u5NdSFgsuhaMBoNJV6VKPgcSTxE=
  
  isbinaryfile@^4.0.2, isbinaryfile@^4.0.6:
    version "4.0.6"
    resolved "https://registry.npm.taobao.org/isbinaryfile/download/isbinaryfile-4.0.6.tgz#edcb62b224e2b4710830b67498c8e4e5a4d2610b"
    integrity sha1-7ctisiTitHEIMLZ0mMjk5aTSYQs=
  
  iscroll@5.2.0:
    version "5.2.0"
    resolved "https://registry.npm.taobao.org/iscroll/download/iscroll-5.2.0.tgz#d513307088b5b25a4f893af474804468481829c8"
    integrity sha1-1RMwcIi1slpPiTr0dIBEaEgYKcg=
  
  isexe@^2.0.0:
    version "2.0.0"
    resolved "https://registry.npm.taobao.org/isexe/download/isexe-2.0.0.tgz#e8fbf374dc556ff8947a10dcb0572d633f2cfa10"
    integrity sha1-6PvzdNxVb/iUehDcsFctYz8s+hA=
  
  isobject@^2.0.0:
    version "2.1.0"
    resolved "https://registry.npm.taobao.org/isobject/download/isobject-2.1.0.tgz#f065561096a3f1da2ef46272f815c840d87e0c89"
    integrity sha1-8GVWEJaj8dou9GJy+BXIQNh+DIk=
    dependencies:
      isarray "1.0.0"
  
  isobject@^3.0.0, isobject@^3.0.1:
    version "3.0.1"
    resolved "https://registry.npm.taobao.org/isobject/download/isobject-3.0.1.tgz#4e431e92b11a9731636aa1f9c8d1ccbcfdab78df"
    integrity sha1-TkMekrEalzFjaqH5yNHMvP2reN8=
  
  isstream@~0.1.2:
    version "0.1.2"
    resolved "https://registry.npm.taobao.org/isstream/download/isstream-0.1.2.tgz#47e63f7af55afa6f92e1500e690eb8b8529c099a"
    integrity sha1-R+Y/evVa+m+S4VAOaQ64uFKcCZo=
  
  istanbul-lib-coverage@^3.0.0:
    version "3.0.0"
    resolved "https://registry.npm.taobao.org/istanbul-lib-coverage/download/istanbul-lib-coverage-3.0.0.tgz#f5944a37c70b550b02a78a5c3b2055b280cec8ec"
    integrity sha1-9ZRKN8cLVQsCp4pcOyBVsoDOyOw=
  
  istanbul-lib-instrument@^4.0.0, istanbul-lib-instrument@^4.0.3:
    version "4.0.3"
    resolved "https://registry.npm.taobao.org/istanbul-lib-instrument/download/istanbul-lib-instrument-4.0.3.tgz#873c6fff897450118222774696a3f28902d77c1d"
    integrity sha1-hzxv/4l0UBGCIndGlqPyiQLXfB0=
    dependencies:
      "@babel/core" "^7.7.5"
      "@istanbuljs/schema" "^0.1.2"
      istanbul-lib-coverage "^3.0.0"
      semver "^6.3.0"
  
  istanbul-lib-report@^3.0.0:
    version "3.0.0"
    resolved "https://registry.npm.taobao.org/istanbul-lib-report/download/istanbul-lib-report-3.0.0.tgz#7518fe52ea44de372f460a76b5ecda9ffb73d8a6"
    integrity sha1-dRj+UupE3jcvRgp2tezan/tz2KY=
    dependencies:
      istanbul-lib-coverage "^3.0.0"
      make-dir "^3.0.0"
      supports-color "^7.1.0"
  
  istanbul-lib-source-maps@^4.0.0:
    version "4.0.0"
    resolved "https://registry.npm.taobao.org/istanbul-lib-source-maps/download/istanbul-lib-source-maps-4.0.0.tgz#75743ce6d96bb86dc7ee4352cf6366a23f0b1ad9"
    integrity sha1-dXQ85tlruG3H7kNSz2Nmoj8LGtk=
    dependencies:
      debug "^4.1.1"
      istanbul-lib-coverage "^3.0.0"
      source-map "^0.6.1"
  
  istanbul-reports@^3.0.2:
    version "3.0.2"
    resolved "https://registry.npm.taobao.org/istanbul-reports/download/istanbul-reports-3.0.2.tgz#d593210e5000683750cb09fc0644e4b6e27fd53b"
    integrity sha1-1ZMhDlAAaDdQywn8BkTktuJ/1Ts=
    dependencies:
      html-escaper "^2.0.0"
      istanbul-lib-report "^3.0.0"
  
  isurl@^1.0.0-alpha5:
    version "1.0.0"
    resolved "https://registry.npm.taobao.org/isurl/download/isurl-1.0.0.tgz#b27f4f49f3cdaa3ea44a0a5b7f3462e6edc39d67"
    integrity sha1-sn9PSfPNqj6kSgpbfzRi5u3DnWc=
    dependencies:
      has-to-string-tag-x "^1.2.0"
      is-object "^1.0.1"
  
  jake@^10.6.1:
    version "10.8.2"
    resolved "https://registry.npm.taobao.org/jake/download/jake-10.8.2.tgz?cache=0&sync_timestamp=1591681893196&other_urls=https%3A%2F%2Fregistry.npm.taobao.org%2Fjake%2Fdownload%2Fjake-10.8.2.tgz#ebc9de8558160a66d82d0eadc6a2e58fbc500a7b"
    integrity sha1-68nehVgWCmbYLQ6txqLlj7xQCns=
    dependencies:
      async "0.9.x"
      chalk "^2.4.2"
      filelist "^1.0.1"
      minimatch "^3.0.4"
  
  jest-changed-files@^26.3.0:
    version "26.3.0"
    resolved "https://registry.npm.taobao.org/jest-changed-files/download/jest-changed-files-26.3.0.tgz#68fb2a7eb125f50839dab1f5a17db3607fe195b1"
    integrity sha1-aPsqfrEl9Qg52rH1oX2zYH/hlbE=
    dependencies:
      "@jest/types" "^26.3.0"
      execa "^4.0.0"
      throat "^5.0.0"
  
  jest-cli@26.4.2:
    version "26.4.2"
    resolved "https://registry.npm.taobao.org/jest-cli/download/jest-cli-26.4.2.tgz#24afc6e4dfc25cde4c7ec4226fb7db5f157c21da"
    integrity sha1-JK/G5N/CXN5MfsQib7fbXxV8Ido=
    dependencies:
      "@jest/core" "^26.4.2"
      "@jest/test-result" "^26.3.0"
      "@jest/types" "^26.3.0"
      chalk "^4.0.0"
      exit "^0.1.2"
      graceful-fs "^4.2.4"
      import-local "^3.0.2"
      is-ci "^2.0.0"
      jest-config "^26.4.2"
      jest-util "^26.3.0"
      jest-validate "^26.4.2"
      prompts "^2.0.1"
      yargs "^15.3.1"
  
  jest-config@^26.4.2:
    version "26.4.2"
    resolved "https://registry.npm.taobao.org/jest-config/download/jest-config-26.4.2.tgz?cache=0&sync_timestamp=1598096598325&other_urls=https%3A%2F%2Fregistry.npm.taobao.org%2Fjest-config%2Fdownload%2Fjest-config-26.4.2.tgz#da0cbb7dc2c131ffe831f0f7f2a36256e6086558"
    integrity sha1-2gy7fcLBMf/oMfD38qNiVuYIZVg=
    dependencies:
      "@babel/core" "^7.1.0"
      "@jest/test-sequencer" "^26.4.2"
      "@jest/types" "^26.3.0"
      babel-jest "^26.3.0"
      chalk "^4.0.0"
      deepmerge "^4.2.2"
      glob "^7.1.1"
      graceful-fs "^4.2.4"
      jest-environment-jsdom "^26.3.0"
      jest-environment-node "^26.3.0"
      jest-get-type "^26.3.0"
      jest-jasmine2 "^26.4.2"
      jest-regex-util "^26.0.0"
      jest-resolve "^26.4.0"
      jest-util "^26.3.0"
      jest-validate "^26.4.2"
      micromatch "^4.0.2"
      pretty-format "^26.4.2"
  
  jest-diff@^26.4.2:
    version "26.4.2"
    resolved "https://registry.npm.taobao.org/jest-diff/download/jest-diff-26.4.2.tgz?cache=0&sync_timestamp=1598096596463&other_urls=https%3A%2F%2Fregistry.npm.taobao.org%2Fjest-diff%2Fdownload%2Fjest-diff-26.4.2.tgz#a1b7b303bcc534aabdb3bd4a7caf594ac059f5aa"
    integrity sha1-obezA7zFNKq9s71KfK9ZSsBZ9ao=
    dependencies:
      chalk "^4.0.0"
      diff-sequences "^26.3.0"
      jest-get-type "^26.3.0"
      pretty-format "^26.4.2"
  
  jest-docblock@^26.0.0:
    version "26.0.0"
    resolved "https://registry.npm.taobao.org/jest-docblock/download/jest-docblock-26.0.0.tgz#3e2fa20899fc928cb13bd0ff68bd3711a36889b5"
    integrity sha1-Pi+iCJn8koyxO9D/aL03EaNoibU=
    dependencies:
      detect-newline "^3.0.0"
  
  jest-each@^26.4.2:
    version "26.4.2"
    resolved "https://registry.npm.taobao.org/jest-each/download/jest-each-26.4.2.tgz?cache=0&sync_timestamp=1598096601407&other_urls=https%3A%2F%2Fregistry.npm.taobao.org%2Fjest-each%2Fdownload%2Fjest-each-26.4.2.tgz#bb14f7f4304f2bb2e2b81f783f989449b8b6ffae"
    integrity sha1-uxT39DBPK7LiuB94P5iUSbi2/64=
    dependencies:
      "@jest/types" "^26.3.0"
      chalk "^4.0.0"
      jest-get-type "^26.3.0"
      jest-util "^26.3.0"
      pretty-format "^26.4.2"
  
  jest-environment-jsdom@^26.3.0:
    version "26.3.0"
    resolved "https://registry.npm.taobao.org/jest-environment-jsdom/download/jest-environment-jsdom-26.3.0.tgz?cache=0&sync_timestamp=1597059147881&other_urls=https%3A%2F%2Fregistry.npm.taobao.org%2Fjest-environment-jsdom%2Fdownload%2Fjest-environment-jsdom-26.3.0.tgz#3b749ba0f3a78e92ba2c9ce519e16e5dd515220c"
    integrity sha1-O3SboPOnjpK6LJzlGeFuXdUVIgw=
    dependencies:
      "@jest/environment" "^26.3.0"
      "@jest/fake-timers" "^26.3.0"
      "@jest/types" "^26.3.0"
      "@types/node" "*"
      jest-mock "^26.3.0"
      jest-util "^26.3.0"
      jsdom "^16.2.2"
  
  jest-environment-node@^26.3.0:
    version "26.3.0"
    resolved "https://registry.npm.taobao.org/jest-environment-node/download/jest-environment-node-26.3.0.tgz?cache=0&sync_timestamp=1597059148122&other_urls=https%3A%2F%2Fregistry.npm.taobao.org%2Fjest-environment-node%2Fdownload%2Fjest-environment-node-26.3.0.tgz#56c6cfb506d1597f94ee8d717072bda7228df849"
    integrity sha1-VsbPtQbRWX+U7o1xcHK9pyKN+Ek=
    dependencies:
      "@jest/environment" "^26.3.0"
      "@jest/fake-timers" "^26.3.0"
      "@jest/types" "^26.3.0"
      "@types/node" "*"
      jest-mock "^26.3.0"
      jest-util "^26.3.0"
  
  jest-get-type@^26.3.0:
    version "26.3.0"
    resolved "https://registry.npm.taobao.org/jest-get-type/download/jest-get-type-26.3.0.tgz?cache=0&sync_timestamp=1597057408228&other_urls=https%3A%2F%2Fregistry.npm.taobao.org%2Fjest-get-type%2Fdownload%2Fjest-get-type-26.3.0.tgz#e97dc3c3f53c2b406ca7afaed4493b1d099199e0"
    integrity sha1-6X3Dw/U8K0Bsp6+u1Ek7HQmRmeA=
  
  jest-haste-map@^26.3.0:
    version "26.3.0"
    resolved "https://registry.npm.taobao.org/jest-haste-map/download/jest-haste-map-26.3.0.tgz?cache=0&sync_timestamp=1597057409888&other_urls=https%3A%2F%2Fregistry.npm.taobao.org%2Fjest-haste-map%2Fdownload%2Fjest-haste-map-26.3.0.tgz#c51a3b40100d53ab777bfdad382d2e7a00e5c726"
    integrity sha1-xRo7QBANU6t3e/2tOC0uegDlxyY=
    dependencies:
      "@jest/types" "^26.3.0"
      "@types/graceful-fs" "^4.1.2"
      "@types/node" "*"
      anymatch "^3.0.3"
      fb-watchman "^2.0.0"
      graceful-fs "^4.2.4"
      jest-regex-util "^26.0.0"
      jest-serializer "^26.3.0"
      jest-util "^26.3.0"
      jest-worker "^26.3.0"
      micromatch "^4.0.2"
      sane "^4.0.3"
      walker "^1.0.7"
    optionalDependencies:
      fsevents "^2.1.2"
  
  jest-jasmine2@^26.4.2:
    version "26.4.2"
    resolved "https://registry.npm.taobao.org/jest-jasmine2/download/jest-jasmine2-26.4.2.tgz?cache=0&sync_timestamp=1598096603163&other_urls=https%3A%2F%2Fregistry.npm.taobao.org%2Fjest-jasmine2%2Fdownload%2Fjest-jasmine2-26.4.2.tgz#18a9d5bec30904267ac5e9797570932aec1e2257"
    integrity sha1-GKnVvsMJBCZ6xel5dXCTKuweIlc=
    dependencies:
      "@babel/traverse" "^7.1.0"
      "@jest/environment" "^26.3.0"
      "@jest/source-map" "^26.3.0"
      "@jest/test-result" "^26.3.0"
      "@jest/types" "^26.3.0"
      "@types/node" "*"
      chalk "^4.0.0"
      co "^4.6.0"
      expect "^26.4.2"
      is-generator-fn "^2.0.0"
      jest-each "^26.4.2"
      jest-matcher-utils "^26.4.2"
      jest-message-util "^26.3.0"
      jest-runtime "^26.4.2"
      jest-snapshot "^26.4.2"
      jest-util "^26.3.0"
      pretty-format "^26.4.2"
      throat "^5.0.0"
  
  jest-leak-detector@^26.4.2:
    version "26.4.2"
    resolved "https://registry.npm.taobao.org/jest-leak-detector/download/jest-leak-detector-26.4.2.tgz?cache=0&sync_timestamp=1598096602030&other_urls=https%3A%2F%2Fregistry.npm.taobao.org%2Fjest-leak-detector%2Fdownload%2Fjest-leak-detector-26.4.2.tgz#c73e2fa8757bf905f6f66fb9e0070b70fa0f573f"
    integrity sha1-xz4vqHV7+QX29m+54AcLcPoPVz8=
    dependencies:
      jest-get-type "^26.3.0"
      pretty-format "^26.4.2"
  
  jest-matcher-utils@^26.4.2:
    version "26.4.2"
    resolved "https://registry.npm.taobao.org/jest-matcher-utils/download/jest-matcher-utils-26.4.2.tgz?cache=0&sync_timestamp=1598096601860&other_urls=https%3A%2F%2Fregistry.npm.taobao.org%2Fjest-matcher-utils%2Fdownload%2Fjest-matcher-utils-26.4.2.tgz#fa81f3693f7cb67e5fc1537317525ef3b85f4b06"
    integrity sha1-+oHzaT98tn5fwVNzF1Je87hfSwY=
    dependencies:
      chalk "^4.0.0"
      jest-diff "^26.4.2"
      jest-get-type "^26.3.0"
      pretty-format "^26.4.2"
  
  jest-message-util@^26.3.0:
    version "26.3.0"
    resolved "https://registry.npm.taobao.org/jest-message-util/download/jest-message-util-26.3.0.tgz?cache=0&sync_timestamp=1597057409415&other_urls=https%3A%2F%2Fregistry.npm.taobao.org%2Fjest-message-util%2Fdownload%2Fjest-message-util-26.3.0.tgz#3bdb538af27bb417f2d4d16557606fd082d5841a"
    integrity sha1-O9tTivJ7tBfy1NFlV2Bv0ILVhBo=
    dependencies:
      "@babel/code-frame" "^7.0.0"
      "@jest/types" "^26.3.0"
      "@types/stack-utils" "^1.0.1"
      chalk "^4.0.0"
      graceful-fs "^4.2.4"
      micromatch "^4.0.2"
      slash "^3.0.0"
      stack-utils "^2.0.2"
  
  jest-mock@^26.3.0:
    version "26.3.0"
    resolved "https://registry.npm.taobao.org/jest-mock/download/jest-mock-26.3.0.tgz#ee62207c3c5ebe5f35b760e1267fee19a1cfdeba"
    integrity sha1-7mIgfDxevl81t2DhJn/uGaHP3ro=
    dependencies:
      "@jest/types" "^26.3.0"
      "@types/node" "*"
  
  jest-pnp-resolver@^1.2.2:
    version "1.2.2"
    resolved "https://registry.npm.taobao.org/jest-pnp-resolver/download/jest-pnp-resolver-1.2.2.tgz#b704ac0ae028a89108a4d040b3f919dfddc8e33c"
    integrity sha1-twSsCuAoqJEIpNBAs/kZ393I4zw=
  
  jest-regex-util@^26.0.0:
    version "26.0.0"
    resolved "https://registry.npm.taobao.org/jest-regex-util/download/jest-regex-util-26.0.0.tgz#d25e7184b36e39fd466c3bc41be0971e821fee28"
    integrity sha1-0l5xhLNuOf1GbDvEG+CXHoIf7ig=
  
  jest-resolve-dependencies@^26.4.2:
    version "26.4.2"
    resolved "https://registry.npm.taobao.org/jest-resolve-dependencies/download/jest-resolve-dependencies-26.4.2.tgz?cache=0&sync_timestamp=1598096602900&other_urls=https%3A%2F%2Fregistry.npm.taobao.org%2Fjest-resolve-dependencies%2Fdownload%2Fjest-resolve-dependencies-26.4.2.tgz#739bdb027c14befb2fe5aabbd03f7bab355f1dc5"
    integrity sha1-c5vbAnwUvvsv5aq70D97qzVfHcU=
    dependencies:
      "@jest/types" "^26.3.0"
      jest-regex-util "^26.0.0"
      jest-snapshot "^26.4.2"
  
  jest-resolve@^26.4.0:
    version "26.4.0"
    resolved "https://registry.npm.taobao.org/jest-resolve/download/jest-resolve-26.4.0.tgz#6dc0af7fb93e65b73fec0368ca2b76f3eb59a6d7"
    integrity sha1-bcCvf7k+Zbc/7ANoyit28+tZptc=
    dependencies:
      "@jest/types" "^26.3.0"
      chalk "^4.0.0"
      graceful-fs "^4.2.4"
      jest-pnp-resolver "^1.2.2"
      jest-util "^26.3.0"
      read-pkg-up "^7.0.1"
      resolve "^1.17.0"
      slash "^3.0.0"
  
  jest-runner@^26.4.2:
    version "26.4.2"
    resolved "https://registry.npm.taobao.org/jest-runner/download/jest-runner-26.4.2.tgz?cache=0&sync_timestamp=1598096603691&other_urls=https%3A%2F%2Fregistry.npm.taobao.org%2Fjest-runner%2Fdownload%2Fjest-runner-26.4.2.tgz#c3ec5482c8edd31973bd3935df5a449a45b5b853"
    integrity sha1-w+xUgsjt0xlzvTk131pEmkW1uFM=
    dependencies:
      "@jest/console" "^26.3.0"
      "@jest/environment" "^26.3.0"
      "@jest/test-result" "^26.3.0"
      "@jest/types" "^26.3.0"
      "@types/node" "*"
      chalk "^4.0.0"
      emittery "^0.7.1"
      exit "^0.1.2"
      graceful-fs "^4.2.4"
      jest-config "^26.4.2"
      jest-docblock "^26.0.0"
      jest-haste-map "^26.3.0"
      jest-leak-detector "^26.4.2"
      jest-message-util "^26.3.0"
      jest-resolve "^26.4.0"
      jest-runtime "^26.4.2"
      jest-util "^26.3.0"
      jest-worker "^26.3.0"
      source-map-support "^0.5.6"
      throat "^5.0.0"
  
  jest-runtime@^26.4.2:
    version "26.4.2"
    resolved "https://registry.npm.taobao.org/jest-runtime/download/jest-runtime-26.4.2.tgz?cache=0&sync_timestamp=1598096599060&other_urls=https%3A%2F%2Fregistry.npm.taobao.org%2Fjest-runtime%2Fdownload%2Fjest-runtime-26.4.2.tgz#94ce17890353c92e4206580c73a8f0c024c33c42"
    integrity sha1-lM4XiQNTyS5CBlgMc6jwwCTDPEI=
    dependencies:
      "@jest/console" "^26.3.0"
      "@jest/environment" "^26.3.0"
      "@jest/fake-timers" "^26.3.0"
      "@jest/globals" "^26.4.2"
      "@jest/source-map" "^26.3.0"
      "@jest/test-result" "^26.3.0"
      "@jest/transform" "^26.3.0"
      "@jest/types" "^26.3.0"
      "@types/yargs" "^15.0.0"
      chalk "^4.0.0"
      collect-v8-coverage "^1.0.0"
      exit "^0.1.2"
      glob "^7.1.3"
      graceful-fs "^4.2.4"
      jest-config "^26.4.2"
      jest-haste-map "^26.3.0"
      jest-message-util "^26.3.0"
      jest-mock "^26.3.0"
      jest-regex-util "^26.0.0"
      jest-resolve "^26.4.0"
      jest-snapshot "^26.4.2"
      jest-util "^26.3.0"
      jest-validate "^26.4.2"
      slash "^3.0.0"
      strip-bom "^4.0.0"
      yargs "^15.3.1"
  
  jest-serializer@^26.3.0:
    version "26.3.0"
    resolved "https://registry.npm.taobao.org/jest-serializer/download/jest-serializer-26.3.0.tgz?cache=0&sync_timestamp=1597057431850&other_urls=https%3A%2F%2Fregistry.npm.taobao.org%2Fjest-serializer%2Fdownload%2Fjest-serializer-26.3.0.tgz#1c9d5e1b74d6e5f7e7f9627080fa205d976c33ef"
    integrity sha1-HJ1eG3TW5ffn+WJwgPogXZdsM+8=
    dependencies:
      "@types/node" "*"
      graceful-fs "^4.2.4"
  
  jest-snapshot@^26.4.2:
    version "26.4.2"
    resolved "https://registry.npm.taobao.org/jest-snapshot/download/jest-snapshot-26.4.2.tgz?cache=0&sync_timestamp=1598096602678&other_urls=https%3A%2F%2Fregistry.npm.taobao.org%2Fjest-snapshot%2Fdownload%2Fjest-snapshot-26.4.2.tgz#87d3ac2f2bd87ea8003602fbebd8fcb9e94104f6"
    integrity sha1-h9OsLyvYfqgANgL769j8uelBBPY=
    dependencies:
      "@babel/types" "^7.0.0"
      "@jest/types" "^26.3.0"
      "@types/prettier" "^2.0.0"
      chalk "^4.0.0"
      expect "^26.4.2"
      graceful-fs "^4.2.4"
      jest-diff "^26.4.2"
      jest-get-type "^26.3.0"
      jest-haste-map "^26.3.0"
      jest-matcher-utils "^26.4.2"
      jest-message-util "^26.3.0"
      jest-resolve "^26.4.0"
      natural-compare "^1.4.0"
      pretty-format "^26.4.2"
      semver "^7.3.2"
  
  jest-util@^26.3.0:
    version "26.3.0"
    resolved "https://registry.npm.taobao.org/jest-util/download/jest-util-26.3.0.tgz?cache=0&sync_timestamp=1597057409007&other_urls=https%3A%2F%2Fregistry.npm.taobao.org%2Fjest-util%2Fdownload%2Fjest-util-26.3.0.tgz#a8974b191df30e2bf523ebbfdbaeb8efca535b3e"
    integrity sha1-qJdLGR3zDiv1I+u/266478pTWz4=
    dependencies:
      "@jest/types" "^26.3.0"
      "@types/node" "*"
      chalk "^4.0.0"
      graceful-fs "^4.2.4"
      is-ci "^2.0.0"
      micromatch "^4.0.2"
  
  jest-validate@^26.4.2:
    version "26.4.2"
    resolved "https://registry.npm.taobao.org/jest-validate/download/jest-validate-26.4.2.tgz?cache=0&sync_timestamp=1598096601233&other_urls=https%3A%2F%2Fregistry.npm.taobao.org%2Fjest-validate%2Fdownload%2Fjest-validate-26.4.2.tgz#e871b0dfe97747133014dcf6445ee8018398f39c"
    integrity sha1-6HGw3+l3RxMwFNz2RF7oAYOY85w=
    dependencies:
      "@jest/types" "^26.3.0"
      camelcase "^6.0.0"
      chalk "^4.0.0"
      jest-get-type "^26.3.0"
      leven "^3.1.0"
      pretty-format "^26.4.2"
  
  jest-watcher@^26.3.0:
    version "26.3.0"
    resolved "https://registry.npm.taobao.org/jest-watcher/download/jest-watcher-26.3.0.tgz?cache=0&sync_timestamp=1597057412418&other_urls=https%3A%2F%2Fregistry.npm.taobao.org%2Fjest-watcher%2Fdownload%2Fjest-watcher-26.3.0.tgz#f8ef3068ddb8af160ef868400318dc4a898eed08"
    integrity sha1-+O8waN24rxYO+GhAAxjcSomO7Qg=
    dependencies:
      "@jest/test-result" "^26.3.0"
      "@jest/types" "^26.3.0"
      "@types/node" "*"
      ansi-escapes "^4.2.1"
      chalk "^4.0.0"
      jest-util "^26.3.0"
      string-length "^4.0.1"
  
  jest-worker@^26.3.0:
    version "26.3.0"
    resolved "https://registry.npm.taobao.org/jest-worker/download/jest-worker-26.3.0.tgz#7c8a97e4f4364b4f05ed8bca8ca0c24de091871f"
    integrity sha1-fIqX5PQ2S08F7YvKjKDCTeCRhx8=
    dependencies:
      "@types/node" "*"
      merge-stream "^2.0.0"
      supports-color "^7.0.0"
  
  jimp@^0.6.0:
    version "0.6.8"
    resolved "https://registry.npm.taobao.org/jimp/download/jimp-0.6.8.tgz#63074984337cc469cd4030946e503e7c02a18b5c"
    integrity sha1-YwdJhDN8xGnNQDCUblA+fAKhi1w=
    dependencies:
      "@jimp/custom" "^0.6.8"
      "@jimp/plugins" "^0.6.8"
      "@jimp/types" "^0.6.8"
      core-js "^2.5.7"
      regenerator-runtime "^0.13.3"
  
  jpeg-js@^0.3.4:
    version "0.3.7"
    resolved "https://registry.npm.taobao.org/jpeg-js/download/jpeg-js-0.3.7.tgz#471a89d06011640592d314158608690172b1028d"
    integrity sha1-RxqJ0GARZAWS0xQVhghpAXKxAo0=
  
  js-base64@3.5.2:
    version "3.5.2"
    resolved "https://registry.npm.taobao.org/js-base64/download/js-base64-3.5.2.tgz#3cc800e4f10812b55fb5ec53e7cabaef35dc6d3c"
    integrity sha1-PMgA5PEIErVftexT58q67zXcbTw=
  
  js-md5@0.7.3:
    version "0.7.3"
    resolved "https://registry.npm.taobao.org/js-md5/download/js-md5-0.7.3.tgz#b4f2fbb0b327455f598d6727e38ec272cd09c3f2"
    integrity sha1-tPL7sLMnRV9ZjWcn447Ccs0Jw/I=
  
  js-sha256@0.9.0:
    version "0.9.0"
    resolved "https://registry.npm.taobao.org/js-sha256/download/js-sha256-0.9.0.tgz#0b89ac166583e91ef9123644bd3c5334ce9d0966"
    integrity sha1-C4msFmWD6R75EjZEvTxTNM6dCWY=
  
  "js-tokens@^3.0.0 || ^4.0.0", js-tokens@^4.0.0:
    version "4.0.0"
    resolved "https://registry.npm.taobao.org/js-tokens/download/js-tokens-4.0.0.tgz#19203fb59991df98e3a287050d4647cdeaf32499"
    integrity sha1-GSA/tZmR35jjoocFDUZHzerzJJk=
  
  js-yaml@^3.13.1:
    version "3.14.0"
    resolved "https://registry.npm.taobao.org/js-yaml/download/js-yaml-3.14.0.tgz#a7a34170f26a21bb162424d8adacb4113a69e482"
    integrity sha1-p6NBcPJqIbsWJCTYray0ETpp5II=
    dependencies:
      argparse "^1.0.7"
      esprima "^4.0.0"
  
  js-yaml@^3.14.0:
    version "3.14.1"
    resolved "https://registry.npm.taobao.org/js-yaml/download/js-yaml-3.14.1.tgz?cache=0&sync_timestamp=1607370540152&other_urls=https%3A%2F%2Fregistry.npm.taobao.org%2Fjs-yaml%2Fdownload%2Fjs-yaml-3.14.1.tgz#dae812fdb3825fa306609a8717383c50c36a0537"
    integrity sha1-2ugS/bOCX6MGYJqHFzg8UMNqBTc=
    dependencies:
      argparse "^1.0.7"
      esprima "^4.0.0"
  
  jsbn@~0.1.0:
    version "0.1.1"
    resolved "https://registry.npm.taobao.org/jsbn/download/jsbn-0.1.1.tgz#a5e654c2e5a2deb5f201d96cefbca80c0ef2f513"
    integrity sha1-peZUwuWi3rXyAdls77yoDA7y9RM=
  
  jsdom@^16.2.2:
    version "16.4.0"
    resolved "https://registry.npm.taobao.org/jsdom/download/jsdom-16.4.0.tgz?cache=0&sync_timestamp=1596916617286&other_urls=https%3A%2F%2Fregistry.npm.taobao.org%2Fjsdom%2Fdownload%2Fjsdom-16.4.0.tgz#36005bde2d136f73eee1a830c6d45e55408edddb"
    integrity sha1-NgBb3i0Tb3Pu4agwxtReVUCO3ds=
    dependencies:
      abab "^2.0.3"
      acorn "^7.1.1"
      acorn-globals "^6.0.0"
      cssom "^0.4.4"
      cssstyle "^2.2.0"
      data-urls "^2.0.0"
      decimal.js "^10.2.0"
      domexception "^2.0.1"
      escodegen "^1.14.1"
      html-encoding-sniffer "^2.0.1"
      is-potential-custom-element-name "^1.0.0"
      nwsapi "^2.2.0"
      parse5 "5.1.1"
      request "^2.88.2"
      request-promise-native "^1.0.8"
      saxes "^5.0.0"
      symbol-tree "^3.2.4"
      tough-cookie "^3.0.1"
      w3c-hr-time "^1.0.2"
      w3c-xmlserializer "^2.0.0"
      webidl-conversions "^6.1.0"
      whatwg-encoding "^1.0.5"
      whatwg-mimetype "^2.3.0"
      whatwg-url "^8.0.0"
      ws "^7.2.3"
      xml-name-validator "^3.0.0"
  
  jsesc@^2.5.1:
    version "2.5.2"
    resolved "https://registry.npm.taobao.org/jsesc/download/jsesc-2.5.2.tgz#80564d2e483dacf6e8ef209650a67df3f0c283a4"
    integrity sha1-gFZNLkg9rPbo7yCWUKZ98/DCg6Q=
  
  jsesc@~0.5.0:
    version "0.5.0"
    resolved "https://registry.npm.taobao.org/jsesc/download/jsesc-0.5.0.tgz#e7dee66e35d6fc16f710fe91d5cf69f70f08911d"
    integrity sha1-597mbjXW/Bb3EP6R1c9p9w8IkR0=
  
  json-buffer@3.0.0:
    version "3.0.0"
    resolved "https://registry.npm.taobao.org/json-buffer/download/json-buffer-3.0.0.tgz#5b1f397afc75d677bde8bcfc0e47e1f9a3d9a898"
    integrity sha1-Wx85evx11ne96Lz8Dkfh+aPZqJg=
  
  json-parse-better-errors@^1.0.2:
    version "1.0.2"
    resolved "https://registry.npm.taobao.org/json-parse-better-errors/download/json-parse-better-errors-1.0.2.tgz#bb867cfb3450e69107c131d1c514bab3dc8bcaa9"
    integrity sha1-u4Z8+zRQ5pEHwTHRxRS6s9yLyqk=
  
  json-parse-even-better-errors@^2.3.0:
    version "2.3.1"
    resolved "https://registry.npm.taobao.org/json-parse-even-better-errors/download/json-parse-even-better-errors-2.3.1.tgz#7c47805a94319928e05777405dc12e1f7a4ee02d"
    integrity sha1-fEeAWpQxmSjgV3dAXcEuH3pO4C0=
  
  json-schema-traverse@^0.4.1:
    version "0.4.1"
    resolved "https://registry.npm.taobao.org/json-schema-traverse/download/json-schema-traverse-0.4.1.tgz?cache=0&sync_timestamp=1599336253018&other_urls=https%3A%2F%2Fregistry.npm.taobao.org%2Fjson-schema-traverse%2Fdownload%2Fjson-schema-traverse-0.4.1.tgz#69f6a87d9513ab8bb8fe63bdb0979c448e684660"
    integrity sha1-afaofZUTq4u4/mO9sJecRI5oRmA=
  
  json-schema@0.2.3:
    version "0.2.3"
    resolved "https://registry.npm.taobao.org/json-schema/download/json-schema-0.2.3.tgz#b480c892e59a2f05954ce727bd3f2a4e882f9e13"
    integrity sha1-tIDIkuWaLwWVTOcnvT8qTogvnhM=
  
  json-stable-stringify-without-jsonify@^1.0.1:
    version "1.0.1"
    resolved "https://registry.npm.taobao.org/json-stable-stringify-without-jsonify/download/json-stable-stringify-without-jsonify-1.0.1.tgz#9db7b59496ad3f3cfef30a75142d2d930ad72651"
    integrity sha1-nbe1lJatPzz+8wp1FC0tkwrXJlE=
  
  json-stringify-safe@^5.0.1, json-stringify-safe@~5.0.1:
    version "5.0.1"
    resolved "https://registry.npm.taobao.org/json-stringify-safe/download/json-stringify-safe-5.0.1.tgz#1296a2d58fd45f19a0f6ce01d65701e2c735b6eb"
    integrity sha1-Epai1Y/UXxmg9s4B1lcB4sc1tus=
  
  json2mq@^0.2.0:
    version "0.2.0"
    resolved "https://registry.npm.taobao.org/json2mq/download/json2mq-0.2.0.tgz#b637bd3ba9eabe122c83e9720483aeb10d2c904a"
    integrity sha1-tje9O6nqvhIsg+lyBIOusQ0skEo=
    dependencies:
      string-convert "^0.2.0"
  
  json5@^0.5.0:
    version "0.5.1"
    resolved "https://registry.npm.taobao.org/json5/download/json5-0.5.1.tgz#1eade7acc012034ad84e2396767ead9fa5495821"
    integrity sha1-Hq3nrMASA0rYTiOWdn6tn6VJWCE=
  
  json5@^1.0.1:
    version "1.0.1"
    resolved "https://registry.npm.taobao.org/json5/download/json5-1.0.1.tgz#779fb0018604fa854eacbf6252180d83543e3dbe"
    integrity sha1-d5+wAYYE+oVOrL9iUhgNg1Q+Pb4=
    dependencies:
      minimist "^1.2.0"
  
  json5@^2.1.2:
    version "2.1.3"
    resolved "https://registry.npm.taobao.org/json5/download/json5-2.1.3.tgz#c9b0f7fa9233bfe5807fe66fcf3a5617ed597d43"
    integrity sha1-ybD3+pIzv+WAf+ZvzzpWF+1ZfUM=
    dependencies:
      minimist "^1.2.5"
  
  jsonfile@^4.0.0:
    version "4.0.0"
    resolved "https://registry.npm.taobao.org/jsonfile/download/jsonfile-4.0.0.tgz#8771aae0799b64076b76640fca058f9c10e33ecb"
    integrity sha1-h3Gq4HmbZAdrdmQPygWPnBDjPss=
    optionalDependencies:
      graceful-fs "^4.1.6"
  
  jsonfile@^6.0.1:
    version "6.1.0"
    resolved "https://registry.npm.taobao.org/jsonfile/download/jsonfile-6.1.0.tgz?cache=0&sync_timestamp=1604161822397&other_urls=https%3A%2F%2Fregistry.npm.taobao.org%2Fjsonfile%2Fdownload%2Fjsonfile-6.1.0.tgz#bc55b2634793c679ec6403094eb13698a6ec0aae"
    integrity sha1-vFWyY0eTxnnsZAMJTrE2mKbsCq4=
    dependencies:
      universalify "^2.0.0"
    optionalDependencies:
      graceful-fs "^4.1.6"
  
  jsonwebtoken@8.5.1:
    version "8.5.1"
    resolved "https://registry.npm.taobao.org/jsonwebtoken/download/jsonwebtoken-8.5.1.tgz#00e71e0b8df54c2121a1f26137df2280673bcc0d"
    integrity sha1-AOceC431TCEhofJhN98igGc7zA0=
    dependencies:
      jws "^3.2.2"
      lodash.includes "^4.3.0"
      lodash.isboolean "^3.0.3"
      lodash.isinteger "^4.0.4"
      lodash.isnumber "^3.0.3"
      lodash.isplainobject "^4.0.6"
      lodash.isstring "^4.0.1"
      lodash.once "^4.0.0"
      ms "^2.1.1"
      semver "^5.6.0"
  
  jspdf@2.1.1:
    version "2.1.1"
    resolved "https://registry.npm.taobao.org/jspdf/download/jspdf-2.1.1.tgz#4ee5b694eeceb24acd25b98e37a24ce94b1ccc67"
    integrity sha1-TuW2lO7OskrNJbmON6JM6UsczGc=
    dependencies:
      atob "^2.1.2"
      btoa "^1.2.1"
    optionalDependencies:
      canvg "^3.0.6"
      core-js "^3.6.0"
      dompurify "^2.0.12"
      html2canvas "^1.0.0-rc.5"
  
  jsprim@^1.2.2:
    version "1.4.1"
    resolved "https://registry.npm.taobao.org/jsprim/download/jsprim-1.4.1.tgz#313e66bc1e5cc06e438bc1b7499c2e5c56acb6a2"
    integrity sha1-MT5mvB5cwG5Di8G3SZwuXFastqI=
    dependencies:
      assert-plus "1.0.0"
      extsprintf "1.3.0"
      json-schema "0.2.3"
      verror "1.10.0"
  
  jsx-ast-utils@^2.4.1:
    version "2.4.1"
    resolved "https://registry.npm.taobao.org/jsx-ast-utils/download/jsx-ast-utils-2.4.1.tgz#1114a4c1209481db06c690c2b4f488cc665f657e"
    integrity sha1-ERSkwSCUgdsGxpDCtPSIzGZfZX4=
    dependencies:
      array-includes "^3.1.1"
      object.assign "^4.1.0"
  
  jwa@^1.4.1:
    version "1.4.1"
    resolved "https://registry.npm.taobao.org/jwa/download/jwa-1.4.1.tgz#743c32985cb9e98655530d53641b66c8645b039a"
    integrity sha1-dDwymFy56YZVUw1TZBtmyGRbA5o=
    dependencies:
      buffer-equal-constant-time "1.0.1"
      ecdsa-sig-formatter "1.0.11"
      safe-buffer "^5.0.1"
  
  jws@^3.2.2:
    version "3.2.2"
    resolved "https://registry.npm.taobao.org/jws/download/jws-3.2.2.tgz#001099f3639468c9414000e99995fa52fb478304"
    integrity sha1-ABCZ82OUaMlBQADpmZX6UvtHgwQ=
    dependencies:
      jwa "^1.4.1"
      safe-buffer "^5.0.1"
  
  keycloak-js@^11.0.2:
    version "11.0.2"
    resolved "https://registry.npm.taobao.org/keycloak-js/download/keycloak-js-11.0.2.tgz#e981c5270e72066e38b2a1bd98f1138d6cd560c1"
    integrity sha1-6YHFJw5yBm44sqG9mPETjWzVYME=
    dependencies:
      base64-js "1.3.1"
      js-sha256 "0.9.0"
  
  keyv@3.0.0:
    version "3.0.0"
    resolved "https://registry.npm.taobao.org/keyv/download/keyv-3.0.0.tgz#44923ba39e68b12a7cec7df6c3268c031f2ef373"
    integrity sha1-RJI7o55osSp87H32wyaMAx8u83M=
    dependencies:
      json-buffer "3.0.0"
  
  keyv@^3.0.0:
    version "3.1.0"
    resolved "https://registry.npm.taobao.org/keyv/download/keyv-3.1.0.tgz#ecc228486f69991e49e9476485a5be1e8fc5c4d9"
    integrity sha1-7MIoSG9pmR5J6UdkhaW+Ho/FxNk=
    dependencies:
      json-buffer "3.0.0"
  
  kind-of@^3.0.2, kind-of@^3.0.3, kind-of@^3.2.0:
    version "3.2.2"
    resolved "https://registry.npm.taobao.org/kind-of/download/kind-of-3.2.2.tgz#31ea21a734bab9bbb0f32466d893aea51e4a3c64"
    integrity sha1-MeohpzS6ubuw8yRm2JOupR5KPGQ=
    dependencies:
      is-buffer "^1.1.5"
  
  kind-of@^4.0.0:
    version "4.0.0"
    resolved "https://registry.npm.taobao.org/kind-of/download/kind-of-4.0.0.tgz#20813df3d712928b207378691a45066fae72dd57"
    integrity sha1-IIE989cSkosgc3hpGkUGb65y3Vc=
    dependencies:
      is-buffer "^1.1.5"
  
  kind-of@^5.0.0:
    version "5.1.0"
    resolved "https://registry.npm.taobao.org/kind-of/download/kind-of-5.1.0.tgz#729c91e2d857b7a419a1f9aa65685c4c33f5845d"
    integrity sha1-cpyR4thXt6QZofmqZWhcTDP1hF0=
  
  kind-of@^6.0.0, kind-of@^6.0.2:
    version "6.0.3"
    resolved "https://registry.npm.taobao.org/kind-of/download/kind-of-6.0.3.tgz#07c05034a6c349fa06e24fa35aa76db4580ce4dd"
    integrity sha1-B8BQNKbDSfoG4k+jWqdttFgM5N0=
  
  kleur@^3.0.3:
    version "3.0.3"
    resolved "https://registry.npm.taobao.org/kleur/download/kleur-3.0.3.tgz?cache=0&sync_timestamp=1597815041576&other_urls=https%3A%2F%2Fregistry.npm.taobao.org%2Fkleur%2Fdownload%2Fkleur-3.0.3.tgz#a79c9ecc86ee1ce3fa6206d1216c501f147fc07e"
    integrity sha1-p5yezIbuHOP6YgbRIWxQHxR/wH4=
  
  language-subtag-registry@~0.3.2:
    version "0.3.20"
    resolved "https://registry.npm.taobao.org/language-subtag-registry/download/language-subtag-registry-0.3.20.tgz#a00a37121894f224f763268e431c55556b0c0755"
    integrity sha1-oAo3EhiU8iT3YyaOQxxVVWsMB1U=
  
  language-tags@^1.0.5:
    version "1.0.5"
    resolved "https://registry.npm.taobao.org/language-tags/download/language-tags-1.0.5.tgz#d321dbc4da30ba8bf3024e040fa5c14661f9193a"
    integrity sha1-0yHbxNowuovzAk4ED6XBRmH5GTo=
    dependencies:
      language-subtag-registry "~0.3.2"
  
  latest-version@^5.0.0:
    version "5.1.0"
    resolved "https://registry.npm.taobao.org/latest-version/download/latest-version-5.1.0.tgz#119dfe908fe38d15dfa43ecd13fa12ec8832face"
    integrity sha1-EZ3+kI/jjRXfpD7NE/oS7Igy+s4=
    dependencies:
      package-json "^6.3.0"
  
  lazy-val@^1.0.4:
    version "1.0.4"
    resolved "https://registry.npm.taobao.org/lazy-val/download/lazy-val-1.0.4.tgz#882636a7245c2cfe6e0a4e3ba6c5d68a137e5c65"
    integrity sha1-iCY2pyRcLP5uCk47psXWihN+XGU=
  
  leven@^3.1.0:
    version "3.1.0"
    resolved "https://registry.npm.taobao.org/leven/download/leven-3.1.0.tgz#77891de834064cccba82ae7842bb6b14a13ed7f2"
    integrity sha1-d4kd6DQGTMy6gq54QrtrFKE+1/I=
  
  levenary@^1.1.1:
    version "1.1.1"
    resolved "https://registry.npm.taobao.org/levenary/download/levenary-1.1.1.tgz#842a9ee98d2075aa7faeedbe32679e9205f46f77"
    integrity sha1-hCqe6Y0gdap/ru2+MmeekgX0b3c=
    dependencies:
      leven "^3.1.0"
  
  levn@^0.4.1:
    version "0.4.1"
    resolved "https://registry.npm.taobao.org/levn/download/levn-0.4.1.tgz#ae4562c007473b932a6200d403268dd2fffc6ade"
    integrity sha1-rkViwAdHO5MqYgDUAyaN0v/8at4=
    dependencies:
      prelude-ls "^1.2.1"
      type-check "~0.4.0"
  
  levn@~0.3.0:
    version "0.3.0"
    resolved "https://registry.npm.taobao.org/levn/download/levn-0.3.0.tgz#3b09924edf9f083c0490fdd4c0bc4421e04764ee"
    integrity sha1-OwmSTt+fCDwEkP3UwLxEIeBHZO4=
    dependencies:
      prelude-ls "~1.1.2"
      type-check "~0.3.2"
  
  liftoff@^2.5.0:
    version "2.5.0"
    resolved "https://registry.npm.taobao.org/liftoff/download/liftoff-2.5.0.tgz#2009291bb31cea861bbf10a7c15a28caf75c31ec"
    integrity sha1-IAkpG7Mc6oYbvxCnwVooyvdcMew=
    dependencies:
      extend "^3.0.0"
      findup-sync "^2.0.0"
      fined "^1.0.1"
      flagged-respawn "^1.0.0"
      is-plain-object "^2.0.4"
      object.map "^1.0.0"
      rechoir "^0.6.2"
      resolve "^1.1.7"
  
  lines-and-columns@^1.1.6:
    version "1.1.6"
    resolved "https://registry.npm.taobao.org/lines-and-columns/download/lines-and-columns-1.1.6.tgz#1c00c743b433cd0a4e80758f7b64a57440d9ff00"
    integrity sha1-HADHQ7QzzQpOgHWPe2SldEDZ/wA=
  
  lint-staged@10.3.0:
    version "10.3.0"
    resolved "https://registry.npm.taobao.org/lint-staged/download/lint-staged-10.3.0.tgz#388c3d440590c45c339e7163f669ea69ae90b1e0"
    integrity sha1-OIw9RAWQxFwznnFj9mnqaa6QseA=
    dependencies:
      chalk "^4.1.0"
      cli-truncate "^2.1.0"
      commander "^6.0.0"
      cosmiconfig "^7.0.0"
      debug "^4.1.1"
      dedent "^0.7.0"
      enquirer "^2.3.6"
      execa "^4.0.3"
      listr2 "^2.6.0"
      log-symbols "^4.0.0"
      micromatch "^4.0.2"
      normalize-path "^3.0.0"
      please-upgrade-node "^3.2.0"
      string-argv "0.3.1"
      stringify-object "^3.3.0"
  
  listr2@^2.6.0:
    version "2.6.2"
    resolved "https://registry.npm.taobao.org/listr2/download/listr2-2.6.2.tgz#4912eb01e1e2dd72ec37f3895a56bf2622d6f36a"
    integrity sha1-SRLrAeHi3XLsN/OJWla/JiLW82o=
    dependencies:
      chalk "^4.1.0"
      cli-truncate "^2.1.0"
      figures "^3.2.0"
      indent-string "^4.0.0"
      log-update "^4.0.0"
      p-map "^4.0.0"
      rxjs "^6.6.2"
      through "^2.3.8"
  
  load-bmfont@^1.3.1, load-bmfont@^1.4.0:
    version "1.4.1"
    resolved "https://registry.npm.taobao.org/load-bmfont/download/load-bmfont-1.4.1.tgz#c0f5f4711a1e2ccff725a7b6078087ccfcddd3e9"
    integrity sha1-wPX0cRoeLM/3Jae2B4CHzPzd0+k=
    dependencies:
      buffer-equal "0.0.1"
      mime "^1.3.4"
      parse-bmfont-ascii "^1.0.3"
      parse-bmfont-binary "^1.0.5"
      parse-bmfont-xml "^1.1.4"
      phin "^2.9.1"
      xhr "^2.0.1"
      xtend "^4.0.0"
  
  load-json-file@^2.0.0:
    version "2.0.0"
    resolved "https://registry.npm.taobao.org/load-json-file/download/load-json-file-2.0.0.tgz#7947e42149af80d696cbf797bcaabcfe1fe29ca8"
    integrity sha1-eUfkIUmvgNaWy/eXvKq8/h/inKg=
    dependencies:
      graceful-fs "^4.1.2"
      parse-json "^2.2.0"
      pify "^2.0.0"
      strip-bom "^3.0.0"
  
  loader-runner@^2.4.0:
    version "2.4.0"
    resolved "https://registry.npm.taobao.org/loader-runner/download/loader-runner-2.4.0.tgz#ed47066bfe534d7e84c4c7b9998c2a75607d9357"
    integrity sha1-7UcGa/5TTX6ExMe5mYwqdWB9k1c=
  
  loader-utils@0.2.x:
    version "0.2.17"
    resolved "https://registry.npm.taobao.org/loader-utils/download/loader-utils-0.2.17.tgz#f86e6374d43205a6e6c60e9196f17c0299bfb348"
    integrity sha1-+G5jdNQyBabmxg6RlvF8Apm/s0g=
    dependencies:
      big.js "^3.1.3"
      emojis-list "^2.0.0"
      json5 "^0.5.0"
      object-assign "^4.0.1"
  
  loader-utils@^1.2.3, loader-utils@^1.4.0:
    version "1.4.0"
    resolved "https://registry.npm.taobao.org/loader-utils/download/loader-utils-1.4.0.tgz#c579b5e34cb34b1a74edc6c1fb36bfa371d5a613"
    integrity sha1-xXm140yzSxp07cbB+za/o3HVphM=
    dependencies:
      big.js "^5.2.2"
      emojis-list "^3.0.0"
      json5 "^1.0.1"
  
  loader-utils@^2.0.0, loader-utils@~2.0.0:
    version "2.0.0"
    resolved "https://registry.npm.taobao.org/loader-utils/download/loader-utils-2.0.0.tgz#e4cace5b816d425a166b5f097e10cd12b36064b0"
    integrity sha1-5MrOW4FtQloWa18JfhDNErNgZLA=
    dependencies:
      big.js "^5.2.2"
      emojis-list "^3.0.0"
      json5 "^2.1.2"
  
  locate-path@^2.0.0:
    version "2.0.0"
    resolved "https://registry.npm.taobao.org/locate-path/download/locate-path-2.0.0.tgz#2b568b265eec944c6d9c0de9c3dbbbca0354cd8e"
    integrity sha1-K1aLJl7slExtnA3pw9u7ygNUzY4=
    dependencies:
      p-locate "^2.0.0"
      path-exists "^3.0.0"
  
  locate-path@^3.0.0:
    version "3.0.0"
    resolved "https://registry.npm.taobao.org/locate-path/download/locate-path-3.0.0.tgz#dbec3b3ab759758071b58fe59fc41871af21400e"
    integrity sha1-2+w7OrdZdYBxtY/ln8QYca8hQA4=
    dependencies:
      p-locate "^3.0.0"
      path-exists "^3.0.0"
  
  locate-path@^5.0.0:
    version "5.0.0"
    resolved "https://registry.npm.taobao.org/locate-path/download/locate-path-5.0.0.tgz#1afba396afd676a6d42504d0a67a3a7eb9f62aa0"
    integrity sha1-Gvujlq/WdqbUJQTQpno6frn2KqA=
    dependencies:
      p-locate "^4.1.0"
  
  lodash.difference@^4.5.0:
    version "4.5.0"
    resolved "https://registry.npm.taobao.org/lodash.difference/download/lodash.difference-4.5.0.tgz#9ccb4e505d486b91651345772885a2df27fd017c"
    integrity sha1-nMtOUF1Ia5FlE0V3KIWi3yf9AXw=
  
  lodash.get@^4.4.2:
    version "4.4.2"
    resolved "https://registry.npm.taobao.org/lodash.get/download/lodash.get-4.4.2.tgz#2d177f652fa31e939b4438d5341499dfa3825e99"
    integrity sha1-LRd/ZS+jHpObRDjVNBSZ36OCXpk=
  
  lodash.includes@^4.3.0:
    version "4.3.0"
    resolved "https://registry.npm.taobao.org/lodash.includes/download/lodash.includes-4.3.0.tgz#60bb98a87cb923c68ca1e51325483314849f553f"
    integrity sha1-YLuYqHy5I8aMoeUTJUgzFISfVT8=
  
  lodash.isboolean@^3.0.3:
    version "3.0.3"
    resolved "https://registry.npm.taobao.org/lodash.isboolean/download/lodash.isboolean-3.0.3.tgz#6c2e171db2a257cd96802fd43b01b20d5f5870f6"
    integrity sha1-bC4XHbKiV82WgC/UOwGyDV9YcPY=
  
  lodash.isinteger@^4.0.4:
    version "4.0.4"
    resolved "https://registry.npm.taobao.org/lodash.isinteger/download/lodash.isinteger-4.0.4.tgz#619c0af3d03f8b04c31f5882840b77b11cd68343"
    integrity sha1-YZwK89A/iwTDH1iChAt3sRzWg0M=
  
  lodash.isnumber@^3.0.3:
    version "3.0.3"
    resolved "https://registry.npm.taobao.org/lodash.isnumber/download/lodash.isnumber-3.0.3.tgz#3ce76810c5928d03352301ac287317f11c0b1ffc"
    integrity sha1-POdoEMWSjQM1IwGsKHMX8RwLH/w=
  
  lodash.isplainobject@^4.0.6:
    version "4.0.6"
    resolved "https://registry.npm.taobao.org/lodash.isplainobject/download/lodash.isplainobject-4.0.6.tgz#7c526a52d89b45c45cc690b88163be0497f550cb"
    integrity sha1-fFJqUtibRcRcxpC4gWO+BJf1UMs=
  
  lodash.isstring@^4.0.1:
    version "4.0.1"
    resolved "https://registry.npm.taobao.org/lodash.isstring/download/lodash.isstring-4.0.1.tgz#d527dfb5456eca7cc9bb95d5daeaf88ba54a5451"
    integrity sha1-1SfftUVuynzJu5XV2ur4i6VKVFE=
  
  lodash.once@^4.0.0:
    version "4.1.1"
    resolved "https://registry.npm.taobao.org/lodash.once/download/lodash.once-4.1.1.tgz#0dd3971213c7c56df880977d504c88fb471a97ac"
    integrity sha1-DdOXEhPHxW34gJd9UEyI+0cal6w=
  
  lodash.sortby@^4.7.0:
    version "4.7.0"
    resolved "https://registry.npm.taobao.org/lodash.sortby/download/lodash.sortby-4.7.0.tgz#edd14c824e2cc9c1e0b0a1b42bb5210516a42438"
    integrity sha1-7dFMgk4sycHgsKG0K7UhBRakJDg=
  
  lodash@4.17.20, lodash@^4.17.10, lodash@^4.17.11, lodash@^4.17.14, lodash@^4.17.15, lodash@^4.17.19, lodash@^4.17.20:
    version "4.17.20"
    resolved "https://registry.npm.taobao.org/lodash/download/lodash-4.17.20.tgz#b44a9b6297bcb698f1c51a3545a2b3b368d59c52"
    integrity sha1-tEqbYpe8tpjxxRo1RaKzs2jVnFI=
  
  log-symbols@^2.2.0:
    version "2.2.0"
    resolved "https://registry.npm.taobao.org/log-symbols/download/log-symbols-2.2.0.tgz#5740e1c5d6f0dfda4ad9323b5332107ef6b4c40a"
    integrity sha1-V0Dhxdbw39pK2TI7UzIQfva0xAo=
    dependencies:
      chalk "^2.0.1"
  
  log-symbols@^4.0.0:
    version "4.0.0"
    resolved "https://registry.npm.taobao.org/log-symbols/download/log-symbols-4.0.0.tgz#69b3cc46d20f448eccdb75ea1fa733d9e821c920"
    integrity sha1-abPMRtIPRI7M23XqH6cz2eghySA=
    dependencies:
      chalk "^4.0.0"
  
  log-update@^4.0.0:
    version "4.0.0"
    resolved "https://registry.npm.taobao.org/log-update/download/log-update-4.0.0.tgz#589ecd352471f2a1c0c570287543a64dfd20e0a1"
    integrity sha1-WJ7NNSRx8qHAxXAodUOmTf0g4KE=
    dependencies:
      ansi-escapes "^4.3.0"
      cli-cursor "^3.1.0"
      slice-ansi "^4.0.0"
      wrap-ansi "^6.2.0"
  
  loose-envify@^1.0.0, loose-envify@^1.1.0, loose-envify@^1.2.0, loose-envify@^1.3.1, loose-envify@^1.4.0:
    version "1.4.0"
    resolved "https://registry.npm.taobao.org/loose-envify/download/loose-envify-1.4.0.tgz#71ee51fa7be4caec1a63839f7e682d8132d30caf"
    integrity sha1-ce5R+nvkyuwaY4OffmgtgTLTDK8=
    dependencies:
      js-tokens "^3.0.0 || ^4.0.0"
  
  lower-case-first@^1.0.0:
    version "1.0.2"
    resolved "https://registry.npm.taobao.org/lower-case-first/download/lower-case-first-1.0.2.tgz#e5da7c26f29a7073be02d52bac9980e5922adfa1"
    integrity sha1-5dp8JvKacHO+AtUrrJmA5ZIq36E=
    dependencies:
      lower-case "^1.1.2"
  
  lower-case@^1.1.0, lower-case@^1.1.1, lower-case@^1.1.2:
    version "1.1.4"
    resolved "https://registry.npm.taobao.org/lower-case/download/lower-case-1.1.4.tgz?cache=0&other_urls=https%3A%2F%2Fregistry.npm.taobao.org%2Flower-case%2Fdownload%2Flower-case-1.1.4.tgz#9a2cabd1b9e8e0ae993a4bf7d5875c39c42e8eac"
    integrity sha1-miyr0bno4K6ZOkv31YdcOcQujqw=
  
  lower-case@^2.0.1:
    version "2.0.1"
    resolved "https://registry.npm.taobao.org/lower-case/download/lower-case-2.0.1.tgz?cache=0&other_urls=https%3A%2F%2Fregistry.npm.taobao.org%2Flower-case%2Fdownload%2Flower-case-2.0.1.tgz#39eeb36e396115cc05e29422eaea9e692c9408c7"
    integrity sha1-Oe6zbjlhFcwF4pQi6uqeaSyUCMc=
    dependencies:
      tslib "^1.10.0"
  
  lowercase-keys@1.0.0:
    version "1.0.0"
    resolved "https://registry.npm.taobao.org/lowercase-keys/download/lowercase-keys-1.0.0.tgz#4e3366b39e7f5457e35f1324bdf6f88d0bfc7306"
    integrity sha1-TjNms55/VFfjXxMkvfb4jQv8cwY=
  
  lowercase-keys@^1.0.0, lowercase-keys@^1.0.1:
    version "1.0.1"
    resolved "https://registry.npm.taobao.org/lowercase-keys/download/lowercase-keys-1.0.1.tgz#6f9e30b47084d971a7c820ff15a6c5167b74c26f"
    integrity sha1-b54wtHCE2XGnyCD/FabFFnt0wm8=
  
  lowercase-keys@^2.0.0:
    version "2.0.0"
    resolved "https://registry.npm.taobao.org/lowercase-keys/download/lowercase-keys-2.0.0.tgz#2603e78b7b4b0006cbca2fbcc8a3202558ac9479"
    integrity sha1-JgPni3tLAAbLyi+8yKMgJVislHk=
  
  lru-cache@^4.0.1:
    version "4.1.5"
    resolved "https://registry.npm.taobao.org/lru-cache/download/lru-cache-4.1.5.tgz#8bbe50ea85bed59bc9e33dcab8235ee9bcf443cd"
    integrity sha1-i75Q6oW+1ZvJ4z3KuCNe6bz0Q80=
    dependencies:
      pseudomap "^1.0.2"
      yallist "^2.1.2"
  
  lru-cache@^5.1.1:
    version "5.1.1"
    resolved "https://registry.npm.taobao.org/lru-cache/download/lru-cache-5.1.1.tgz#1da27e6710271947695daf6848e847f01d84b920"
    integrity sha1-HaJ+ZxAnGUdpXa9oSOhH8B2EuSA=
    dependencies:
      yallist "^3.0.2"
  
  lru-cache@^6.0.0:
    version "6.0.0"
    resolved "https://registry.npm.taobao.org/lru-cache/download/lru-cache-6.0.0.tgz#6d6fe6570ebd96aaf90fcad1dafa3b2566db3a94"
    integrity sha1-bW/mVw69lqr5D8rR2vo7JWbbOpQ=
    dependencies:
      yallist "^4.0.0"
  
  make-dir@^1.0.0, make-dir@^1.2.0:
    version "1.3.0"
    resolved "https://registry.npm.taobao.org/make-dir/download/make-dir-1.3.0.tgz#79c1033b80515bd6d24ec9933e860ca75ee27f0c"
    integrity sha1-ecEDO4BRW9bSTsmTPoYMp17ifww=
    dependencies:
      pify "^3.0.0"
  
  make-dir@^2.0.0, make-dir@^2.1.0:
    version "2.1.0"
    resolved "https://registry.npm.taobao.org/make-dir/download/make-dir-2.1.0.tgz#5f0310e18b8be898cc07009295a30ae41e91e6f5"
    integrity sha1-XwMQ4YuL6JjMBwCSlaMK5B6R5vU=
    dependencies:
      pify "^4.0.1"
      semver "^5.6.0"
  
  make-dir@^3.0.0, make-dir@^3.0.2:
    version "3.1.0"
    resolved "https://registry.npm.taobao.org/make-dir/download/make-dir-3.1.0.tgz#415e967046b3a7f1d185277d84aa58203726a13f"
    integrity sha1-QV6WcEazp/HRhSd9hKpYIDcmoT8=
    dependencies:
      semver "^6.0.0"
  
  make-iterator@^1.0.0:
    version "1.0.1"
    resolved "https://registry.npm.taobao.org/make-iterator/download/make-iterator-1.0.1.tgz#29b33f312aa8f547c4a5e490f56afcec99133ad6"
    integrity sha1-KbM/MSqo9UfEpeSQ9Wr87JkTOtY=
    dependencies:
      kind-of "^6.0.2"
  
  makeerror@1.0.x:
    version "1.0.11"
    resolved "https://registry.npm.taobao.org/makeerror/download/makeerror-1.0.11.tgz#e01a5c9109f2af79660e4e8b9587790184f5a96c"
    integrity sha1-4BpckQnyr3lmDk6LlYd5AYT1qWw=
    dependencies:
      tmpl "1.0.x"
  
  map-cache@^0.2.0, map-cache@^0.2.2:
    version "0.2.2"
    resolved "https://registry.npm.taobao.org/map-cache/download/map-cache-0.2.2.tgz#c32abd0bd6525d9b051645bb4f26ac5dc98a0dbf"
    integrity sha1-wyq9C9ZSXZsFFkW7TyasXcmKDb8=
  
  map-visit@^1.0.0:
    version "1.0.0"
    resolved "https://registry.npm.taobao.org/map-visit/download/map-visit-1.0.0.tgz#ecdca8f13144e660f1b5bd41f12f3479d98dfb8f"
    integrity sha1-7Nyo8TFE5mDxtb1B8S80edmN+48=
    dependencies:
      object-visit "^1.0.0"
  
  matcher@^3.0.0:
    version "3.0.0"
    resolved "https://registry.npm.taobao.org/matcher/download/matcher-3.0.0.tgz#bd9060f4c5b70aa8041ccc6f80368760994f30ca"
    integrity sha1-vZBg9MW3CqgEHMxvgDaHYJlPMMo=
    dependencies:
      escape-string-regexp "^4.0.0"
  
  md5.js@^1.3.4:
    version "1.3.5"
    resolved "https://registry.npm.taobao.org/md5.js/download/md5.js-1.3.5.tgz#b5d07b8e3216e3e27cd728d72f70d1e6a342005f"
    integrity sha1-tdB7jjIW4+J81yjXL3DR5qNCAF8=
    dependencies:
      hash-base "^3.0.0"
      inherits "^2.0.1"
      safe-buffer "^5.1.2"
  
  media-typer@0.3.0:
    version "0.3.0"
    resolved "https://registry.npm.taobao.org/media-typer/download/media-typer-0.3.0.tgz#8710d7af0aa626f8fffa1ce00168545263255748"
    integrity sha1-hxDXrwqmJvj/+hzgAWhUUmMlV0g=
  
  memory-fs@^0.2.0:
    version "0.2.0"
    resolved "https://registry.npm.taobao.org/memory-fs/download/memory-fs-0.2.0.tgz#f2bb25368bc121e391c2520de92969caee0a0290"
    integrity sha1-8rslNovBIeORwlIN6Slpyu4KApA=
  
  memory-fs@^0.4.1:
    version "0.4.1"
    resolved "https://registry.npm.taobao.org/memory-fs/download/memory-fs-0.4.1.tgz#3a9a20b8462523e447cfbc7e8bb80ed667bfc552"
    integrity sha1-OpoguEYlI+RHz7x+i7gO1me/xVI=
    dependencies:
      errno "^0.1.3"
      readable-stream "^2.0.1"
  
  memory-fs@^0.5.0:
    version "0.5.0"
    resolved "https://registry.npm.taobao.org/memory-fs/download/memory-fs-0.5.0.tgz#324c01288b88652966d161db77838720845a8e3c"
    integrity sha1-MkwBKIuIZSlm0WHbd4OHIIRajjw=
    dependencies:
      errno "^0.1.3"
      readable-stream "^2.0.1"
  
  merge-descriptors@1.0.1:
    version "1.0.1"
    resolved "https://registry.npm.taobao.org/merge-descriptors/download/merge-descriptors-1.0.1.tgz#b00aaa556dd8b44568150ec9d1b953f3f90cbb61"
    integrity sha1-sAqqVW3YtEVoFQ7J0blT8/kMu2E=
  
  merge-stream@^2.0.0:
    version "2.0.0"
    resolved "https://registry.npm.taobao.org/merge-stream/download/merge-stream-2.0.0.tgz#52823629a14dd00c9770fb6ad47dc6310f2c1f60"
    integrity sha1-UoI2KaFN0AyXcPtq1H3GMQ8sH2A=
  
  merge2@^1.2.3, merge2@^1.3.0:
    version "1.4.1"
    resolved "https://registry.npm.taobao.org/merge2/download/merge2-1.4.1.tgz#4368892f885e907455a6fd7dc55c0c9d404990ae"
    integrity sha1-Q2iJL4hekHRVpv19xVwMnUBJkK4=
  
  methods@~1.1.2:
    version "1.1.2"
    resolved "https://registry.npm.taobao.org/methods/download/methods-1.1.2.tgz#5529a4d67654134edcc5266656835b0f851afcee"
    integrity sha1-VSmk1nZUE07cxSZmVoNbD4Ua/O4=
  
  micromatch@^3.0.4, micromatch@^3.1.10, micromatch@^3.1.3, micromatch@^3.1.4:
    version "3.1.10"
    resolved "https://registry.npm.taobao.org/micromatch/download/micromatch-3.1.10.tgz#70859bc95c9840952f359a068a3fc49f9ecfac23"
    integrity sha1-cIWbyVyYQJUvNZoGij/En57PrCM=
    dependencies:
      arr-diff "^4.0.0"
      array-unique "^0.3.2"
      braces "^2.3.1"
      define-property "^2.0.2"
      extend-shallow "^3.0.2"
      extglob "^2.0.4"
      fragment-cache "^0.2.1"
      kind-of "^6.0.2"
      nanomatch "^1.2.9"
      object.pick "^1.3.0"
      regex-not "^1.0.0"
      snapdragon "^0.8.1"
      to-regex "^3.0.2"
  
  micromatch@^4.0.2:
    version "4.0.2"
    resolved "https://registry.npm.taobao.org/micromatch/download/micromatch-4.0.2.tgz#4fcb0999bf9fbc2fcbdd212f6d629b9a56c39259"
    integrity sha1-T8sJmb+fvC/L3SEvbWKbmlbDklk=
    dependencies:
      braces "^3.0.1"
      picomatch "^2.0.5"
  
  miller-rabin@^4.0.0:
    version "4.0.1"
    resolved "https://registry.npm.taobao.org/miller-rabin/download/miller-rabin-4.0.1.tgz#f080351c865b0dc562a8462966daa53543c78a4d"
    integrity sha1-8IA1HIZbDcViqEYpZtqlNUPHik0=
    dependencies:
      bn.js "^4.0.0"
      brorand "^1.0.1"
  
  mime-db@1.44.0, "mime-db@>= 1.43.0 < 2", mime-db@^1.28.0:
    version "1.44.0"
    resolved "https://registry.npm.taobao.org/mime-db/download/mime-db-1.44.0.tgz#fa11c5eb0aca1334b4233cb4d52f10c5a6272f92"
    integrity sha1-+hHF6wrKEzS0Izy01S8QxaYnL5I=
  
  mime-types@^2.1.12, mime-types@^2.1.26, mime-types@~2.1.19, mime-types@~2.1.24:
    version "2.1.27"
    resolved "https://registry.npm.taobao.org/mime-types/download/mime-types-2.1.27.tgz#47949f98e279ea53119f5722e0f34e529bec009f"
    integrity sha1-R5SfmOJ56lMRn1ci4PNOUpvsAJ8=
    dependencies:
      mime-db "1.44.0"
  
  mime@1.6.0, mime@^1.3.4:
    version "1.6.0"
    resolved "https://registry.npm.taobao.org/mime/download/mime-1.6.0.tgz?cache=0&sync_timestamp=1592843216793&other_urls=https%3A%2F%2Fregistry.npm.taobao.org%2Fmime%2Fdownload%2Fmime-1.6.0.tgz#32cd9e5c64553bd58d19a568af452acff04981b1"
    integrity sha1-Ms2eXGRVO9WNGaVor0Uqz/BJgbE=
  
  mime@^2.4.0, mime@^2.4.4:
    version "2.4.6"
    resolved "https://registry.npm.taobao.org/mime/download/mime-2.4.6.tgz?cache=0&sync_timestamp=1592843216793&other_urls=https%3A%2F%2Fregistry.npm.taobao.org%2Fmime%2Fdownload%2Fmime-2.4.6.tgz#e5b407c90db442f2beb5b162373d07b69affa4d1"
    integrity sha1-5bQHyQ20QvK+tbFiNz0Htpr/pNE=
  
  mime@^2.4.6:
    version "2.4.7"
    resolved "https://registry.npm.taobao.org/mime/download/mime-2.4.7.tgz#962aed9be0ed19c91fd7dc2ece5d7f4e89a90d74"
    integrity sha1-lirtm+DtGckf19wuzl1/TompDXQ=
  
  mimic-fn@^1.0.0:
    version "1.2.0"
    resolved "https://registry.npm.taobao.org/mimic-fn/download/mimic-fn-1.2.0.tgz#820c86a39334640e99516928bd03fca88057d022"
    integrity sha1-ggyGo5M0ZA6ZUWkovQP8qIBX0CI=
  
  mimic-fn@^2.1.0:
    version "2.1.0"
    resolved "https://registry.npm.taobao.org/mimic-fn/download/mimic-fn-2.1.0.tgz#7ed2c2ccccaf84d3ffcb7a69b57711fc2083401b"
    integrity sha1-ftLCzMyvhNP/y3pptXcR/CCDQBs=
  
  mimic-response@^1.0.0, mimic-response@^1.0.1:
    version "1.0.1"
    resolved "https://registry.npm.taobao.org/mimic-response/download/mimic-response-1.0.1.tgz#4923538878eef42063cb8a3e3b0798781487ab1b"
    integrity sha1-SSNTiHju9CBjy4o+OweYeBSHqxs=
  
  min-document@^2.19.0:
    version "2.19.0"
    resolved "https://registry.npm.taobao.org/min-document/download/min-document-2.19.0.tgz#7bd282e3f5842ed295bb748cdd9f1ffa2c824685"
    integrity sha1-e9KC4/WELtKVu3SM3Z8f+iyCRoU=
    dependencies:
      dom-walk "^0.1.0"
  
  mini-create-react-context@^0.4.0:
    version "0.4.0"
    resolved "https://registry.npm.taobao.org/mini-create-react-context/download/mini-create-react-context-0.4.0.tgz#df60501c83151db69e28eac0ef08b4002efab040"
    integrity sha1-32BQHIMVHbaeKOrA7wi0AC76sEA=
    dependencies:
      "@babel/runtime" "^7.5.5"
      tiny-warning "^1.0.3"
  
  mini-store@^3.0.1:
    version "3.0.6"
    resolved "https://registry.npm.taobao.org/mini-store/download/mini-store-3.0.6.tgz?cache=0&sync_timestamp=1596178831497&other_urls=https%3A%2F%2Fregistry.npm.taobao.org%2Fmini-store%2Fdownload%2Fmini-store-3.0.6.tgz#44b86be5b2877271224ce0689b3a35a2dffb1ca9"
    integrity sha1-RLhr5bKHcnEiTOBomzo1ot/7HKk=
    dependencies:
      hoist-non-react-statics "^3.3.2"
      shallowequal "^1.0.2"
  
  minimalistic-assert@^1.0.0, minimalistic-assert@^1.0.1:
    version "1.0.1"
    resolved "https://registry.npm.taobao.org/minimalistic-assert/download/minimalistic-assert-1.0.1.tgz#2e194de044626d4a10e7f7fbc00ce73e83e4d5c7"
    integrity sha1-LhlN4ERibUoQ5/f7wAznPoPk1cc=
  
  minimalistic-crypto-utils@^1.0.0, minimalistic-crypto-utils@^1.0.1:
    version "1.0.1"
    resolved "https://registry.npm.taobao.org/minimalistic-crypto-utils/download/minimalistic-crypto-utils-1.0.1.tgz#f6c00c1c0b082246e5c4d99dfb8c7c083b2b582a"
    integrity sha1-9sAMHAsIIkblxNmd+4x8CDsrWCo=
  
  minimatch@^3.0.3, minimatch@^3.0.4:
    version "3.0.4"
    resolved "https://registry.npm.taobao.org/minimatch/download/minimatch-3.0.4.tgz#5166e286457f03306064be5497e8dbb0c3d32083"
    integrity sha1-UWbihkV/AzBgZL5Ul+jbsMPTIIM=
    dependencies:
      brace-expansion "^1.1.7"
  
  minimist@0.0.8:
    version "0.0.8"
    resolved "https://registry.npm.taobao.org/minimist/download/minimist-0.0.8.tgz#857fcabfc3397d2625b8228262e86aa7a011b05d"
    integrity sha1-hX/Kv8M5fSYluCKCYuhqp6ARsF0=
  
  minimist@1.2.5, minimist@^1.1.1, minimist@^1.2.0, minimist@^1.2.5:
    version "1.2.5"
    resolved "https://registry.npm.taobao.org/minimist/download/minimist-1.2.5.tgz#67d66014b66a6a8aaa0c083c5fd58df4e4e97602"
    integrity sha1-Z9ZgFLZqaoqqDAg8X9WN9OTpdgI=
  
  minipass-collect@^1.0.2:
    version "1.0.2"
    resolved "https://registry.npm.taobao.org/minipass-collect/download/minipass-collect-1.0.2.tgz#22b813bf745dc6edba2576b940022ad6edc8c617"
    integrity sha1-IrgTv3Rdxu26JXa5QAIq1u3Ixhc=
    dependencies:
      minipass "^3.0.0"
  
  minipass-flush@^1.0.5:
    version "1.0.5"
    resolved "https://registry.npm.taobao.org/minipass-flush/download/minipass-flush-1.0.5.tgz#82e7135d7e89a50ffe64610a787953c4c4cbb373"
    integrity sha1-gucTXX6JpQ/+ZGEKeHlTxMTLs3M=
    dependencies:
      minipass "^3.0.0"
  
  minipass-pipeline@^1.2.2:
    version "1.2.4"
    resolved "https://registry.npm.taobao.org/minipass-pipeline/download/minipass-pipeline-1.2.4.tgz?cache=0&sync_timestamp=1595998554107&other_urls=https%3A%2F%2Fregistry.npm.taobao.org%2Fminipass-pipeline%2Fdownload%2Fminipass-pipeline-1.2.4.tgz#68472f79711c084657c067c5c6ad93cddea8214c"
    integrity sha1-aEcveXEcCEZXwGfFxq2Tzd6oIUw=
    dependencies:
      minipass "^3.0.0"
  
  minipass@^3.0.0, minipass@^3.1.1:
    version "3.1.3"
    resolved "https://registry.npm.taobao.org/minipass/download/minipass-3.1.3.tgz#7d42ff1f39635482e15f9cdb53184deebd5815fd"
    integrity sha1-fUL/HzljVILhX5zbUxhN7r1YFf0=
    dependencies:
      yallist "^4.0.0"
  
  minizlib@^2.1.1:
    version "2.1.2"
    resolved "https://registry.npm.taobao.org/minizlib/download/minizlib-2.1.2.tgz#e90d3466ba209b932451508a11ce3d3632145931"
    integrity sha1-6Q00Zrogm5MkUVCKEc49NjIUWTE=
    dependencies:
      minipass "^3.0.0"
      yallist "^4.0.0"
  
  mississippi@^3.0.0:
    version "3.0.0"
    resolved "https://registry.npm.taobao.org/mississippi/download/mississippi-3.0.0.tgz#ea0a3291f97e0b5e8776b363d5f0a12d94c67022"
    integrity sha1-6goykfl+C16HdrNj1fChLZTGcCI=
    dependencies:
      concat-stream "^1.5.0"
      duplexify "^3.4.2"
      end-of-stream "^1.1.0"
      flush-write-stream "^1.0.0"
      from2 "^2.1.0"
      parallel-transform "^1.1.0"
      pump "^3.0.0"
      pumpify "^1.3.3"
      stream-each "^1.1.0"
      through2 "^2.0.0"
  
  mixin-deep@^1.2.0:
    version "1.3.2"
    resolved "https://registry.npm.taobao.org/mixin-deep/download/mixin-deep-1.3.2.tgz#1120b43dc359a785dce65b55b82e257ccf479566"
    integrity sha1-ESC0PcNZp4Xc5ltVuC4lfM9HlWY=
    dependencies:
      for-in "^1.0.2"
      is-extendable "^1.0.1"
  
  mkdirp@0.5.1:
    version "0.5.1"
    resolved "https://registry.npm.taobao.org/mkdirp/download/mkdirp-0.5.1.tgz#30057438eac6cf7f8c4767f38648d6697d75c903"
    integrity sha1-MAV0OOrGz3+MR2fzhkjWaX11yQM=
    dependencies:
      minimist "0.0.8"
  
  mkdirp@^0.5.1, mkdirp@^0.5.3, mkdirp@^0.5.4:
    version "0.5.5"
    resolved "https://registry.npm.taobao.org/mkdirp/download/mkdirp-0.5.5.tgz#d91cefd62d1436ca0f41620e251288d420099def"
    integrity sha1-2Rzv1i0UNsoPQWIOJRKI1CAJne8=
    dependencies:
      minimist "^1.2.5"
  
  mkdirp@^1.0.3, mkdirp@^1.0.4:
    version "1.0.4"
    resolved "https://registry.npm.taobao.org/mkdirp/download/mkdirp-1.0.4.tgz#3eb5ed62622756d79a5f0e2a221dfebad75c2f7e"
    integrity sha1-PrXtYmInVteaXw4qIh3+utdcL34=
  
  moment-locales-webpack-plugin@1.2.0:
    version "1.2.0"
    resolved "https://registry.npm.taobao.org/moment-locales-webpack-plugin/download/moment-locales-webpack-plugin-1.2.0.tgz#9af83876a44053706b868ceece5119584d10d7aa"
    integrity sha1-mvg4dqRAU3BrhozuzlEZWE0Q16o=
    dependencies:
      lodash.difference "^4.5.0"
  
  moment@2.28.0, moment@^2.24.0, moment@^2.25.3:
    version "2.28.0"
    resolved "https://registry.npm.taobao.org/moment/download/moment-2.28.0.tgz#cdfe73ce01327cee6537b0fafac2e0f21a237d75"
    integrity sha1-zf5zzgEyfO5lN7D6+sLg8hojfXU=
  
  move-concurrently@^1.0.1:
    version "1.0.1"
    resolved "https://registry.npm.taobao.org/move-concurrently/download/move-concurrently-1.0.1.tgz#be2c005fda32e0b29af1f05d7c4b33214c701f92"
    integrity sha1-viwAX9oy4LKa8fBdfEszIUxwH5I=
    dependencies:
      aproba "^1.1.1"
      copy-concurrently "^1.0.0"
      fs-write-stream-atomic "^1.0.8"
      mkdirp "^0.5.1"
      rimraf "^2.5.4"
      run-queue "^1.0.3"
  
  ms@2.0.0:
    version "2.0.0"
    resolved "https://registry.npm.taobao.org/ms/download/ms-2.0.0.tgz#5608aeadfc00be6c2901df5f9861788de0d597c8"
    integrity sha1-VgiurfwAvmwpAd9fmGF4jeDVl8g=
  
  ms@2.1.1:
    version "2.1.1"
    resolved "https://registry.npm.taobao.org/ms/download/ms-2.1.1.tgz#30a5864eb3ebb0a66f2ebe6d727af06a09d86e0a"
    integrity sha1-MKWGTrPrsKZvLr5tcnrwagnYbgo=
  
  ms@2.1.2, ms@^2.1.1:
    version "2.1.2"
    resolved "https://registry.npm.taobao.org/ms/download/ms-2.1.2.tgz#d09d1f357b443f493382a8eb3ccd183872ae6009"
    integrity sha1-0J0fNXtEP0kzgqjrPM0YOHKuYAk=
  
  mute-stream@0.0.8:
    version "0.0.8"
    resolved "https://registry.npm.taobao.org/mute-stream/download/mute-stream-0.0.8.tgz#1630c42b2251ff81e2a283de96a5497ea92e5e0d"
    integrity sha1-FjDEKyJR/4HiooPelqVJfqkuXg0=
  
  nan@^2.12.1:
    version "2.14.1"
    resolved "https://registry.npm.taobao.org/nan/download/nan-2.14.1.tgz#d7be34dfa3105b91494c3147089315eff8874b01"
    integrity sha1-174036MQW5FJTDFHCJMV7/iHSwE=
  
  nanomatch@^1.2.9:
    version "1.2.13"
    resolved "https://registry.npm.taobao.org/nanomatch/download/nanomatch-1.2.13.tgz#b87a8aa4fc0de8fe6be88895b38983ff265bd119"
    integrity sha1-uHqKpPwN6P5r6IiVs4mD/yZb0Rk=
    dependencies:
      arr-diff "^4.0.0"
      array-unique "^0.3.2"
      define-property "^2.0.2"
      extend-shallow "^3.0.2"
      fragment-cache "^0.2.1"
      is-windows "^1.0.2"
      kind-of "^6.0.2"
      object.pick "^1.3.0"
      regex-not "^1.0.0"
      snapdragon "^0.8.1"
      to-regex "^3.0.1"
  
  natural-compare@^1.4.0:
    version "1.4.0"
    resolved "https://registry.npm.taobao.org/natural-compare/download/natural-compare-1.4.0.tgz#4abebfeed7541f2c27acfb29bdbbd15c8d5ba4f7"
    integrity sha1-Sr6/7tdUHywnrPspvbvRXI1bpPc=
  
  negotiator@0.6.2:
    version "0.6.2"
    resolved "https://registry.npm.taobao.org/negotiator/download/negotiator-0.6.2.tgz#feacf7ccf525a77ae9634436a64883ffeca346fb"
    integrity sha1-/qz3zPUlp3rpY0Q2pkiD/+yjRvs=
  
  neo-async@^2.5.0, neo-async@^2.6.0, neo-async@^2.6.1:
    version "2.6.2"
    resolved "https://registry.npm.taobao.org/neo-async/download/neo-async-2.6.2.tgz#b4aafb93e3aeb2d8174ca53cf163ab7d7308305f"
    integrity sha1-tKr7k+OustgXTKU88WOrfXMIMF8=
  
  nice-try@^1.0.4:
    version "1.0.5"
    resolved "https://registry.npm.taobao.org/nice-try/download/nice-try-1.0.5.tgz#a3378a7696ce7d223e88fc9b764bd7ef1089e366"
    integrity sha1-ozeKdpbOfSI+iPybdkvX7xCJ42Y=
  
  no-case@^2.2.0, no-case@^2.3.2:
    version "2.3.2"
    resolved "https://registry.npm.taobao.org/no-case/download/no-case-2.3.2.tgz#60b813396be39b3f1288a4c1ed5d1e7d28b464ac"
    integrity sha1-YLgTOWvjmz8SiKTB7V0efSi0ZKw=
    dependencies:
      lower-case "^1.1.1"
  
  no-case@^3.0.3:
    version "3.0.3"
    resolved "https://registry.npm.taobao.org/no-case/download/no-case-3.0.3.tgz#c21b434c1ffe48b39087e86cfb4d2582e9df18f8"
    integrity sha1-whtDTB/+SLOQh+hs+00lgunfGPg=
    dependencies:
      lower-case "^2.0.1"
      tslib "^1.10.0"
  
  node-int64@^0.4.0:
    version "0.4.0"
    resolved "https://registry.npm.taobao.org/node-int64/download/node-int64-0.4.0.tgz#87a9065cdb355d3182d8f94ce11188b825c68a3b"
    integrity sha1-h6kGXNs1XTGC2PlM4RGIuCXGijs=
  
  "node-libs-browser@^1.0.0 || ^2.0.0", node-libs-browser@^2.2.1:
    version "2.2.1"
    resolved "https://registry.npm.taobao.org/node-libs-browser/download/node-libs-browser-2.2.1.tgz#b64f513d18338625f90346d27b0d235e631f6425"
    integrity sha1-tk9RPRgzhiX5A0bSew0jXmMfZCU=
    dependencies:
      assert "^1.1.1"
      browserify-zlib "^0.2.0"
      buffer "^4.3.0"
      console-browserify "^1.1.0"
      constants-browserify "^1.0.0"
      crypto-browserify "^3.11.0"
      domain-browser "^1.1.1"
      events "^3.0.0"
      https-browserify "^1.0.0"
      os-browserify "^0.3.0"
      path-browserify "0.0.1"
      process "^0.11.10"
      punycode "^1.2.4"
      querystring-es3 "^0.2.0"
      readable-stream "^2.3.3"
      stream-browserify "^2.0.1"
      stream-http "^2.7.2"
      string_decoder "^1.0.0"
      timers-browserify "^2.0.4"
      tty-browserify "0.0.0"
      url "^0.11.0"
      util "^0.11.0"
      vm-browserify "^1.0.1"
  
  node-modules-regexp@^1.0.0:
    version "1.0.0"
    resolved "https://registry.npm.taobao.org/node-modules-regexp/download/node-modules-regexp-1.0.0.tgz#8d9dbe28964a4ac5712e9131642107c71e90ec40"
    integrity sha1-jZ2+KJZKSsVxLpExZCEHxx6Q7EA=
  
  node-notifier@^8.0.0:
    version "8.0.0"
    resolved "https://registry.npm.taobao.org/node-notifier/download/node-notifier-8.0.0.tgz?cache=0&sync_timestamp=1597311356373&other_urls=https%3A%2F%2Fregistry.npm.taobao.org%2Fnode-notifier%2Fdownload%2Fnode-notifier-8.0.0.tgz#a7eee2d51da6d0f7ff5094bc7108c911240c1620"
    integrity sha1-p+7i1R2m0Pf/UJS8cQjJESQMFiA=
    dependencies:
      growly "^1.3.0"
      is-wsl "^2.2.0"
      semver "^7.3.2"
      shellwords "^0.1.1"
      uuid "^8.3.0"
      which "^2.0.2"
  
  node-plop@~0.26.2:
    version "0.26.2"
    resolved "https://registry.npm.taobao.org/node-plop/download/node-plop-0.26.2.tgz#c2523596dab4e28360e615b768b11b4d60d5b1b9"
    integrity sha1-wlI1ltq04oNg5hW3aLEbTWDVsbk=
    dependencies:
      "@babel/runtime-corejs3" "^7.9.2"
      "@types/inquirer" "^6.5.0"
      change-case "^3.1.0"
      del "^5.1.0"
      globby "^10.0.1"
      handlebars "^4.4.3"
      inquirer "^7.1.0"
      isbinaryfile "^4.0.2"
      lodash.get "^4.4.2"
      mkdirp "^0.5.1"
      resolve "^1.12.0"
  
  node-releases@^1.1.61:
    version "1.1.61"
    resolved "https://registry.npm.taobao.org/node-releases/download/node-releases-1.1.61.tgz?cache=0&sync_timestamp=1599612988498&other_urls=https%3A%2F%2Fregistry.npm.taobao.org%2Fnode-releases%2Fdownload%2Fnode-releases-1.1.61.tgz#707b0fca9ce4e11783612ba4a2fcba09047af16e"
    integrity sha1-cHsPypzk4ReDYSukovy6CQR68W4=
  
  normalize-package-data@^2.3.2, normalize-package-data@^2.5.0:
    version "2.5.0"
    resolved "https://registry.npm.taobao.org/normalize-package-data/download/normalize-package-data-2.5.0.tgz#e66db1838b200c1dfc233225d12cb36520e234a8"
    integrity sha1-5m2xg4sgDB38IzIl0SyzZSDiNKg=
    dependencies:
      hosted-git-info "^2.1.4"
      resolve "^1.10.0"
      semver "2 || 3 || 4 || 5"
      validate-npm-package-license "^3.0.1"
  
  normalize-path@^2.1.1:
    version "2.1.1"
    resolved "https://registry.npm.taobao.org/normalize-path/download/normalize-path-2.1.1.tgz#1ab28b556e198363a8c1a6f7e6fa20137fe6aed9"
    integrity sha1-GrKLVW4Zg2Oowab35vogE3/mrtk=
    dependencies:
      remove-trailing-separator "^1.0.1"
  
  normalize-path@^3.0.0, normalize-path@~3.0.0:
    version "3.0.0"
    resolved "https://registry.npm.taobao.org/normalize-path/download/normalize-path-3.0.0.tgz#0dcd69ff23a1c9b11fd0978316644a0388216a65"
    integrity sha1-Dc1p/yOhybEf0JeDFmRKA4ghamU=
  
  normalize-url@2.0.1:
    version "2.0.1"
    resolved "https://registry.npm.taobao.org/normalize-url/download/normalize-url-2.0.1.tgz?cache=0&sync_timestamp=1596373093290&other_urls=https%3A%2F%2Fregistry.npm.taobao.org%2Fnormalize-url%2Fdownload%2Fnormalize-url-2.0.1.tgz#835a9da1551fa26f70e92329069a23aa6574d7e6"
    integrity sha1-g1qdoVUfom9w6SMpBpojqmV01+Y=
    dependencies:
      prepend-http "^2.0.0"
      query-string "^5.0.1"
      sort-keys "^2.0.0"
  
  normalize-url@^4.1.0:
    version "4.5.0"
    resolved "https://registry.npm.taobao.org/normalize-url/download/normalize-url-4.5.0.tgz#453354087e6ca96957bd8f5baf753f5982142129"
    integrity sha1-RTNUCH5sqWlXvY9br3U/WYIUISk=
  
  npm-conf@^1.1.0, npm-conf@^1.1.3:
    version "1.1.3"
    resolved "https://registry.npm.taobao.org/npm-conf/download/npm-conf-1.1.3.tgz#256cc47bd0e218c259c4e9550bf413bc2192aff9"
    integrity sha1-JWzEe9DiGMJZxOlVC/QTvCGSr/k=
    dependencies:
      config-chain "^1.1.11"
      pify "^3.0.0"
  
  npm-run-path@^2.0.0:
    version "2.0.2"
    resolved "https://registry.npm.taobao.org/npm-run-path/download/npm-run-path-2.0.2.tgz#35a9232dfa35d7067b4cb2ddf2357b1871536c5f"
    integrity sha1-NakjLfo11wZ7TLLd8jV7GHFTbF8=
    dependencies:
      path-key "^2.0.0"
  
  npm-run-path@^4.0.0:
    version "4.0.1"
    resolved "https://registry.npm.taobao.org/npm-run-path/download/npm-run-path-4.0.1.tgz#b7ecd1e5ed53da8e37a55e1c2269e0b97ed748ea"
    integrity sha1-t+zR5e1T2o43pV4cImnguX7XSOo=
    dependencies:
      path-key "^3.0.0"
  
  nprogress@0.2.0:
    version "0.2.0"
    resolved "https://registry.npm.taobao.org/nprogress/download/nprogress-0.2.0.tgz#cb8f34c53213d895723fcbab907e9422adbcafb1"
    integrity sha1-y480xTIT2JVyP8urkH6UIq28r7E=
  
  nth-check@~1.0.1:
    version "1.0.2"
    resolved "https://registry.npm.taobao.org/nth-check/download/nth-check-1.0.2.tgz#b2bd295c37e3dd58a3bf0700376663ba4d9cf05c"
    integrity sha1-sr0pXDfj3VijvwcAN2Zjuk2c8Fw=
    dependencies:
      boolbase "~1.0.0"
  
  nwsapi@^2.2.0:
    version "2.2.0"
    resolved "https://registry.npm.taobao.org/nwsapi/download/nwsapi-2.2.0.tgz#204879a9e3d068ff2a55139c2c772780681a38b7"
    integrity sha1-IEh5qePQaP8qVROcLHcngGgaOLc=
  
  oauth-sign@~0.9.0:
    version "0.9.0"
    resolved "https://registry.npm.taobao.org/oauth-sign/download/oauth-sign-0.9.0.tgz#47a7b016baa68b5fa0ecf3dee08a85c679ac6455"
    integrity sha1-R6ewFrqmi1+g7PPe4IqFxnmsZFU=
  
  object-assign@^4.0.1, object-assign@^4.1.0, object-assign@^4.1.1:
    version "4.1.1"
    resolved "https://registry.npm.taobao.org/object-assign/download/object-assign-4.1.1.tgz#2109adc7965887cfc05cbbd442cac8bfbb360863"
    integrity sha1-IQmtx5ZYh8/AXLvUQsrIv7s2CGM=
  
  object-copy@^0.1.0:
    version "0.1.0"
    resolved "https://registry.npm.taobao.org/object-copy/download/object-copy-0.1.0.tgz#7e7d858b781bd7c991a41ba975ed3812754e998c"
    integrity sha1-fn2Fi3gb18mRpBupde04EnVOmYw=
    dependencies:
      copy-descriptor "^0.1.0"
      define-property "^0.2.5"
      kind-of "^3.0.3"
  
  object-hash@^2.0.3:
    version "2.0.3"
    resolved "https://registry.npm.taobao.org/object-hash/download/object-hash-2.0.3.tgz#d12db044e03cd2ca3d77c0570d87225b02e1e6ea"
    integrity sha1-0S2wROA80so9d8BXDYciWwLh5uo=
  
  object-inspect@^1.7.0, object-inspect@^1.8.0:
    version "1.8.0"
    resolved "https://registry.npm.taobao.org/object-inspect/download/object-inspect-1.8.0.tgz#df807e5ecf53a609cc6bfe93eac3cc7be5b3a9d0"
    integrity sha1-34B+Xs9TpgnMa/6T6sPMe+WzqdA=
  
  object-keys@^1.0.12, object-keys@^1.1.1:
    version "1.1.1"
    resolved "https://registry.npm.taobao.org/object-keys/download/object-keys-1.1.1.tgz#1c47f272df277f3b1daf061677d9c82e2322c60e"
    integrity sha1-HEfyct8nfzsdrwYWd9nILiMixg4=
  
  object-visit@^1.0.0:
    version "1.0.1"
    resolved "https://registry.npm.taobao.org/object-visit/download/object-visit-1.0.1.tgz#f79c4493af0c5377b59fe39d395e41042dd045bb"
    integrity sha1-95xEk68MU3e1n+OdOV5BBC3QRbs=
    dependencies:
      isobject "^3.0.0"
  
  object.assign@^4.1.0:
    version "4.1.1"
    resolved "https://registry.npm.taobao.org/object.assign/download/object.assign-4.1.1.tgz?cache=0&sync_timestamp=1599844854484&other_urls=https%3A%2F%2Fregistry.npm.taobao.org%2Fobject.assign%2Fdownload%2Fobject.assign-4.1.1.tgz#303867a666cdd41936ecdedfb1f8f3e32a478cdd"
    integrity sha1-MDhnpmbN1Bk27N7fsfjz4ypHjN0=
    dependencies:
      define-properties "^1.1.3"
      es-abstract "^1.18.0-next.0"
      has-symbols "^1.0.1"
      object-keys "^1.1.1"
  
  object.defaults@^1.1.0:
    version "1.1.0"
    resolved "https://registry.npm.taobao.org/object.defaults/download/object.defaults-1.1.0.tgz#3a7f868334b407dea06da16d88d5cd29e435fecf"
    integrity sha1-On+GgzS0B96gbaFtiNXNKeQ1/s8=
    dependencies:
      array-each "^1.0.1"
      array-slice "^1.0.0"
      for-own "^1.0.0"
      isobject "^3.0.0"
  
  object.entries@^1.1.2:
    version "1.1.2"
    resolved "https://registry.npm.taobao.org/object.entries/download/object.entries-1.1.2.tgz?cache=0&sync_timestamp=1592843205002&other_urls=https%3A%2F%2Fregistry.npm.taobao.org%2Fobject.entries%2Fdownload%2Fobject.entries-1.1.2.tgz#bc73f00acb6b6bb16c203434b10f9a7e797d3add"
    integrity sha1-vHPwCstra7FsIDQ0sQ+afnl9Ot0=
    dependencies:
      define-properties "^1.1.3"
      es-abstract "^1.17.5"
      has "^1.0.3"
  
  object.fromentries@^2.0.2:
    version "2.0.2"
    resolved "https://registry.npm.taobao.org/object.fromentries/download/object.fromentries-2.0.2.tgz#4a09c9b9bb3843dd0f89acdb517a794d4f355ac9"
    integrity sha1-SgnJubs4Q90PiazbUXp5TU81Wsk=
    dependencies:
      define-properties "^1.1.3"
      es-abstract "^1.17.0-next.1"
      function-bind "^1.1.1"
      has "^1.0.3"
  
  object.getownpropertydescriptors@^2.0.3:
    version "2.1.0"
    resolved "https://registry.npm.taobao.org/object.getownpropertydescriptors/download/object.getownpropertydescriptors-2.1.0.tgz#369bf1f9592d8ab89d712dced5cb81c7c5352649"
    integrity sha1-Npvx+VktiridcS3O1cuBx8U1Jkk=
    dependencies:
      define-properties "^1.1.3"
      es-abstract "^1.17.0-next.1"
  
  object.map@^1.0.0:
    version "1.0.1"
    resolved "https://registry.npm.taobao.org/object.map/download/object.map-1.0.1.tgz#cf83e59dc8fcc0ad5f4250e1f78b3b81bd801d37"
    integrity sha1-z4Plncj8wK1fQlDh94s7gb2AHTc=
    dependencies:
      for-own "^1.0.0"
      make-iterator "^1.0.0"
  
  object.pick@^1.2.0, object.pick@^1.3.0:
    version "1.3.0"
    resolved "https://registry.npm.taobao.org/object.pick/download/object.pick-1.3.0.tgz#87a10ac4c1694bd2e1cbf53591a66141fb5dd747"
    integrity sha1-h6EKxMFpS9Lhy/U1kaZhQftd10c=
    dependencies:
      isobject "^3.0.1"
  
  object.values@^1.1.1:
    version "1.1.1"
    resolved "https://registry.npm.taobao.org/object.values/download/object.values-1.1.1.tgz#68a99ecde356b7e9295a3c5e0ce31dc8c953de5e"
    integrity sha1-aKmezeNWt+kpWjxeDOMdyMlT3l4=
    dependencies:
      define-properties "^1.1.3"
      es-abstract "^1.17.0-next.1"
      function-bind "^1.1.1"
      has "^1.0.3"
  
  offline-plugin@5.0.7:
    version "5.0.7"
    resolved "https://registry.npm.taobao.org/offline-plugin/download/offline-plugin-5.0.7.tgz#26936ad1a7699f4d67e0a095a258972a4ccf1788"
    integrity sha1-JpNq0adpn01n4KCVoliXKkzPF4g=
    dependencies:
      deep-extend "^0.5.1"
      ejs "^2.3.4"
      loader-utils "0.2.x"
      minimatch "^3.0.3"
      slash "^1.0.0"
  
  omggif@^1.0.9:
    version "1.0.10"
    resolved "https://registry.npm.taobao.org/omggif/download/omggif-1.0.10.tgz#ddaaf90d4a42f532e9e7cb3a95ecdd47f17c7b19"
    integrity sha1-3ar5DUpC9TLp58s6lezdR/F8exk=
  
  omit.js@^2.0.0, omit.js@^2.0.2:
    version "2.0.2"
    resolved "https://registry.npm.taobao.org/omit.js/download/omit.js-2.0.2.tgz#dd9b8436fab947a5f3ff214cb2538631e313ec2f"
    integrity sha1-3ZuENvq5R6Xz/yFMslOGMeMT7C8=
  
  on-finished@~2.3.0:
    version "2.3.0"
    resolved "https://registry.npm.taobao.org/on-finished/download/on-finished-2.3.0.tgz#20f1336481b083cd75337992a16971aa2d906947"
    integrity sha1-IPEzZIGwg811M3mSoWlxqi2QaUc=
    dependencies:
      ee-first "1.1.1"
  
  on-headers@~1.0.2:
    version "1.0.2"
    resolved "https://registry.npm.taobao.org/on-headers/download/on-headers-1.0.2.tgz#772b0ae6aaa525c399e489adfad90c403eb3c28f"
    integrity sha1-dysK5qqlJcOZ5Imt+tkMQD6zwo8=
  
  once@^1.3.0, once@^1.3.1, once@^1.4.0:
    version "1.4.0"
    resolved "https://registry.npm.taobao.org/once/download/once-1.4.0.tgz#583b1aa775961d4b113ac17d9c50baef9dd76bd1"
    integrity sha1-WDsap3WWHUsROsF9nFC6753Xa9E=
    dependencies:
      wrappy "1"
  
  onetime@^2.0.0:
    version "2.0.1"
    resolved "https://registry.npm.taobao.org/onetime/download/onetime-2.0.1.tgz?cache=0&sync_timestamp=1597003951681&other_urls=https%3A%2F%2Fregistry.npm.taobao.org%2Fonetime%2Fdownload%2Fonetime-2.0.1.tgz#067428230fd67443b2794b22bba528b6867962d4"
    integrity sha1-BnQoIw/WdEOyeUsiu6UotoZ5YtQ=
    dependencies:
      mimic-fn "^1.0.0"
  
  onetime@^5.1.0:
    version "5.1.2"
    resolved "https://registry.npm.taobao.org/onetime/download/onetime-5.1.2.tgz?cache=0&sync_timestamp=1597003951681&other_urls=https%3A%2F%2Fregistry.npm.taobao.org%2Fonetime%2Fdownload%2Fonetime-5.1.2.tgz#d0e96ebb56b07476df1dd9c4806e5237985ca45e"
    integrity sha1-0Oluu1awdHbfHdnEgG5SN5hcpF4=
    dependencies:
      mimic-fn "^2.1.0"
  
  optionator@^0.8.1:
    version "0.8.3"
    resolved "https://registry.npm.taobao.org/optionator/download/optionator-0.8.3.tgz#84fa1d036fe9d3c7e21d99884b601167ec8fb495"
    integrity sha1-hPodA2/p08fiHZmIS2ARZ+yPtJU=
    dependencies:
      deep-is "~0.1.3"
      fast-levenshtein "~2.0.6"
      levn "~0.3.0"
      prelude-ls "~1.1.2"
      type-check "~0.3.2"
      word-wrap "~1.2.3"
  
  optionator@^0.9.1:
    version "0.9.1"
    resolved "https://registry.npm.taobao.org/optionator/download/optionator-0.9.1.tgz#4f236a6373dae0566a6d43e1326674f50c291499"
    integrity sha1-TyNqY3Pa4FZqbUPhMmZ09QwpFJk=
    dependencies:
      deep-is "^0.1.3"
      fast-levenshtein "^2.0.6"
      levn "^0.4.1"
      prelude-ls "^1.2.1"
      type-check "^0.4.0"
      word-wrap "^1.2.3"
  
  ora@^3.4.0:
    version "3.4.0"
    resolved "https://registry.npm.taobao.org/ora/download/ora-3.4.0.tgz#bf0752491059a3ef3ed4c85097531de9fdbcd318"
    integrity sha1-vwdSSRBZo+8+1MhQl1Md6f280xg=
    dependencies:
      chalk "^2.4.2"
      cli-cursor "^2.1.0"
      cli-spinners "^2.0.0"
      log-symbols "^2.2.0"
      strip-ansi "^5.2.0"
      wcwidth "^1.0.1"
  
  os-browserify@^0.3.0:
    version "0.3.0"
    resolved "https://registry.npm.taobao.org/os-browserify/download/os-browserify-0.3.0.tgz#854373c7f5c2315914fc9bfc6bd8238fdda1ec27"
    integrity sha1-hUNzx/XCMVkU/Jv8a9gjj92h7Cc=
  
  os-filter-obj@^2.0.0:
    version "2.0.0"
    resolved "https://registry.npm.taobao.org/os-filter-obj/download/os-filter-obj-2.0.0.tgz#1c0b62d5f3a2442749a2d139e6dddee6e81d8d16"
    integrity sha1-HAti1fOiRCdJotE55t3e5ugdjRY=
    dependencies:
      arch "^2.1.0"
  
  os-shim@^0.1.2:
    version "0.1.3"
    resolved "https://registry.npm.taobao.org/os-shim/download/os-shim-0.1.3.tgz#6b62c3791cf7909ea35ed46e17658bb417cb3917"
    integrity sha1-a2LDeRz3kJ6jXtRuF2WLtBfLORc=
  
  os-tmpdir@~1.0.2:
    version "1.0.2"
    resolved "https://registry.npm.taobao.org/os-tmpdir/download/os-tmpdir-1.0.2.tgz#bbe67406c79aa85c5cfec766fe5734555dfa1274"
    integrity sha1-u+Z0BseaqFxc/sdm/lc0VV36EnQ=
  
  p-cancelable@^0.4.0:
    version "0.4.1"
    resolved "https://registry.npm.taobao.org/p-cancelable/download/p-cancelable-0.4.1.tgz#35f363d67d52081c8d9585e37bcceb7e0bbcb2a0"
    integrity sha1-NfNj1n1SCByNlYXje8zrfgu8sqA=
  
  p-cancelable@^1.0.0:
    version "1.1.0"
    resolved "https://registry.npm.taobao.org/p-cancelable/download/p-cancelable-1.1.0.tgz#d078d15a3af409220c886f1d9a0ca2e441ab26cc"
    integrity sha1-0HjRWjr0CSIMiG8dmgyi5EGrJsw=
  
  p-each-series@^1.0.0:
    version "1.0.0"
    resolved "https://registry.npm.taobao.org/p-each-series/download/p-each-series-1.0.0.tgz#930f3d12dd1f50e7434457a22cd6f04ac6ad7f71"
    integrity sha1-kw89Et0fUOdDRFeiLNbwSsatf3E=
    dependencies:
      p-reduce "^1.0.0"
  
  p-each-series@^2.1.0:
    version "2.1.0"
    resolved "https://registry.npm.taobao.org/p-each-series/download/p-each-series-2.1.0.tgz#961c8dd3f195ea96c747e636b262b800a6b1af48"
    integrity sha1-lhyN0/GV6pbHR+Y2smK4AKaxr0g=
  
  p-event@^2.1.0:
    version "2.3.1"
    resolved "https://registry.npm.taobao.org/p-event/download/p-event-2.3.1.tgz#596279ef169ab2c3e0cae88c1cfbb08079993ef6"
    integrity sha1-WWJ57xaassPgyuiMHPuwgHmZPvY=
    dependencies:
      p-timeout "^2.0.1"
  
  p-finally@^1.0.0:
    version "1.0.0"
    resolved "https://registry.npm.taobao.org/p-finally/download/p-finally-1.0.0.tgz#3fbcfb15b899a44123b34b6dcc18b724336a2cae"
    integrity sha1-P7z7FbiZpEEjs0ttzBi3JDNqLK4=
  
  p-is-promise@^1.1.0:
    version "1.1.0"
    resolved "https://registry.npm.taobao.org/p-is-promise/download/p-is-promise-1.1.0.tgz#9c9456989e9f6588017b0434d56097675c3da05e"
    integrity sha1-nJRWmJ6fZYgBewQ01WCXZ1w9oF4=
  
  p-limit@^1.1.0:
    version "1.3.0"
    resolved "https://registry.npm.taobao.org/p-limit/download/p-limit-1.3.0.tgz?cache=0&sync_timestamp=1594559668746&other_urls=https%3A%2F%2Fregistry.npm.taobao.org%2Fp-limit%2Fdownload%2Fp-limit-1.3.0.tgz#b86bd5f0c25690911c7590fcbfc2010d54b3ccb8"
    integrity sha1-uGvV8MJWkJEcdZD8v8IBDVSzzLg=
    dependencies:
      p-try "^1.0.0"
  
  p-limit@^2.0.0, p-limit@^2.2.0:
    version "2.3.0"
    resolved "https://registry.npm.taobao.org/p-limit/download/p-limit-2.3.0.tgz?cache=0&sync_timestamp=1594559668746&other_urls=https%3A%2F%2Fregistry.npm.taobao.org%2Fp-limit%2Fdownload%2Fp-limit-2.3.0.tgz#3dd33c647a214fdfffd835933eb086da0dc21db1"
    integrity sha1-PdM8ZHohT9//2DWTPrCG2g3CHbE=
    dependencies:
      p-try "^2.0.0"
  
  p-limit@^3.0.2:
    version "3.0.2"
    resolved "https://registry.npm.taobao.org/p-limit/download/p-limit-3.0.2.tgz?cache=0&sync_timestamp=1594559668746&other_urls=https%3A%2F%2Fregistry.npm.taobao.org%2Fp-limit%2Fdownload%2Fp-limit-3.0.2.tgz#1664e010af3cadc681baafd3e2a437be7b0fb5fe"
    integrity sha1-FmTgEK88rcaBuq/T4qQ3vnsPtf4=
    dependencies:
      p-try "^2.0.0"
  
  p-locate@^2.0.0:
    version "2.0.0"
    resolved "https://registry.npm.taobao.org/p-locate/download/p-locate-2.0.0.tgz#20a0103b222a70c8fd39cc2e580680f3dde5ec43"
    integrity sha1-IKAQOyIqcMj9OcwuWAaA893l7EM=
    dependencies:
      p-limit "^1.1.0"
  
  p-locate@^3.0.0:
    version "3.0.0"
    resolved "https://registry.npm.taobao.org/p-locate/download/p-locate-3.0.0.tgz#322d69a05c0264b25997d9f40cd8a891ab0064a4"
    integrity sha1-Mi1poFwCZLJZl9n0DNiokasAZKQ=
    dependencies:
      p-limit "^2.0.0"
  
  p-locate@^4.1.0:
    version "4.1.0"
    resolved "https://registry.npm.taobao.org/p-locate/download/p-locate-4.1.0.tgz#a3428bb7088b3a60292f66919278b7c297ad4f07"
    integrity sha1-o0KLtwiLOmApL2aRkni3wpetTwc=
    dependencies:
      p-limit "^2.2.0"
  
  p-map@^3.0.0:
    version "3.0.0"
    resolved "https://registry.npm.taobao.org/p-map/download/p-map-3.0.0.tgz#d704d9af8a2ba684e2600d9a215983d4141a979d"
    integrity sha1-1wTZr4orpoTiYA2aIVmD1BQal50=
    dependencies:
      aggregate-error "^3.0.0"
  
  p-map@^4.0.0:
    version "4.0.0"
    resolved "https://registry.npm.taobao.org/p-map/download/p-map-4.0.0.tgz#bb2f95a5eda2ec168ec9274e06a747c3e2904d2b"
    integrity sha1-uy+Vpe2i7BaOySdOBqdHw+KQTSs=
    dependencies:
      aggregate-error "^3.0.0"
  
  p-reduce@^1.0.0:
    version "1.0.0"
    resolved "https://registry.npm.taobao.org/p-reduce/download/p-reduce-1.0.0.tgz#18c2b0dd936a4690a529f8231f58a0fdb6a47dfa"
    integrity sha1-GMKw3ZNqRpClKfgjH1ig/bakffo=
  
  p-timeout@^2.0.1:
    version "2.0.1"
    resolved "https://registry.npm.taobao.org/p-timeout/download/p-timeout-2.0.1.tgz#d8dd1979595d2dc0139e1fe46b8b646cb3cdf038"
    integrity sha1-2N0ZeVldLcATnh/ka4tkbLPN8Dg=
    dependencies:
      p-finally "^1.0.0"
  
  p-try@^1.0.0:
    version "1.0.0"
    resolved "https://registry.npm.taobao.org/p-try/download/p-try-1.0.0.tgz#cbc79cdbaf8fd4228e13f621f2b1a237c1b207b3"
    integrity sha1-y8ec26+P1CKOE/Yh8rGiN8GyB7M=
  
  p-try@^2.0.0:
    version "2.2.0"
    resolved "https://registry.npm.taobao.org/p-try/download/p-try-2.2.0.tgz#cb2868540e313d61de58fafbe35ce9004d5540e6"
    integrity sha1-yyhoVA4xPWHeWPr741zpAE1VQOY=
  
  package-json@^6.3.0:
    version "6.5.0"
    resolved "https://registry.npm.taobao.org/package-json/download/package-json-6.5.0.tgz#6feedaca35e75725876d0b0e64974697fed145b0"
    integrity sha1-b+7ayjXnVyWHbQsOZJdGl/7RRbA=
    dependencies:
      got "^9.6.0"
      registry-auth-token "^4.0.0"
      registry-url "^5.0.0"
      semver "^6.2.0"
  
  pako@^1.0.5, pako@~1.0.5:
    version "1.0.11"
    resolved "https://registry.npm.taobao.org/pako/download/pako-1.0.11.tgz#6c9599d340d54dfd3946380252a35705a6b992bf"
    integrity sha1-bJWZ00DVTf05RjgCUqNXBaa5kr8=
  
  parallel-transform@^1.1.0:
    version "1.2.0"
    resolved "https://registry.npm.taobao.org/parallel-transform/download/parallel-transform-1.2.0.tgz#9049ca37d6cb2182c3b1d2c720be94d14a5814fc"
    integrity sha1-kEnKN9bLIYLDsdLHIL6U0UpYFPw=
    dependencies:
      cyclist "^1.0.1"
      inherits "^2.0.3"
      readable-stream "^2.1.5"
  
  param-case@^2.1.0:
    version "2.1.1"
    resolved "https://registry.npm.taobao.org/param-case/download/param-case-2.1.1.tgz#df94fd8cf6531ecf75e6bef9a0858fbc72be2247"
    integrity sha1-35T9jPZTHs915r75oIWPvHK+Ikc=
    dependencies:
      no-case "^2.2.0"
  
  param-case@^3.0.3:
    version "3.0.3"
    resolved "https://registry.npm.taobao.org/param-case/download/param-case-3.0.3.tgz#4be41f8399eff621c56eebb829a5e451d9801238"
    integrity sha1-S+Qfg5nv9iHFbuu4KaXkUdmAEjg=
    dependencies:
      dot-case "^3.0.3"
      tslib "^1.10.0"
  
  parent-module@^1.0.0:
    version "1.0.1"
    resolved "https://registry.npm.taobao.org/parent-module/download/parent-module-1.0.1.tgz#691d2709e78c79fae3a156622452d00762caaaa2"
    integrity sha1-aR0nCeeMefrjoVZiJFLQB2LKqqI=
    dependencies:
      callsites "^3.0.0"
  
  parse-asn1@^5.0.0, parse-asn1@^5.1.5:
    version "5.1.6"
    resolved "https://registry.npm.taobao.org/parse-asn1/download/parse-asn1-5.1.6.tgz?cache=0&sync_timestamp=1597165710136&other_urls=https%3A%2F%2Fregistry.npm.taobao.org%2Fparse-asn1%2Fdownload%2Fparse-asn1-5.1.6.tgz#385080a3ec13cb62a62d39409cb3e88844cdaed4"
    integrity sha1-OFCAo+wTy2KmLTlAnLPoiETNrtQ=
    dependencies:
      asn1.js "^5.2.0"
      browserify-aes "^1.0.0"
      evp_bytestokey "^1.0.0"
      pbkdf2 "^3.0.3"
      safe-buffer "^5.1.1"
  
  parse-bmfont-ascii@^1.0.3:
    version "1.0.6"
    resolved "https://registry.npm.taobao.org/parse-bmfont-ascii/download/parse-bmfont-ascii-1.0.6.tgz#11ac3c3ff58f7c2020ab22769079108d4dfa0285"
    integrity sha1-Eaw8P/WPfCAgqyJ2kHkQjU36AoU=
  
  parse-bmfont-binary@^1.0.5:
    version "1.0.6"
    resolved "https://registry.npm.taobao.org/parse-bmfont-binary/download/parse-bmfont-binary-1.0.6.tgz#d038b476d3e9dd9db1e11a0b0e53a22792b69006"
    integrity sha1-0Di0dtPp3Z2x4RoLDlOiJ5K2kAY=
  
  parse-bmfont-xml@^1.1.4:
    version "1.1.4"
    resolved "https://registry.npm.taobao.org/parse-bmfont-xml/download/parse-bmfont-xml-1.1.4.tgz#015319797e3e12f9e739c4d513872cd2fa35f389"
    integrity sha1-AVMZeX4+EvnnOcTVE4cs0vo184k=
    dependencies:
      xml-parse-from-string "^1.0.0"
      xml2js "^0.4.5"
  
  parse-filepath@^1.0.1:
    version "1.0.2"
    resolved "https://registry.npm.taobao.org/parse-filepath/download/parse-filepath-1.0.2.tgz#a632127f53aaf3d15876f5872f3ffac763d6c891"
    integrity sha1-pjISf1Oq89FYdvWHLz/6x2PWyJE=
    dependencies:
      is-absolute "^1.0.0"
      map-cache "^0.2.0"
      path-root "^0.1.1"
  
  parse-headers@^2.0.0:
    version "2.0.3"
    resolved "https://registry.npm.taobao.org/parse-headers/download/parse-headers-2.0.3.tgz#5e8e7512383d140ba02f0c7aa9f49b4399c92515"
    integrity sha1-Xo51Ejg9FAugLwx6qfSbQ5nJJRU=
  
  parse-json@^2.2.0:
    version "2.2.0"
    resolved "https://registry.npm.taobao.org/parse-json/download/parse-json-2.2.0.tgz?cache=0&sync_timestamp=1598129684464&other_urls=https%3A%2F%2Fregistry.npm.taobao.org%2Fparse-json%2Fdownload%2Fparse-json-2.2.0.tgz#f480f40434ef80741f8469099f8dea18f55a4dc9"
    integrity sha1-9ID0BDTvgHQfhGkJn43qGPVaTck=
    dependencies:
      error-ex "^1.2.0"
  
  parse-json@^5.0.0:
    version "5.1.0"
    resolved "https://registry.npm.taobao.org/parse-json/download/parse-json-5.1.0.tgz?cache=0&sync_timestamp=1598129684464&other_urls=https%3A%2F%2Fregistry.npm.taobao.org%2Fparse-json%2Fdownload%2Fparse-json-5.1.0.tgz#f96088cdf24a8faa9aea9a009f2d9d942c999646"
    integrity sha1-+WCIzfJKj6qa6poAny2dlCyZlkY=
    dependencies:
      "@babel/code-frame" "^7.0.0"
      error-ex "^1.3.1"
      json-parse-even-better-errors "^2.3.0"
      lines-and-columns "^1.1.6"
  
  parse-passwd@^1.0.0:
    version "1.0.0"
    resolved "https://registry.npm.taobao.org/parse-passwd/download/parse-passwd-1.0.0.tgz#6d5b934a456993b23d37f40a382d6f1666a8e5c6"
    integrity sha1-bVuTSkVpk7I9N/QKOC1vFmao5cY=
  
  parse-svg-path@~0.1.1:
    version "0.1.2"
    resolved "https://registry.npm.taobao.org/parse-svg-path/download/parse-svg-path-0.1.2.tgz#7a7ec0d1eb06fa5325c7d3e009b859a09b5d49eb"
    integrity sha1-en7A0esG+lMlx9PgCbhZoJtdSes=
  
  parse5@5.1.1:
    version "5.1.1"
    resolved "https://registry.npm.taobao.org/parse5/download/parse5-5.1.1.tgz?cache=0&sync_timestamp=1595850971402&other_urls=https%3A%2F%2Fregistry.npm.taobao.org%2Fparse5%2Fdownload%2Fparse5-5.1.1.tgz#f68e4e5ba1852ac2cadc00f4555fff6c2abb6178"
    integrity sha1-9o5OW6GFKsLK3AD0VV//bCq7YXg=
  
  parseurl@~1.3.3:
    version "1.3.3"
    resolved "https://registry.npm.taobao.org/parseurl/download/parseurl-1.3.3.tgz#9da19e7bee8d12dff0513ed5b76957793bc2e8d4"
    integrity sha1-naGee+6NEt/wUT7Vt2lXeTvC6NQ=
  
  pascal-case@^2.0.0:
    version "2.0.1"
    resolved "https://registry.npm.taobao.org/pascal-case/download/pascal-case-2.0.1.tgz#2d578d3455f660da65eca18ef95b4e0de912761e"
    integrity sha1-LVeNNFX2YNpl7KGO+VtODekSdh4=
    dependencies:
      camel-case "^3.0.0"
      upper-case-first "^1.1.0"
  
  pascal-case@^3.1.1:
    version "3.1.1"
    resolved "https://registry.npm.taobao.org/pascal-case/download/pascal-case-3.1.1.tgz#5ac1975133ed619281e88920973d2cd1f279de5f"
    integrity sha1-WsGXUTPtYZKB6Ikglz0s0fJ53l8=
    dependencies:
      no-case "^3.0.3"
      tslib "^1.10.0"
  
  pascalcase@^0.1.1:
    version "0.1.1"
    resolved "https://registry.npm.taobao.org/pascalcase/download/pascalcase-0.1.1.tgz#b363e55e8006ca6fe21784d2db22bd15d7917f14"
    integrity sha1-s2PlXoAGym/iF4TS2yK9FdeRfxQ=
  
  path-browserify@0.0.1:
    version "0.0.1"
    resolved "https://registry.npm.taobao.org/path-browserify/download/path-browserify-0.0.1.tgz#e6c4ddd7ed3aa27c68a20cc4e50e1a4ee83bbc4a"
    integrity sha1-5sTd1+06onxoogzE5Q4aTug7vEo=
  
  path-case@^2.1.0:
    version "2.1.1"
    resolved "https://registry.npm.taobao.org/path-case/download/path-case-2.1.1.tgz#94b8037c372d3fe2906e465bb45e25d226e8eea5"
    integrity sha1-lLgDfDctP+KQbkZbtF4l0ibo7qU=
    dependencies:
      no-case "^2.2.0"
  
  path-dirname@^1.0.0:
    version "1.0.2"
    resolved "https://registry.npm.taobao.org/path-dirname/download/path-dirname-1.0.2.tgz#cc33d24d525e099a5388c0336c6e32b9160609e0"
    integrity sha1-zDPSTVJeCZpTiMAzbG4yuRYGCeA=
  
  path-exists@^3.0.0:
    version "3.0.0"
    resolved "https://registry.npm.taobao.org/path-exists/download/path-exists-3.0.0.tgz#ce0ebeaa5f78cb18925ea7d810d7b59b010fd515"
    integrity sha1-zg6+ql94yxiSXqfYENe1mwEP1RU=
  
  path-exists@^4.0.0:
    version "4.0.0"
    resolved "https://registry.npm.taobao.org/path-exists/download/path-exists-4.0.0.tgz#513bdbe2d3b95d7762e8c1137efa195c6c61b5b3"
    integrity sha1-UTvb4tO5XXdi6METfvoZXGxhtbM=
  
  path-is-absolute@^1.0.0:
    version "1.0.1"
    resolved "https://registry.npm.taobao.org/path-is-absolute/download/path-is-absolute-1.0.1.tgz#174b9268735534ffbc7ace6bf53a5a9e1b5c5f5f"
    integrity sha1-F0uSaHNVNP+8es5r9TpanhtcX18=
  
  path-key@^2.0.0, path-key@^2.0.1:
    version "2.0.1"
    resolved "https://registry.npm.taobao.org/path-key/download/path-key-2.0.1.tgz#411cadb574c5a140d3a4b1910d40d80cc9f40b40"
    integrity sha1-QRyttXTFoUDTpLGRDUDYDMn0C0A=
  
  path-key@^3.0.0, path-key@^3.1.0:
    version "3.1.1"
    resolved "https://registry.npm.taobao.org/path-key/download/path-key-3.1.1.tgz#581f6ade658cbba65a0d3380de7753295054f375"
    integrity sha1-WB9q3mWMu6ZaDTOA3ndTKVBU83U=
  
  path-parse@^1.0.6:
    version "1.0.6"
    resolved "https://registry.npm.taobao.org/path-parse/download/path-parse-1.0.6.tgz#d62dbb5679405d72c4737ec58600e9ddcf06d24c"
    integrity sha1-1i27VnlAXXLEc37FhgDp3c8G0kw=
  
  path-root-regex@^0.1.0:
    version "0.1.2"
    resolved "https://registry.npm.taobao.org/path-root-regex/download/path-root-regex-0.1.2.tgz#bfccdc8df5b12dc52c8b43ec38d18d72c04ba96d"
    integrity sha1-v8zcjfWxLcUsi0PsONGNcsBLqW0=
  
  path-root@^0.1.1:
    version "0.1.1"
    resolved "https://registry.npm.taobao.org/path-root/download/path-root-0.1.1.tgz#9a4a6814cac1c0cd73360a95f32083c8ea4745b7"
    integrity sha1-mkpoFMrBwM1zNgqV8yCDyOpHRbc=
    dependencies:
      path-root-regex "^0.1.0"
  
  path-to-regexp@0.1.7:
    version "0.1.7"
    resolved "https://registry.npm.taobao.org/path-to-regexp/download/path-to-regexp-0.1.7.tgz#df604178005f522f15eb4490e7247a1bfaa67f8c"
    integrity sha1-32BBeABfUi8V60SQ5yR6G/qmf4w=
  
  path-to-regexp@^1.7.0:
    version "1.8.0"
    resolved "https://registry.npm.taobao.org/path-to-regexp/download/path-to-regexp-1.8.0.tgz#887b3ba9d84393e87a0a0b9f4cb756198b53548a"
    integrity sha1-iHs7qdhDk+h6CgufTLdWGYtTVIo=
    dependencies:
      isarray "0.0.1"
  
  path-type@^2.0.0:
    version "2.0.0"
    resolved "https://registry.npm.taobao.org/path-type/download/path-type-2.0.0.tgz#f012ccb8415b7096fc2daa1054c3d72389594c73"
    integrity sha1-8BLMuEFbcJb8LaoQVMPXI4lZTHM=
    dependencies:
      pify "^2.0.0"
  
  path-type@^3.0.0:
    version "3.0.0"
    resolved "https://registry.npm.taobao.org/path-type/download/path-type-3.0.0.tgz#cef31dc8e0a1a3bb0d105c0cd97cf3bf47f4e36f"
    integrity sha1-zvMdyOCho7sNEFwM2Xzzv0f0428=
    dependencies:
      pify "^3.0.0"
  
  path-type@^4.0.0:
    version "4.0.0"
    resolved "https://registry.npm.taobao.org/path-type/download/path-type-4.0.0.tgz#84ed01c0a7ba380afe09d90a8c180dcd9d03043b"
    integrity sha1-hO0BwKe6OAr+CdkKjBgNzZ0DBDs=
  
  pbkdf2@^3.0.3:
    version "3.1.1"
    resolved "https://registry.npm.taobao.org/pbkdf2/download/pbkdf2-3.1.1.tgz#cb8724b0fada984596856d1a6ebafd3584654b94"
    integrity sha1-y4cksPramEWWhW0abrr9NYRlS5Q=
    dependencies:
      create-hash "^1.1.2"
      create-hmac "^1.1.4"
      ripemd160 "^2.0.1"
      safe-buffer "^5.0.1"
      sha.js "^2.4.8"
  
  pend@~1.2.0:
    version "1.2.0"
    resolved "https://registry.npm.taobao.org/pend/download/pend-1.2.0.tgz#7a57eb550a6783f9115331fcf4663d5c8e007a50"
    integrity sha1-elfrVQpng/kRUzH89GY9XI4AelA=
  
  performance-now@^2.1.0:
    version "2.1.0"
    resolved "https://registry.npm.taobao.org/performance-now/download/performance-now-2.1.0.tgz#6309f4e0e5fa913ec1c69307ae364b4b377c9e7b"
    integrity sha1-Ywn04OX6kT7BxpMHrjZLSzd8nns=
  
  phin@^2.9.1:
    version "2.9.3"
    resolved "https://registry.npm.taobao.org/phin/download/phin-2.9.3.tgz#f9b6ac10a035636fb65dfc576aaaa17b8743125c"
    integrity sha1-+basEKA1Y2+2XfxXaqqhe4dDElw=
  
  picomatch@^2.0.4, picomatch@^2.0.5, picomatch@^2.2.1:
    version "2.2.2"
    resolved "https://registry.npm.taobao.org/picomatch/download/picomatch-2.2.2.tgz#21f333e9b6b8eaff02468f5146ea406d345f4dad"
    integrity sha1-IfMz6ba46v8CRo9RRupAbTRfTa0=
  
  pify@^2.0.0, pify@^2.2.0, pify@^2.3.0:
    version "2.3.0"
    resolved "https://registry.npm.taobao.org/pify/download/pify-2.3.0.tgz#ed141a6ac043a849ea588498e7dca8b15330e90c"
    integrity sha1-7RQaasBDqEnqWISY59yosVMw6Qw=
  
  pify@^3.0.0:
    version "3.0.0"
    resolved "https://registry.npm.taobao.org/pify/download/pify-3.0.0.tgz#e5a4acd2c101fdf3d9a4d07f0dbc4db49dd28176"
    integrity sha1-5aSs0sEB/fPZpNB/DbxNtJ3SgXY=
  
  pify@^4.0.1:
    version "4.0.1"
    resolved "https://registry.npm.taobao.org/pify/download/pify-4.0.1.tgz#4b2cd25c50d598735c50292224fd8c6df41e3231"
    integrity sha1-SyzSXFDVmHNcUCkiJP2MbfQeMjE=
  
  pinkie-promise@^2.0.0:
    version "2.0.1"
    resolved "https://registry.npm.taobao.org/pinkie-promise/download/pinkie-promise-2.0.1.tgz#2135d6dfa7a358c069ac9b178776288228450ffa"
    integrity sha1-ITXW36ejWMBprJsXh3YogihFD/o=
    dependencies:
      pinkie "^2.0.0"
  
  pinkie@^2.0.0:
    version "2.0.4"
    resolved "https://registry.npm.taobao.org/pinkie/download/pinkie-2.0.4.tgz#72556b80cfa0d48a974e80e77248e80ed4f7f870"
    integrity sha1-clVrgM+g1IqXToDnckjoDtT3+HA=
  
  pirates@^4.0.0, pirates@^4.0.1:
    version "4.0.1"
    resolved "https://registry.npm.taobao.org/pirates/download/pirates-4.0.1.tgz#643a92caf894566f91b2b986d2c66950a8e2fb87"
    integrity sha1-ZDqSyviUVm+RsrmG0sZpUKji+4c=
    dependencies:
      node-modules-regexp "^1.0.0"
  
  pixelmatch@^4.0.2:
    version "4.0.2"
    resolved "https://registry.npm.taobao.org/pixelmatch/download/pixelmatch-4.0.2.tgz#8f47dcec5011b477b67db03c243bc1f3085e8854"
    integrity sha1-j0fc7FARtHe2fbA8JDvB8wheiFQ=
    dependencies:
      pngjs "^3.0.0"
  
  pkg-dir@^2.0.0:
    version "2.0.0"
    resolved "https://registry.npm.taobao.org/pkg-dir/download/pkg-dir-2.0.0.tgz#f6d5d1109e19d63edf428e0bd57e12777615334b"
    integrity sha1-9tXREJ4Z1j7fQo4L1X4Sd3YVM0s=
    dependencies:
      find-up "^2.1.0"
  
  pkg-dir@^3.0.0:
    version "3.0.0"
    resolved "https://registry.npm.taobao.org/pkg-dir/download/pkg-dir-3.0.0.tgz#2749020f239ed990881b1f71210d51eb6523bea3"
    integrity sha1-J0kCDyOe2ZCIGx9xIQ1R62UjvqM=
    dependencies:
      find-up "^3.0.0"
  
  pkg-dir@^4.1.0, pkg-dir@^4.2.0:
    version "4.2.0"
    resolved "https://registry.npm.taobao.org/pkg-dir/download/pkg-dir-4.2.0.tgz#f099133df7ede422e81d1d8448270eeb3e4261f3"
    integrity sha1-8JkTPfft5CLoHR2ESCcO6z5CYfM=
    dependencies:
      find-up "^4.0.0"
  
  please-upgrade-node@^3.2.0:
    version "3.2.0"
    resolved "https://registry.npm.taobao.org/please-upgrade-node/download/please-upgrade-node-3.2.0.tgz#aeddd3f994c933e4ad98b99d9a556efa0e2fe942"
    integrity sha1-rt3T+ZTJM+StmLmdmlVu+g4v6UI=
    dependencies:
      semver-compare "^1.0.0"
  
  plop@2.7.4:
    version "2.7.4"
    resolved "https://registry.npm.taobao.org/plop/download/plop-2.7.4.tgz#835280aef3541102063b758f5116cce899e1c72b"
    integrity sha1-g1KArvNUEQIGO3WPURbM6Jnhxys=
    dependencies:
      "@types/liftoff" "^2.5.0"
      chalk "^1.1.3"
      interpret "^1.2.0"
      liftoff "^2.5.0"
      minimist "^1.2.0"
      node-plop "~0.26.2"
      ora "^3.4.0"
      v8flags "^2.0.10"
  
  pngjs@^3.0.0, pngjs@^3.3.3:
    version "3.4.0"
    resolved "https://registry.npm.taobao.org/pngjs/download/pngjs-3.4.0.tgz#99ca7d725965fb655814eaf65f38f12bbdbf555f"
    integrity sha1-mcp9clll+2VYFOr2XzjxK72/VV8=
  
  point-at-length@^1.0.2:
    version "1.1.0"
    resolved "https://registry.npm.taobao.org/point-at-length/download/point-at-length-1.1.0.tgz#0ad72ebd0980d7f5a1ab12296c055f9eb6b30e57"
    integrity sha1-CtcuvQmA1/WhqxIpbAVfnrazDlc=
    dependencies:
      abs-svg-path "~0.1.1"
      isarray "~0.0.1"
      parse-svg-path "~0.1.1"
  
  posix-character-classes@^0.1.0:
    version "0.1.1"
    resolved "https://registry.npm.taobao.org/posix-character-classes/download/posix-character-classes-0.1.1.tgz#01eac0fe3b5af71a2a6c02feabb8c1fef7e00eab"
    integrity sha1-AerA/jta9xoqbAL+q7jB/vfgDqs=
  
  postcss-modules-extract-imports@^2.0.0:
    version "2.0.0"
    resolved "https://registry.npm.taobao.org/postcss-modules-extract-imports/download/postcss-modules-extract-imports-2.0.0.tgz#818719a1ae1da325f9832446b01136eeb493cd7e"
    integrity sha1-gYcZoa4doyX5gyRGsBE27rSTzX4=
    dependencies:
      postcss "^7.0.5"
  
  postcss-modules-local-by-default@^3.0.3:
    version "3.0.3"
    resolved "https://registry.npm.taobao.org/postcss-modules-local-by-default/download/postcss-modules-local-by-default-3.0.3.tgz?cache=0&sync_timestamp=1595731852757&other_urls=https%3A%2F%2Fregistry.npm.taobao.org%2Fpostcss-modules-local-by-default%2Fdownload%2Fpostcss-modules-local-by-default-3.0.3.tgz#bb14e0cc78279d504dbdcbfd7e0ca28993ffbbb0"
    integrity sha1-uxTgzHgnnVBNvcv9fgyiiZP/u7A=
    dependencies:
      icss-utils "^4.1.1"
      postcss "^7.0.32"
      postcss-selector-parser "^6.0.2"
      postcss-value-parser "^4.1.0"
  
  postcss-modules-scope@^2.2.0:
    version "2.2.0"
    resolved "https://registry.npm.taobao.org/postcss-modules-scope/download/postcss-modules-scope-2.2.0.tgz#385cae013cc7743f5a7d7602d1073a89eaae62ee"
    integrity sha1-OFyuATzHdD9afXYC0Qc6iequYu4=
    dependencies:
      postcss "^7.0.6"
      postcss-selector-parser "^6.0.0"
  
  postcss-modules-values@^3.0.0:
    version "3.0.0"
    resolved "https://registry.npm.taobao.org/postcss-modules-values/download/postcss-modules-values-3.0.0.tgz#5b5000d6ebae29b4255301b4a3a54574423e7f10"
    integrity sha1-W1AA1uuuKbQlUwG0o6VFdEI+fxA=
    dependencies:
      icss-utils "^4.0.0"
      postcss "^7.0.6"
  
  postcss-selector-parser@^6.0.0, postcss-selector-parser@^6.0.2:
    version "6.0.2"
    resolved "https://registry.npm.taobao.org/postcss-selector-parser/download/postcss-selector-parser-6.0.2.tgz#934cf799d016c83411859e09dcecade01286ec5c"
    integrity sha1-k0z3mdAWyDQRhZ4J3Oyt4BKG7Fw=
    dependencies:
      cssesc "^3.0.0"
      indexes-of "^1.0.1"
      uniq "^1.0.1"
  
  postcss-value-parser@^4.0.2, postcss-value-parser@^4.1.0:
    version "4.1.0"
    resolved "https://registry.npm.taobao.org/postcss-value-parser/download/postcss-value-parser-4.1.0.tgz#443f6a20ced6481a2bda4fa8532a6e55d789a2cb"
    integrity sha1-RD9qIM7WSBor2k+oUypuVdeJoss=
  
  postcss@^7.0.14, postcss@^7.0.32, postcss@^7.0.5, postcss@^7.0.6:
    version "7.0.32"
    resolved "https://registry.npm.taobao.org/postcss/download/postcss-7.0.32.tgz#4310d6ee347053da3433db2be492883d62cec59d"
    integrity sha1-QxDW7jRwU9o0M9sr5JKIPWLOxZ0=
    dependencies:
      chalk "^2.4.2"
      source-map "^0.6.1"
      supports-color "^6.1.0"
  
  pre-commit@1.2.2:
    version "1.2.2"
    resolved "https://registry.npm.taobao.org/pre-commit/download/pre-commit-1.2.2.tgz#dbcee0ee9de7235e57f79c56d7ce94641a69eec6"
    integrity sha1-287g7p3nI15X95xW186UZBpp7sY=
    dependencies:
      cross-spawn "^5.0.1"
      spawn-sync "^1.0.15"
      which "1.2.x"
  
  prelude-ls@^1.2.1:
    version "1.2.1"
    resolved "https://registry.npm.taobao.org/prelude-ls/download/prelude-ls-1.2.1.tgz#debc6489d7a6e6b0e7611888cec880337d316396"
    integrity sha1-3rxkidem5rDnYRiIzsiAM30xY5Y=
  
  prelude-ls@~1.1.2:
    version "1.1.2"
    resolved "https://registry.npm.taobao.org/prelude-ls/download/prelude-ls-1.1.2.tgz#21932a549f5e52ffd9a827f570e04be62a97da54"
    integrity sha1-IZMqVJ9eUv/ZqCf1cOBL5iqX2lQ=
  
  prepend-http@^2.0.0:
    version "2.0.0"
    resolved "https://registry.npm.taobao.org/prepend-http/download/prepend-http-2.0.0.tgz#e92434bfa5ea8c19f41cdfd401d741a3c819d897"
    integrity sha1-6SQ0v6XqjBn0HN/UAddBo8gZ2Jc=
  
  prettier-linter-helpers@^1.0.0:
    version "1.0.0"
    resolved "https://registry.npm.taobao.org/prettier-linter-helpers/download/prettier-linter-helpers-1.0.0.tgz#d23d41fe1375646de2d0104d3454a3008802cf7b"
    integrity sha1-0j1B/hN1ZG3i0BBNNFSjAIgCz3s=
    dependencies:
      fast-diff "^1.1.2"
  
  prettier@2.1.2:
    version "2.1.2"
    resolved "https://registry.npm.taobao.org/prettier/download/prettier-2.1.2.tgz#3050700dae2e4c8b67c4c3f666cdb8af405e1ce5"
    integrity sha1-MFBwDa4uTItnxMP2Zs24r0BeHOU=
  
  pretty-error@^2.1.1:
    version "2.1.1"
    resolved "https://registry.npm.taobao.org/pretty-error/download/pretty-error-2.1.1.tgz#5f4f87c8f91e5ae3f3ba87ab4cf5e03b1a17f1a3"
    integrity sha1-X0+HyPkeWuPzuoerTPXgOxoX8aM=
    dependencies:
      renderkid "^2.0.1"
      utila "~0.4"
  
  pretty-format@^26.4.2:
    version "26.4.2"
    resolved "https://registry.npm.taobao.org/pretty-format/download/pretty-format-26.4.2.tgz?cache=0&sync_timestamp=1598096600993&other_urls=https%3A%2F%2Fregistry.npm.taobao.org%2Fpretty-format%2Fdownload%2Fpretty-format-26.4.2.tgz#d081d032b398e801e2012af2df1214ef75a81237"
    integrity sha1-0IHQMrOY6AHiASry3xIU73WoEjc=
    dependencies:
      "@jest/types" "^26.3.0"
      ansi-regex "^5.0.0"
      ansi-styles "^4.0.0"
      react-is "^16.12.0"
  
  printj@~1.1.0, printj@~1.1.2:
    version "1.1.2"
    resolved "https://registry.npm.taobao.org/printj/download/printj-1.1.2.tgz#d90deb2975a8b9f600fb3a1c94e3f4c53c78a222"
    integrity sha1-2Q3rKXWoufYA+zoclOP0xTx4oiI=
  
  process-nextick-args@~2.0.0:
    version "2.0.1"
    resolved "https://registry.npm.taobao.org/process-nextick-args/download/process-nextick-args-2.0.1.tgz#7820d9b16120cc55ca9ae7792680ae7dba6d7fe2"
    integrity sha1-eCDZsWEgzFXKmud5JoCufbptf+I=
  
  process@^0.11.10:
    version "0.11.10"
    resolved "https://registry.npm.taobao.org/process/download/process-0.11.10.tgz#7332300e840161bda3e69a1d1d91a7d4bc16f182"
    integrity sha1-czIwDoQBYb2j5podHZGn1LwW8YI=
  
  process@~0.5.1:
    version "0.5.2"
    resolved "https://registry.npm.taobao.org/process/download/process-0.5.2.tgz#1638d8a8e34c2f440a91db95ab9aeb677fc185cf"
    integrity sha1-FjjYqONML0QKkduVq5rrZ3/Bhc8=
  
  progress@^2.0.0, progress@^2.0.3:
    version "2.0.3"
    resolved "https://registry.npm.taobao.org/progress/download/progress-2.0.3.tgz#7e8cf8d8f5b8f239c1bc68beb4eb78567d572ef8"
    integrity sha1-foz42PW48jnBvGi+tOt4Vn1XLvg=
  
  promise-inflight@^1.0.1:
    version "1.0.1"
    resolved "https://registry.npm.taobao.org/promise-inflight/download/promise-inflight-1.0.1.tgz#98472870bf228132fcbdd868129bad12c3c029e3"
    integrity sha1-mEcocL8igTL8vdhoEputEsPAKeM=
  
  promise@^8.0.3:
    version "8.1.0"
    resolved "https://registry.npm.taobao.org/promise/download/promise-8.1.0.tgz#697c25c3dfe7435dd79fcd58c38a135888eaf05e"
    integrity sha1-aXwlw9/nQ13Xn81Yw4oTWIjq8F4=
    dependencies:
      asap "~2.0.6"
  
  prompts@^2.0.1:
    version "2.3.2"
    resolved "https://registry.npm.taobao.org/prompts/download/prompts-2.3.2.tgz?cache=0&sync_timestamp=1592843206317&other_urls=https%3A%2F%2Fregistry.npm.taobao.org%2Fprompts%2Fdownload%2Fprompts-2.3.2.tgz#480572d89ecf39566d2bd3fe2c9fccb7c4c0b068"
    integrity sha1-SAVy2J7POVZtK9P+LJ/Mt8TAsGg=
    dependencies:
      kleur "^3.0.3"
      sisteransi "^1.0.4"
  
  prop-types@15.7.2, prop-types@^15.6.2, prop-types@^15.7.2:
    version "15.7.2"
    resolved "https://registry.npm.taobao.org/prop-types/download/prop-types-15.7.2.tgz#52c41e75b8c87e72b9d9360e0206b99dcbffa6c5"
    integrity sha1-UsQedbjIfnK52TYOAga5ncv/psU=
    dependencies:
      loose-envify "^1.4.0"
      object-assign "^4.1.1"
      react-is "^16.8.1"
  
  proto-list@~1.2.1:
    version "1.2.4"
    resolved "https://registry.npm.taobao.org/proto-list/download/proto-list-1.2.4.tgz#212d5bfe1318306a420f6402b8e26ff39647a849"
    integrity sha1-IS1b/hMYMGpCD2QCuOJv85ZHqEk=
  
  proxy-addr@~2.0.5:
    version "2.0.6"
    resolved "https://registry.npm.taobao.org/proxy-addr/download/proxy-addr-2.0.6.tgz#fdc2336505447d3f2f2c638ed272caf614bbb2bf"
    integrity sha1-/cIzZQVEfT8vLGOO0nLK9hS7sr8=
    dependencies:
      forwarded "~0.1.2"
      ipaddr.js "1.9.1"
  
  prr@~1.0.1:
    version "1.0.1"
    resolved "https://registry.npm.taobao.org/prr/download/prr-1.0.1.tgz#d3fc114ba06995a45ec6893f484ceb1d78f5f476"
    integrity sha1-0/wRS6BplaRexok/SEzrHXj19HY=
  
  pseudomap@^1.0.2:
    version "1.0.2"
    resolved "https://registry.npm.taobao.org/pseudomap/download/pseudomap-1.0.2.tgz#f052a28da70e618917ef0a8ac34c1ae5a68286b3"
    integrity sha1-8FKijacOYYkX7wqKw0wa5aaChrM=
  
  psl@^1.1.28:
    version "1.8.0"
    resolved "https://registry.npm.taobao.org/psl/download/psl-1.8.0.tgz#9326f8bcfb013adcc005fdff056acce020e51c24"
    integrity sha1-kyb4vPsBOtzABf3/BWrM4CDlHCQ=
  
  public-encrypt@^4.0.0:
    version "4.0.3"
    resolved "https://registry.npm.taobao.org/public-encrypt/download/public-encrypt-4.0.3.tgz#4fcc9d77a07e48ba7527e7cbe0de33d0701331e0"
    integrity sha1-T8ydd6B+SLp1J+fL4N4z0HATMeA=
    dependencies:
      bn.js "^4.1.0"
      browserify-rsa "^4.0.0"
      create-hash "^1.1.0"
      parse-asn1 "^5.0.0"
      randombytes "^2.0.1"
      safe-buffer "^5.1.2"
  
  pump@^2.0.0:
    version "2.0.1"
    resolved "https://registry.npm.taobao.org/pump/download/pump-2.0.1.tgz#12399add6e4cf7526d973cbc8b5ce2e2908b3909"
    integrity sha1-Ejma3W5M91Jtlzy8i1zi4pCLOQk=
    dependencies:
      end-of-stream "^1.1.0"
      once "^1.3.1"
  
  pump@^3.0.0:
    version "3.0.0"
    resolved "https://registry.npm.taobao.org/pump/download/pump-3.0.0.tgz#b4a2116815bde2f4e1ea602354e8c75565107a64"
    integrity sha1-tKIRaBW94vTh6mAjVOjHVWUQemQ=
    dependencies:
      end-of-stream "^1.1.0"
      once "^1.3.1"
  
  pumpify@^1.3.3:
    version "1.5.1"
    resolved "https://registry.npm.taobao.org/pumpify/download/pumpify-1.5.1.tgz#36513be246ab27570b1a374a5ce278bfd74370ce"
    integrity sha1-NlE74karJ1cLGjdKXOJ4v9dDcM4=
    dependencies:
      duplexify "^3.6.0"
      inherits "^2.0.3"
      pump "^2.0.0"
  
  punycode@1.3.2:
    version "1.3.2"
    resolved "https://registry.npm.taobao.org/punycode/download/punycode-1.3.2.tgz#9653a036fb7c1ee42342f2325cceefea3926c48d"
    integrity sha1-llOgNvt8HuQjQvIyXM7v6jkmxI0=
  
  punycode@^1.2.4:
    version "1.4.1"
    resolved "https://registry.npm.taobao.org/punycode/download/punycode-1.4.1.tgz#c0d5a63b2718800ad8e1eb0fa5269c84dd41845e"
    integrity sha1-wNWmOycYgArY4esPpSachN1BhF4=
  
  punycode@^2.1.0, punycode@^2.1.1:
    version "2.1.1"
    resolved "https://registry.npm.taobao.org/punycode/download/punycode-2.1.1.tgz#b58b010ac40c22c5657616c8d2c2c02c7bf479ec"
    integrity sha1-tYsBCsQMIsVldhbI0sLALHv0eew=
  
  pupa@^2.0.1:
    version "2.1.1"
    resolved "https://registry.npm.taobao.org/pupa/download/pupa-2.1.1.tgz#f5e8fd4afc2c5d97828faa523549ed8744a20d62"
    integrity sha1-9ej9SvwsXZeCj6pSNUnth0SiDWI=
    dependencies:
      escape-goat "^2.0.0"
  
  qs@6.7.0:
    version "6.7.0"
    resolved "https://registry.npm.taobao.org/qs/download/qs-6.7.0.tgz?cache=0&other_urls=https%3A%2F%2Fregistry.npm.taobao.org%2Fqs%2Fdownload%2Fqs-6.7.0.tgz#41dc1a015e3d581f1621776be31afb2876a9b1bc"
    integrity sha1-QdwaAV49WB8WIXdr4xr7KHapsbw=
  
  qs@~6.5.2:
    version "6.5.2"
    resolved "https://registry.npm.taobao.org/qs/download/qs-6.5.2.tgz?cache=0&other_urls=https%3A%2F%2Fregistry.npm.taobao.org%2Fqs%2Fdownload%2Fqs-6.5.2.tgz#cb3ae806e8740444584ef154ce8ee98d403f3e36"
    integrity sha1-yzroBuh0BERYTvFUzo7pjUA/PjY=
  
  query-string@6.13.2:
    version "6.13.2"
    resolved "https://registry.npm.taobao.org/query-string/download/query-string-6.13.2.tgz#3585aa9412c957cbd358fd5eaca7466f05586dda"
    integrity sha1-NYWqlBLJV8vTWP1erKdGbwVYbdo=
    dependencies:
      decode-uri-component "^0.2.0"
      split-on-first "^1.0.0"
      strict-uri-encode "^2.0.0"
  
  query-string@^5.0.1:
    version "5.1.1"
    resolved "https://registry.npm.taobao.org/query-string/download/query-string-5.1.1.tgz#a78c012b71c17e05f2e3fa2319dd330682efb3cb"
    integrity sha1-p4wBK3HBfgXy4/ojGd0zBoLvs8s=
    dependencies:
      decode-uri-component "^0.2.0"
      object-assign "^4.1.0"
      strict-uri-encode "^1.0.0"
  
  querystring-es3@^0.2.0:
    version "0.2.1"
    resolved "https://registry.npm.taobao.org/querystring-es3/download/querystring-es3-0.2.1.tgz#9ec61f79049875707d69414596fd907a4d711e73"
    integrity sha1-nsYfeQSYdXB9aUFFlv2Qek1xHnM=
  
  querystring@0.2.0, querystring@^0.2.0:
    version "0.2.0"
    resolved "https://registry.npm.taobao.org/querystring/download/querystring-0.2.0.tgz#b209849203bb25df820da756e747005878521620"
    integrity sha1-sgmEkgO7Jd+CDadW50cAWHhSFiA=
  
  raf@^3.4.0, raf@^3.4.1:
    version "3.4.1"
    resolved "https://registry.npm.taobao.org/raf/download/raf-3.4.1.tgz#0742e99a4a6552f445d73e3ee0328af0ff1ede39"
    integrity sha1-B0LpmkplUvRF1z4+4DKK8P8e3jk=
    dependencies:
      performance-now "^2.1.0"
  
  randombytes@^2.0.0, randombytes@^2.0.1, randombytes@^2.0.5, randombytes@^2.1.0:
    version "2.1.0"
    resolved "https://registry.npm.taobao.org/randombytes/download/randombytes-2.1.0.tgz#df6f84372f0270dc65cdf6291349ab7a473d4f2a"
    integrity sha1-32+ENy8CcNxlzfYpE0mrekc9Tyo=
    dependencies:
      safe-buffer "^5.1.0"
  
  randomfill@^1.0.3:
    version "1.0.4"
    resolved "https://registry.npm.taobao.org/randomfill/download/randomfill-1.0.4.tgz#c92196fc86ab42be983f1bf31778224931d61458"
    integrity sha1-ySGW/IarQr6YPxvzF3giSTHWFFg=
    dependencies:
      randombytes "^2.0.5"
      safe-buffer "^5.1.0"
  
  range-parser@^1.2.1, range-parser@~1.2.1:
    version "1.2.1"
    resolved "https://registry.npm.taobao.org/range-parser/download/range-parser-1.2.1.tgz#3cf37023d199e1c24d1a55b84800c2f3e6468031"
    integrity sha1-PPNwI9GZ4cJNGlW4SADC8+ZGgDE=
  
  raw-body@2.4.0:
    version "2.4.0"
    resolved "https://registry.npm.taobao.org/raw-body/download/raw-body-2.4.0.tgz#a1ce6fb9c9bc356ca52e89256ab59059e13d0332"
    integrity sha1-oc5vucm8NWylLoklarWQWeE9AzI=
    dependencies:
      bytes "3.1.0"
      http-errors "1.7.2"
      iconv-lite "0.4.24"
      unpipe "1.0.0"
  
  rc-align@^4.0.0:
    version "4.0.3"
    resolved "https://registry.npm.taobao.org/rc-align/download/rc-align-4.0.3.tgz?cache=0&sync_timestamp=1598004547343&other_urls=https%3A%2F%2Fregistry.npm.taobao.org%2Frc-align%2Fdownload%2Frc-align-4.0.3.tgz#9f83e816efd9ec66bb57adf22918794cec0dd7ed"
    integrity sha1-n4PoFu/Z7Ga7V63yKRh5TOwN1+0=
    dependencies:
      "@babel/runtime" "^7.10.1"
      classnames "2.x"
      dom-align "^1.7.0"
      rc-util "^5.0.1"
      resize-observer-polyfill "^1.5.1"
  
  rc-animate@3.x, rc-animate@~3.1.0:
    version "3.1.0"
    resolved "https://registry.npm.taobao.org/rc-animate/download/rc-animate-3.1.0.tgz#051b689c2c7194e4c8ae016d32a0e5f9de6c8baa"
    integrity sha1-BRtonCxxlOTIrgFtMqDl+d5si6o=
    dependencies:
      "@ant-design/css-animation" "^1.7.2"
      classnames "^2.2.6"
      raf "^3.4.0"
      rc-util "^5.0.1"
  
  rc-cascader@~1.3.0:
    version "1.3.0"
    resolved "https://registry.npm.taobao.org/rc-cascader/download/rc-cascader-1.3.0.tgz#67925c7ac4b732fe06cabb3a9c91631c96d04ccf"
    integrity sha1-Z5JcesS3Mv4Gyrs6nJFjHJbQTM8=
    dependencies:
      array-tree-filter "^2.1.0"
      rc-trigger "^4.0.0"
      rc-util "^5.0.1"
      warning "^4.0.1"
  
  rc-checkbox@~2.3.0:
    version "2.3.1"
    resolved "https://registry.npm.taobao.org/rc-checkbox/download/rc-checkbox-2.3.1.tgz#2a61bc43017c783bd2e9f1a67553bf8efe7aa4d3"
    integrity sha1-KmG8QwF8eDvS6fGmdVO/jv56pNM=
    dependencies:
      "@babel/runtime" "^7.10.1"
      classnames "^2.2.1"
  
  rc-collapse@~2.0.0:
    version "2.0.0"
    resolved "https://registry.npm.taobao.org/rc-collapse/download/rc-collapse-2.0.0.tgz#08c5942f82005b4342ced02d983581e4c41cd324"
    integrity sha1-CMWUL4IAW0NCztAtmDWB5MQc0yQ=
    dependencies:
      "@ant-design/css-animation" "^1.7.2"
      classnames "2.x"
      rc-animate "3.x"
      react-is "^16.7.0"
      shallowequal "^1.1.0"
  
  rc-dialog@~8.2.1, rc-dialog@~8.2.2:
    version "8.2.2"
    resolved "https://registry.npm.taobao.org/rc-dialog/download/rc-dialog-8.2.2.tgz#fe97479575ec30bb9f75241a9f29bf39d71636c6"
    integrity sha1-/pdHlXXsMLufdSQanym/OdcWNsY=
    dependencies:
      "@babel/runtime" "^7.10.1"
      rc-animate "3.x"
      rc-util "^5.0.1"
  
  rc-drawer@~4.1.0:
    version "4.1.0"
    resolved "https://registry.npm.taobao.org/rc-drawer/download/rc-drawer-4.1.0.tgz#d7bf0bc030300b62d282bc04e053b9acad6b08b4"
    integrity sha1-178LwDAwC2LSgrwE4FO5rK1rCLQ=
    dependencies:
      "@babel/runtime" "^7.10.1"
      classnames "^2.2.6"
      rc-util "^5.0.1"
  
  rc-dropdown@^3.1.3, rc-dropdown@~3.1.2:
    version "3.1.3"
    resolved "https://registry.npm.taobao.org/rc-dropdown/download/rc-dropdown-3.1.3.tgz?cache=0&sync_timestamp=1600138608736&other_urls=https%3A%2F%2Fregistry.npm.taobao.org%2Frc-dropdown%2Fdownload%2Frc-dropdown-3.1.3.tgz#8fe598476ce70377925af36fea82ba53c021b16f"
    integrity sha1-j+WYR2znA3eSWvNv6oK6U8AhsW8=
    dependencies:
      "@babel/runtime" "^7.10.1"
      classnames "^2.2.6"
      rc-trigger "^4.0.0"
  
  rc-field-form@~1.10.0:
    version "1.10.1"
    resolved "https://registry.npm.taobao.org/rc-field-form/download/rc-field-form-1.10.1.tgz?cache=0&sync_timestamp=1599705662489&other_urls=https%3A%2F%2Fregistry.npm.taobao.org%2Frc-field-form%2Fdownload%2Frc-field-form-1.10.1.tgz#f6eb76b5f24b58938ebadfc03cdd814c24de7db3"
    integrity sha1-9ut2tfJLWJOOut/APN2BTCTefbM=
    dependencies:
      "@babel/runtime" "^7.8.4"
      async-validator "^3.0.3"
      rc-util "^5.0.0"
  
  rc-image@~3.0.6:
    version "3.0.6"
    resolved "https://registry.npm.taobao.org/rc-image/download/rc-image-3.0.6.tgz?cache=0&sync_timestamp=1599485111292&other_urls=https%3A%2F%2Fregistry.npm.taobao.org%2Frc-image%2Fdownload%2Frc-image-3.0.6.tgz#b1ad31463d0cc21b8ee6a0bcdc391b35a384b9d5"
    integrity sha1-sa0xRj0MwhuO5qC83DkbNaOEudU=
    dependencies:
      "@ant-design/icons" "^4.2.2"
      "@babel/runtime" "^7.11.2"
      classnames "^2.2.6"
      rc-dialog "~8.2.2"
      rc-util "^5.0.6"
  
  rc-input-number@~6.0.0:
    version "6.0.0"
    resolved "https://registry.npm.taobao.org/rc-input-number/download/rc-input-number-6.0.0.tgz?cache=0&sync_timestamp=1595829004266&other_urls=https%3A%2F%2Fregistry.npm.taobao.org%2Frc-input-number%2Fdownload%2Frc-input-number-6.0.0.tgz#0c0af57c8183f3ca6b87f7edf6fed3bd5a3ba16f"
    integrity sha1-DAr1fIGD88prh/ft9v7TvVo7oW8=
    dependencies:
      "@babel/runtime" "^7.10.1"
      classnames "^2.2.5"
      rc-util "^5.0.1"
  
  rc-mentions@~1.4.0:
    version "1.4.2"
    resolved "https://registry.npm.taobao.org/rc-mentions/download/rc-mentions-1.4.2.tgz?cache=0&sync_timestamp=1598339703895&other_urls=https%3A%2F%2Fregistry.npm.taobao.org%2Frc-mentions%2Fdownload%2Frc-mentions-1.4.2.tgz#534c29622445be8a5c197d405d20491e0ab35cf0"
    integrity sha1-U0wpYiRFvopcGX1AXSBJHgqzXPA=
    dependencies:
      "@babel/runtime" "^7.10.1"
      classnames "^2.2.6"
      rc-menu "^8.0.1"
      rc-textarea "^0.3.0"
      rc-trigger "^4.3.0"
      rc-util "^5.0.1"
  
  rc-menu@^8.0.1, rc-menu@^8.6.1, rc-menu@~8.6.1:
    version "8.6.1"
    resolved "https://registry.npm.taobao.org/rc-menu/download/rc-menu-8.6.1.tgz?cache=0&sync_timestamp=1599638503971&other_urls=https%3A%2F%2Fregistry.npm.taobao.org%2Frc-menu%2Fdownload%2Frc-menu-8.6.1.tgz#edcacfb63a66cb57a33e131d43dc266ce633722c"
    integrity sha1-7crPtjpmy1ejPhMdQ9wmbOYzciw=
    dependencies:
      "@babel/runtime" "^7.10.1"
      classnames "2.x"
      mini-store "^3.0.1"
      omit.js "^2.0.0"
      rc-motion "^1.0.1"
      rc-trigger "^4.4.0"
      rc-util "^5.0.1"
      resize-observer-polyfill "^1.5.0"
      shallowequal "^1.1.0"
  
  rc-motion@^1.0.0, rc-motion@^1.0.1:
    version "1.1.2"
    resolved "https://registry.npm.taobao.org/rc-motion/download/rc-motion-1.1.2.tgz?cache=0&sync_timestamp=1599720802089&other_urls=https%3A%2F%2Fregistry.npm.taobao.org%2Frc-motion%2Fdownload%2Frc-motion-1.1.2.tgz#07212f1b96c715b8245ec121339146c4a9b0968c"
    integrity sha1-ByEvG5bHFbgkXsEhM5FGxKmwlow=
    dependencies:
      "@babel/runtime" "^7.11.1"
      classnames "^2.2.1"
      raf "^3.4.1"
      rc-util "^5.0.6"
  
  rc-motion@^2.0.0:
    version "2.0.1"
    resolved "https://registry.npm.taobao.org/rc-motion/download/rc-motion-2.0.1.tgz?cache=0&sync_timestamp=1599720802089&other_urls=https%3A%2F%2Fregistry.npm.taobao.org%2Frc-motion%2Fdownload%2Frc-motion-2.0.1.tgz#49ac4d3240ce3dabdb53d4d98d5fade5e6fa54df"
    integrity sha1-SaxNMkDOPavbU9TZjV+t5eb6VN8=
    dependencies:
      "@babel/runtime" "^7.11.1"
      classnames "^2.2.1"
      rc-util "^5.2.1"
  
  rc-notification@~4.4.0:
    version "4.4.0"
    resolved "https://registry.npm.taobao.org/rc-notification/download/rc-notification-4.4.0.tgz#192d082cd6e2995705f43c6929162631c71e3db1"
    integrity sha1-GS0ILNbimVcF9DxpKRYmMccePbE=
    dependencies:
      "@babel/runtime" "^7.10.1"
      classnames "2.x"
      rc-animate "3.x"
      rc-util "^5.0.1"
  
  rc-pagination@~3.0.3:
    version "3.0.4"
    resolved "https://registry.npm.taobao.org/rc-pagination/download/rc-pagination-3.0.4.tgz?cache=0&sync_timestamp=1599189872564&other_urls=https%3A%2F%2Fregistry.npm.taobao.org%2Frc-pagination%2Fdownload%2Frc-pagination-3.0.4.tgz#32509fcdf77387ca124c025c3575e7bab0c7debd"
    integrity sha1-MlCfzfdzh8oSTAJcNXXnurDH3r0=
    dependencies:
      "@babel/runtime" "^7.10.1"
      classnames "^2.2.1"
  
  rc-picker@~2.0.6:
    version "2.0.11"
    resolved "https://registry.npm.taobao.org/rc-picker/download/rc-picker-2.0.11.tgz#68524babfd3470f9cce2f2e9f35038ec99784dc0"
    integrity sha1-aFJLq/00cPnM4vLp81A47Jl4TcA=
    dependencies:
      "@babel/runtime" "^7.10.1"
      classnames "^2.2.1"
      date-fns "^2.15.0"
      dayjs "^1.8.30"
      moment "^2.24.0"
      rc-trigger "^4.0.0"
      rc-util "^5.0.1"
      shallowequal "^1.1.0"
  
  rc-progress@~3.1.0:
    version "3.1.0"
    resolved "https://registry.npm.taobao.org/rc-progress/download/rc-progress-3.1.0.tgz?cache=0&sync_timestamp=1598965965115&other_urls=https%3A%2F%2Fregistry.npm.taobao.org%2Frc-progress%2Fdownload%2Frc-progress-3.1.0.tgz#cd4a5a7853db3e0c10918ad2c170688a68e3cebd"
    integrity sha1-zUpaeFPbPgwQkYrSwXBoimjjzr0=
    dependencies:
      "@babel/runtime" "^7.10.1"
      classnames "^2.2.6"
  
  rc-rate@~2.8.2:
    version "2.8.2"
    resolved "https://registry.npm.taobao.org/rc-rate/download/rc-rate-2.8.2.tgz#d82d237d74fd4aef3e0581d2700b646cdd1cd8a2"
    integrity sha1-2C0jfXT9Su8+BYHScAtkbN0c2KI=
    dependencies:
      "@babel/runtime" "^7.10.1"
      classnames "^2.2.5"
      rc-util "^5.0.1"
  
  rc-resize-observer@^0.2.0, rc-resize-observer@^0.2.1, rc-resize-observer@^0.2.3:
    version "0.2.5"
    resolved "https://registry.npm.taobao.org/rc-resize-observer/download/rc-resize-observer-0.2.5.tgz?cache=0&sync_timestamp=1597807362565&other_urls=https%3A%2F%2Fregistry.npm.taobao.org%2Frc-resize-observer%2Fdownload%2Frc-resize-observer-0.2.5.tgz#03e3a5c3dfccd6c996a547e4f82721e4f20f6156"
    integrity sha1-A+Olw9/M1smWpUfk+Cch5PIPYVY=
    dependencies:
      "@babel/runtime" "^7.10.1"
      classnames "^2.2.1"
      rc-util "^5.0.0"
      resize-observer-polyfill "^1.5.1"
  
  rc-select@^11.1.1, rc-select@~11.2.0:
    version "11.2.1"
    resolved "https://registry.npm.taobao.org/rc-select/download/rc-select-11.2.1.tgz#6758d99da3338e9b3451618a39eb0d92be2f89a6"
    integrity sha1-Z1jZnaMzjps0UWGKOesNkr4viaY=
    dependencies:
      "@babel/runtime" "^7.10.1"
      classnames "2.x"
      rc-motion "^1.0.1"
      rc-trigger "^4.3.0"
      rc-util "^5.0.1"
      rc-virtual-list "^3.0.3"
      warning "^4.0.3"
  
  rc-slider@~9.3.0:
    version "9.3.1"
    resolved "https://registry.npm.taobao.org/rc-slider/download/rc-slider-9.3.1.tgz#444012f3b4847d592b167a9cee6a1a46779a6ef4"
    integrity sha1-REAS87SEfVkrFnqc7moaRneabvQ=
    dependencies:
      "@babel/runtime" "^7.10.1"
      classnames "^2.2.5"
      rc-tooltip "^4.0.0"
      rc-util "^5.0.0"
      shallowequal "^1.1.0"
  
  rc-steps@~4.1.0:
    version "4.1.2"
    resolved "https://registry.npm.taobao.org/rc-steps/download/rc-steps-4.1.2.tgz#370f4c6b40d3888f03b271f1628953c66eb91c04"
    integrity sha1-Nw9Ma0DTiI8DsnHxYolTxm65HAQ=
    dependencies:
      "@babel/runtime" "^7.10.2"
      classnames "^2.2.3"
      rc-util "^5.0.1"
  
  rc-switch@~3.2.0:
    version "3.2.1"
    resolved "https://registry.npm.taobao.org/rc-switch/download/rc-switch-3.2.1.tgz?cache=0&sync_timestamp=1598245288337&other_urls=https%3A%2F%2Fregistry.npm.taobao.org%2Frc-switch%2Fdownload%2Frc-switch-3.2.1.tgz#775f8b2c86716431d83d2b13e4710815baafede0"
    integrity sha1-d1+LLIZxZDHYPSsT5HEIFbqv7eA=
    dependencies:
      "@babel/runtime" "^7.10.1"
      classnames "^2.2.1"
      rc-util "^5.0.1"
  
  rc-table@~7.9.2:
    version "7.9.8"
    resolved "https://registry.npm.taobao.org/rc-table/download/rc-table-7.9.8.tgz?cache=0&sync_timestamp=1600063847732&other_urls=https%3A%2F%2Fregistry.npm.taobao.org%2Frc-table%2Fdownload%2Frc-table-7.9.8.tgz#6a70085125d59eac2ee49763fdd8af1260afa0c1"
    integrity sha1-anAIUSXVnqwu5Jdj/divEmCvoME=
    dependencies:
      "@babel/runtime" "^7.10.1"
      classnames "^2.2.5"
      raf "^3.4.1"
      rc-resize-observer "^0.2.0"
      rc-util "^5.0.4"
      shallowequal "^1.1.0"
  
  rc-tabs@~11.6.0:
    version "11.6.2"
    resolved "https://registry.npm.taobao.org/rc-tabs/download/rc-tabs-11.6.2.tgz?cache=0&sync_timestamp=1600139046353&other_urls=https%3A%2F%2Fregistry.npm.taobao.org%2Frc-tabs%2Fdownload%2Frc-tabs-11.6.2.tgz#0732a3f6ef36a14343f9afe47df7f29971e8020b"
    integrity sha1-BzKj9u82oUND+a/kfffymXHoAgs=
    dependencies:
      "@babel/runtime" "^7.11.2"
      classnames "2.x"
      raf "^3.4.1"
      rc-dropdown "^3.1.3"
      rc-menu "^8.6.1"
      rc-resize-observer "^0.2.1"
      rc-util "^5.0.0"
  
  rc-textarea@^0.3.0, rc-textarea@~0.3.0:
    version "0.3.0"
    resolved "https://registry.npm.taobao.org/rc-textarea/download/rc-textarea-0.3.0.tgz#9860ef797e00717d8227d1ef4ee7895dd9358ddf"
    integrity sha1-mGDveX4AcX2CJ9HvTueJXdk1jd8=
    dependencies:
      "@babel/runtime" "^7.10.1"
      classnames "^2.2.1"
      omit.js "^2.0.0"
      rc-resize-observer "^0.2.3"
  
  rc-tooltip@^4.0.0:
    version "4.2.3"
    resolved "https://registry.npm.taobao.org/rc-tooltip/download/rc-tooltip-4.2.3.tgz?cache=0&sync_timestamp=1600053405847&other_urls=https%3A%2F%2Fregistry.npm.taobao.org%2Frc-tooltip%2Fdownload%2Frc-tooltip-4.2.3.tgz#f6fb2a6d9e76ef64295a1d9b5a1618f8634c0645"
    integrity sha1-9vsqbZ5272QpWh2bWhYY+GNMBkU=
    dependencies:
      "@babel/runtime" "^7.11.2"
      rc-trigger "^4.2.1"
  
  rc-tooltip@~5.0.0:
    version "5.0.1"
    resolved "https://registry.npm.taobao.org/rc-tooltip/download/rc-tooltip-5.0.1.tgz?cache=0&sync_timestamp=1600053405847&other_urls=https%3A%2F%2Fregistry.npm.taobao.org%2Frc-tooltip%2Fdownload%2Frc-tooltip-5.0.1.tgz#b82c4259604d2cb62ca610ed7932dd37fc6ef61d"
    integrity sha1-uCxCWWBNLLYsphDteTLdN/xu9h0=
    dependencies:
      "@babel/runtime" "^7.11.2"
      rc-trigger "^5.0.0"
  
  rc-tree-select@~4.1.1:
    version "4.1.2"
    resolved "https://registry.npm.taobao.org/rc-tree-select/download/rc-tree-select-4.1.2.tgz#bf012c3c32cf2e82fc7ffbdd60cb596163a290a0"
    integrity sha1-vwEsPDLPLoL8f/vdYMtZYWOikKA=
    dependencies:
      "@babel/runtime" "^7.10.1"
      classnames "2.x"
      rc-select "^11.1.1"
      rc-tree "^3.8.0"
      rc-util "^5.0.5"
  
  rc-tree@^3.8.0, rc-tree@~3.9.0:
    version "3.9.5"
    resolved "https://registry.npm.taobao.org/rc-tree/download/rc-tree-3.9.5.tgz?cache=0&sync_timestamp=1599122654111&other_urls=https%3A%2F%2Fregistry.npm.taobao.org%2Frc-tree%2Fdownload%2Frc-tree-3.9.5.tgz#07bab1baf11414ec910578759e69f9373e93f424"
    integrity sha1-B7qxuvEUFOyRBXh1nmn5Nz6T9CQ=
    dependencies:
      "@babel/runtime" "^7.10.1"
      classnames "2.x"
      rc-motion "^1.0.0"
      rc-util "^5.0.0"
      rc-virtual-list "^3.0.1"
  
  rc-trigger@^4.0.0, rc-trigger@^4.2.1, rc-trigger@^4.3.0, rc-trigger@^4.4.0:
    version "4.4.3"
    resolved "https://registry.npm.taobao.org/rc-trigger/download/rc-trigger-4.4.3.tgz?cache=0&sync_timestamp=1600053675669&other_urls=https%3A%2F%2Fregistry.npm.taobao.org%2Frc-trigger%2Fdownload%2Frc-trigger-4.4.3.tgz#ed449cd6cce446555bc57f4394229c5c7154f4b0"
    integrity sha1-7USc1szkRlVbxX9DlCKcXHFU9LA=
    dependencies:
      "@babel/runtime" "^7.11.2"
      classnames "^2.2.6"
      raf "^3.4.1"
      rc-align "^4.0.0"
      rc-motion "^1.0.0"
      rc-util "^5.0.1"
  
  rc-trigger@^5.0.0, rc-trigger@~5.0.3:
    version "5.0.4"
    resolved "https://registry.npm.taobao.org/rc-trigger/download/rc-trigger-5.0.4.tgz?cache=0&sync_timestamp=1600053675669&other_urls=https%3A%2F%2Fregistry.npm.taobao.org%2Frc-trigger%2Fdownload%2Frc-trigger-5.0.4.tgz#957950a93ed0e19c128334c5fc65390dd886d61c"
    integrity sha1-lXlQqT7Q4ZwSgzTF/GU5DdiG1hw=
    dependencies:
      "@babel/runtime" "^7.11.2"
      classnames "^2.2.6"
      rc-align "^4.0.0"
      rc-motion "^2.0.0"
      rc-util "^5.2.1"
  
  rc-upload@~3.3.1:
    version "3.3.1"
    resolved "https://registry.npm.taobao.org/rc-upload/download/rc-upload-3.3.1.tgz?cache=0&sync_timestamp=1599448596265&other_urls=https%3A%2F%2Fregistry.npm.taobao.org%2Frc-upload%2Fdownload%2Frc-upload-3.3.1.tgz#ad8658b2a796031930b35d2b07ab312b7cd4c9ed"
    integrity sha1-rYZYsqeWAxkws10rB6sxK3zUye0=
    dependencies:
      "@babel/runtime" "^7.10.1"
      classnames "^2.2.5"
      rc-util "^5.2.0"
  
  rc-util@^5.0.0, rc-util@^5.0.1, rc-util@^5.0.4, rc-util@^5.0.5, rc-util@^5.0.6, rc-util@^5.0.7, rc-util@^5.1.0, rc-util@^5.2.0, rc-util@^5.2.1:
    version "5.2.1"
    resolved "https://registry.npm.taobao.org/rc-util/download/rc-util-5.2.1.tgz?cache=0&sync_timestamp=1599012440730&other_urls=https%3A%2F%2Fregistry.npm.taobao.org%2Frc-util%2Fdownload%2Frc-util-5.2.1.tgz#c01a3e25b4d65570e433f46f85fdf36ed44de6af"
    integrity sha1-wBo+JbTWVXDkM/Rvhf3zbtRN5q8=
    dependencies:
      react-is "^16.12.0"
      shallowequal "^1.1.0"
  
  rc-virtual-list@^3.0.1, rc-virtual-list@^3.0.3:
    version "3.0.16"
    resolved "https://registry.npm.taobao.org/rc-virtual-list/download/rc-virtual-list-3.0.16.tgz?cache=0&sync_timestamp=1600137102314&other_urls=https%3A%2F%2Fregistry.npm.taobao.org%2Frc-virtual-list%2Fdownload%2Frc-virtual-list-3.0.16.tgz#6e8a8ba8bf52c32a75f4bbe5cdff5ee960f5d8ca"
    integrity sha1-boqLqL9Swyp19Lvlzf9e6WD12Mo=
    dependencies:
      classnames "^2.2.6"
      rc-resize-observer "^0.2.3"
      rc-util "^5.0.7"
  
  rc@^1.2.8:
    version "1.2.8"
    resolved "https://registry.npm.taobao.org/rc/download/rc-1.2.8.tgz#cd924bf5200a075b83c188cd6b9e211b7fc0d3ed"
    integrity sha1-zZJL9SAKB1uDwYjNa54hG3/A0+0=
    dependencies:
      deep-extend "^0.6.0"
      ini "~1.3.0"
      minimist "^1.2.0"
      strip-json-comments "~2.0.1"
  
  react-app-polyfill@1.0.6:
    version "1.0.6"
    resolved "https://registry.npm.taobao.org/react-app-polyfill/download/react-app-polyfill-1.0.6.tgz#890f8d7f2842ce6073f030b117de9130a5f385f0"
    integrity sha1-iQ+NfyhCzmBz8DCxF96RMKXzhfA=
    dependencies:
      core-js "^3.5.0"
      object-assign "^4.1.1"
      promise "^8.0.3"
      raf "^3.4.1"
      regenerator-runtime "^0.13.3"
      whatwg-fetch "^3.0.0"
  
  react-dom@16.13.1:
    version "16.13.1"
    resolved "https://registry.npm.taobao.org/react-dom/download/react-dom-16.13.1.tgz#c1bd37331a0486c078ee54c4740720993b2e0e7f"
    integrity sha1-wb03MxoEhsB47lTEdAcgmTsuDn8=
    dependencies:
      loose-envify "^1.1.0"
      object-assign "^4.1.1"
      prop-types "^15.6.2"
      scheduler "^0.19.1"
  
  react-fast-compare@^3.1.1:
    version "3.2.0"
    resolved "https://registry.npm.taobao.org/react-fast-compare/download/react-fast-compare-3.2.0.tgz#641a9da81b6a6320f270e89724fb45a0b39e43bb"
    integrity sha1-ZBqdqBtqYyDycOiXJPtFoLOeQ7s=
  
  react-helmet@6.1.0:
    version "6.1.0"
    resolved "https://registry.npm.taobao.org/react-helmet/download/react-helmet-6.1.0.tgz#a750d5165cb13cf213e44747502652e794468726"
    integrity sha1-p1DVFlyxPPIT5EdHUCZS55RGhyY=
    dependencies:
      object-assign "^4.1.1"
      prop-types "^15.7.2"
      react-fast-compare "^3.1.1"
      react-side-effect "^2.1.0"
  
  react-is@^16.12.0, react-is@^16.6.0, react-is@^16.7.0, react-is@^16.8.1, react-is@^16.8.6, react-is@^16.9.0:
    version "16.13.1"
    resolved "https://registry.npm.taobao.org/react-is/download/react-is-16.13.1.tgz?cache=0&sync_timestamp=1598612913326&other_urls=https%3A%2F%2Fregistry.npm.taobao.org%2Freact-is%2Fdownload%2Freact-is-16.13.1.tgz#789729a4dc36de2999dc156dd6c1d9c18cea56a4"
    integrity sha1-eJcppNw23imZ3BVt1sHZwYzqVqQ=
  
  react-reconciler@^0.25.1:
    version "0.25.1"
    resolved "https://registry.npm.taobao.org/react-reconciler/download/react-reconciler-0.25.1.tgz?cache=0&other_urls=https%3A%2F%2Fregistry.npm.taobao.org%2Freact-reconciler%2Fdownload%2Freact-reconciler-0.25.1.tgz#f9814d59d115e1210762287ce987801529363aaa"
    integrity sha1-+YFNWdEV4SEHYih86YeAFSk2Oqo=
    dependencies:
      loose-envify "^1.1.0"
      object-assign "^4.1.1"
      prop-types "^15.6.2"
      scheduler "^0.19.1"
  
  react-redux@7.2.1:
    version "7.2.1"
    resolved "https://registry.npm.taobao.org/react-redux/download/react-redux-7.2.1.tgz#8dedf784901014db2feca1ab633864dee68ad985"
    integrity sha1-je33hJAQFNsv7KGrYzhk3uaK2YU=
    dependencies:
      "@babel/runtime" "^7.5.5"
      hoist-non-react-statics "^3.3.0"
      loose-envify "^1.4.0"
      prop-types "^15.7.2"
      react-is "^16.9.0"
  
  react-router-dom@5.2.0:
    version "5.2.0"
    resolved "https://registry.npm.taobao.org/react-router-dom/download/react-router-dom-5.2.0.tgz#9e65a4d0c45e13289e66c7b17c7e175d0ea15662"
    integrity sha1-nmWk0MReEyieZsexfH4XXQ6hVmI=
    dependencies:
      "@babel/runtime" "^7.1.2"
      history "^4.9.0"
      loose-envify "^1.3.1"
      prop-types "^15.6.2"
      react-router "5.2.0"
      tiny-invariant "^1.0.2"
      tiny-warning "^1.0.0"
  
  react-router@5.2.0:
    version "5.2.0"
    resolved "https://registry.npm.taobao.org/react-router/download/react-router-5.2.0.tgz?cache=0&other_urls=https%3A%2F%2Fregistry.npm.taobao.org%2Freact-router%2Fdownload%2Freact-router-5.2.0.tgz#424e75641ca8747fbf76e5ecca69781aa37ea293"
    integrity sha1-Qk51ZByodH+/duXsyml4GqN+opM=
    dependencies:
      "@babel/runtime" "^7.1.2"
      history "^4.9.0"
      hoist-non-react-statics "^3.1.0"
      loose-envify "^1.3.1"
      mini-create-react-context "^0.4.0"
      path-to-regexp "^1.7.0"
      prop-types "^15.6.2"
      react-is "^16.6.0"
      tiny-invariant "^1.0.2"
      tiny-warning "^1.0.0"
  
  react-side-effect@^2.1.0:
    version "2.1.0"
    resolved "https://registry.npm.taobao.org/react-side-effect/download/react-side-effect-2.1.0.tgz#1ce4a8b4445168c487ed24dab886421f74d380d3"
    integrity sha1-HOSotERRaMSH7STauIZCH3TTgNM=
  
  react-test-renderer@16.13.1:
    version "16.13.1"
    resolved "https://registry.npm.taobao.org/react-test-renderer/download/react-test-renderer-16.13.1.tgz#de25ea358d9012606de51e012d9742e7f0deabc1"
    integrity sha1-3iXqNY2QEmBt5R4BLZdC5/Deq8E=
    dependencies:
      object-assign "^4.1.1"
      prop-types "^15.6.2"
      react-is "^16.8.6"
      scheduler "^0.19.1"
  
  react@16.13.1:
    version "16.13.1"
    resolved "https://registry.npm.taobao.org/react/download/react-16.13.1.tgz#2e818822f1a9743122c063d6410d85c1e3afe48e"
    integrity sha1-LoGIIvGpdDEiwGPWQQ2FweOv5I4=
    dependencies:
      loose-envify "^1.1.0"
      object-assign "^4.1.1"
      prop-types "^15.6.2"
  
  read-config-file@6.0.0:
    version "6.0.0"
    resolved "https://registry.npm.taobao.org/read-config-file/download/read-config-file-6.0.0.tgz?cache=0&sync_timestamp=1585644703684&other_urls=https%3A%2F%2Fregistry.npm.taobao.org%2Fread-config-file%2Fdownload%2Fread-config-file-6.0.0.tgz#224b5dca6a5bdc1fb19e63f89f342680efdb9299"
    integrity sha1-Iktdympb3B+xnmP4nzQmgO/bkpk=
    dependencies:
      dotenv "^8.2.0"
      dotenv-expand "^5.1.0"
      js-yaml "^3.13.1"
      json5 "^2.1.2"
      lazy-val "^1.0.4"
  
  read-pkg-up@^2.0.0:
    version "2.0.0"
    resolved "https://registry.npm.taobao.org/read-pkg-up/download/read-pkg-up-2.0.0.tgz#6b72a8048984e0c41e79510fd5e9fa99b3b549be"
    integrity sha1-a3KoBImE4MQeeVEP1en6mbO1Sb4=
    dependencies:
      find-up "^2.0.0"
      read-pkg "^2.0.0"
  
  read-pkg-up@^7.0.1:
    version "7.0.1"
    resolved "https://registry.npm.taobao.org/read-pkg-up/download/read-pkg-up-7.0.1.tgz#f3a6135758459733ae2b95638056e1854e7ef507"
    integrity sha1-86YTV1hFlzOuK5VjgFbhhU5+9Qc=
    dependencies:
      find-up "^4.1.0"
      read-pkg "^5.2.0"
      type-fest "^0.8.1"
  
  read-pkg@^2.0.0:
    version "2.0.0"
    resolved "https://registry.npm.taobao.org/read-pkg/download/read-pkg-2.0.0.tgz#8ef1c0623c6a6db0dc6713c4bfac46332b2368f8"
    integrity sha1-jvHAYjxqbbDcZxPEv6xGMysjaPg=
    dependencies:
      load-json-file "^2.0.0"
      normalize-package-data "^2.3.2"
      path-type "^2.0.0"
  
  read-pkg@^5.2.0:
    version "5.2.0"
    resolved "https://registry.npm.taobao.org/read-pkg/download/read-pkg-5.2.0.tgz#7bf295438ca5a33e56cd30e053b34ee7250c93cc"
    integrity sha1-e/KVQ4yloz5WzTDgU7NO5yUMk8w=
    dependencies:
      "@types/normalize-package-data" "^2.4.0"
      normalize-package-data "^2.5.0"
      parse-json "^5.0.0"
      type-fest "^0.6.0"
  
  "readable-stream@1 || 2", readable-stream@^2.0.0, readable-stream@^2.0.1, readable-stream@^2.0.2, readable-stream@^2.1.5, readable-stream@^2.2.2, readable-stream@^2.3.0, readable-stream@^2.3.3, readable-stream@^2.3.5, readable-stream@^2.3.6, readable-stream@~2.3.6:
    version "2.3.7"
    resolved "https://registry.npm.taobao.org/readable-stream/download/readable-stream-2.3.7.tgz#1eca1cf711aef814c04f62252a36a62f6cb23b57"
    integrity sha1-Hsoc9xGu+BTAT2IlKjamL2yyO1c=
    dependencies:
      core-util-is "~1.0.0"
      inherits "~2.0.3"
      isarray "~1.0.0"
      process-nextick-args "~2.0.0"
      safe-buffer "~5.1.1"
      string_decoder "~1.1.1"
      util-deprecate "~1.0.1"
  
  readable-stream@^3.1.1, readable-stream@^3.6.0:
    version "3.6.0"
    resolved "https://registry.npm.taobao.org/readable-stream/download/readable-stream-3.6.0.tgz#337bbda3adc0706bd3e024426a286d4b4b2c9198"
    integrity sha1-M3u9o63AcGvT4CRCaihtS0sskZg=
    dependencies:
      inherits "^2.0.3"
      string_decoder "^1.1.1"
      util-deprecate "^1.0.1"
  
  readdirp@^2.2.1:
    version "2.2.1"
    resolved "https://registry.npm.taobao.org/readdirp/download/readdirp-2.2.1.tgz#0e87622a3325aa33e892285caf8b4e846529a525"
    integrity sha1-DodiKjMlqjPokihcr4tOhGUppSU=
    dependencies:
      graceful-fs "^4.1.11"
      micromatch "^3.1.10"
      readable-stream "^2.0.2"
  
  readdirp@~3.4.0:
    version "3.4.0"
    resolved "https://registry.npm.taobao.org/readdirp/download/readdirp-3.4.0.tgz#9fdccdf9e9155805449221ac645e8303ab5b9ada"
    integrity sha1-n9zN+ekVWAVEkiGsZF6DA6tbmto=
    dependencies:
      picomatch "^2.2.1"
  
  rechoir@^0.6.2:
    version "0.6.2"
    resolved "https://registry.npm.taobao.org/rechoir/download/rechoir-0.6.2.tgz#85204b54dba82d5742e28c96756ef43af50e3384"
    integrity sha1-hSBLVNuoLVdC4oyWdW70OvUOM4Q=
    dependencies:
      resolve "^1.1.6"
  
  redux-thunk@2.3.0:
    version "2.3.0"
    resolved "https://registry.npm.taobao.org/redux-thunk/download/redux-thunk-2.3.0.tgz#51c2c19a185ed5187aaa9a2d08b666d0d6467622"
    integrity sha1-UcLBmhhe1Rh6qpotCLZm0NZGdiI=
  
  redux@4.0.5:
    version "4.0.5"
    resolved "https://registry.npm.taobao.org/redux/download/redux-4.0.5.tgz#4db5de5816e17891de8a80c424232d06f051d93f"
    integrity sha1-TbXeWBbheJHeioDEJCMtBvBR2T8=
    dependencies:
      loose-envify "^1.4.0"
      symbol-observable "^1.2.0"
  
  regenerate-unicode-properties@^8.2.0:
    version "8.2.0"
    resolved "https://registry.npm.taobao.org/regenerate-unicode-properties/download/regenerate-unicode-properties-8.2.0.tgz#e5de7111d655e7ba60c057dbe9ff37c87e65cdec"
    integrity sha1-5d5xEdZV57pgwFfb6f83yH5lzew=
    dependencies:
      regenerate "^1.4.0"
  
  regenerate@^1.4.0:
    version "1.4.1"
    resolved "https://registry.npm.taobao.org/regenerate/download/regenerate-1.4.1.tgz#cad92ad8e6b591773485fbe05a485caf4f457e6f"
    integrity sha1-ytkq2Oa1kXc0hfvgWkhcr09Ffm8=
  
  regenerator-runtime@^0.13.3, regenerator-runtime@^0.13.4:
    version "0.13.7"
    resolved "https://registry.npm.taobao.org/regenerator-runtime/download/regenerator-runtime-0.13.7.tgz#cac2dacc8a1ea675feaabaeb8ae833898ae46f55"
    integrity sha1-ysLazIoepnX+qrrriugziYrkb1U=
  
  regenerator-transform@^0.14.2:
    version "0.14.5"
    resolved "https://registry.npm.taobao.org/regenerator-transform/download/regenerator-transform-0.14.5.tgz#c98da154683671c9c4dcb16ece736517e1b7feb4"
    integrity sha1-yY2hVGg2ccnE3LFuznNlF+G3/rQ=
    dependencies:
      "@babel/runtime" "^7.8.4"
  
  regex-not@^1.0.0, regex-not@^1.0.2:
    version "1.0.2"
    resolved "https://registry.npm.taobao.org/regex-not/download/regex-not-1.0.2.tgz#1f4ece27e00b0b65e0247a6810e6a85d83a5752c"
    integrity sha1-H07OJ+ALC2XgJHpoEOaoXYOldSw=
    dependencies:
      extend-shallow "^3.0.2"
      safe-regex "^1.1.0"
  
  regexp.prototype.flags@^1.3.0:
    version "1.3.0"
    resolved "https://registry.npm.taobao.org/regexp.prototype.flags/download/regexp.prototype.flags-1.3.0.tgz#7aba89b3c13a64509dabcf3ca8d9fbb9bdf5cb75"
    integrity sha1-erqJs8E6ZFCdq888qNn7ub31y3U=
    dependencies:
      define-properties "^1.1.3"
      es-abstract "^1.17.0-next.1"
  
  regexpp@^3.1.0:
    version "3.1.0"
    resolved "https://registry.npm.taobao.org/regexpp/download/regexpp-3.1.0.tgz?cache=0&sync_timestamp=1592843197777&other_urls=https%3A%2F%2Fregistry.npm.taobao.org%2Fregexpp%2Fdownload%2Fregexpp-3.1.0.tgz#206d0ad0a5648cffbdb8ae46438f3dc51c9f78e2"
    integrity sha1-IG0K0KVkjP+9uK5GQ489xRyfeOI=
  
  regexpu-core@^4.7.0:
    version "4.7.0"
    resolved "https://registry.npm.taobao.org/regexpu-core/download/regexpu-core-4.7.0.tgz#fcbf458c50431b0bb7b45d6967b8192d91f3d938"
    integrity sha1-/L9FjFBDGwu3tF1pZ7gZLZHz2Tg=
    dependencies:
      regenerate "^1.4.0"
      regenerate-unicode-properties "^8.2.0"
      regjsgen "^0.5.1"
      regjsparser "^0.6.4"
      unicode-match-property-ecmascript "^1.0.4"
      unicode-match-property-value-ecmascript "^1.2.0"
  
  registry-auth-token@^4.0.0:
    version "4.2.1"
    resolved "https://registry.npm.taobao.org/registry-auth-token/download/registry-auth-token-4.2.1.tgz?cache=0&sync_timestamp=1605012436264&other_urls=https%3A%2F%2Fregistry.npm.taobao.org%2Fregistry-auth-token%2Fdownload%2Fregistry-auth-token-4.2.1.tgz#6d7b4006441918972ccd5fedcd41dc322c79b250"
    integrity sha1-bXtABkQZGJcszV/tzUHcMix5slA=
    dependencies:
      rc "^1.2.8"
  
  registry-url@^5.0.0:
    version "5.1.0"
    resolved "https://registry.npm.taobao.org/registry-url/download/registry-url-5.1.0.tgz#e98334b50d5434b81136b44ec638d9c2009c5009"
    integrity sha1-6YM0tQ1UNLgRNrROxjjZwgCcUAk=
    dependencies:
      rc "^1.2.8"
  
  regjsgen@^0.5.1:
    version "0.5.2"
    resolved "https://registry.npm.taobao.org/regjsgen/download/regjsgen-0.5.2.tgz#92ff295fb1deecbf6ecdab2543d207e91aa33733"
    integrity sha1-kv8pX7He7L9uzaslQ9IH6RqjNzM=
  
  regjsparser@^0.6.4:
    version "0.6.4"
    resolved "https://registry.npm.taobao.org/regjsparser/download/regjsparser-0.6.4.tgz#a769f8684308401a66e9b529d2436ff4d0666272"
    integrity sha1-p2n4aEMIQBpm6bUp0kNv9NBmYnI=
    dependencies:
      jsesc "~0.5.0"
  
  regression@^2.0.0:
    version "2.0.1"
    resolved "https://registry.npm.taobao.org/regression/download/regression-2.0.1.tgz#8d29c3e8224a10850c35e337e85a8b2fac3b0c87"
    integrity sha1-jSnD6CJKEIUMNeM36FqLL6w7DIc=
  
  relateurl@^0.2.7:
    version "0.2.7"
    resolved "https://registry.npm.taobao.org/relateurl/download/relateurl-0.2.7.tgz#54dbf377e51440aca90a4cd274600d3ff2d888a9"
    integrity sha1-VNvzd+UUQKypCkzSdGANP/LYiKk=
  
  remove-trailing-separator@^1.0.1:
    version "1.1.0"
    resolved "https://registry.npm.taobao.org/remove-trailing-separator/download/remove-trailing-separator-1.1.0.tgz#c24bce2a283adad5bc3f58e0d48249b92379d8ef"
    integrity sha1-wkvOKig62tW8P1jg1IJJuSN52O8=
  
  renderkid@^2.0.1:
    version "2.0.3"
    resolved "https://registry.npm.taobao.org/renderkid/download/renderkid-2.0.3.tgz#380179c2ff5ae1365c522bf2fcfcff01c5b74149"
    integrity sha1-OAF5wv9a4TZcUivy/Pz/AcW3QUk=
    dependencies:
      css-select "^1.1.0"
      dom-converter "^0.2"
      htmlparser2 "^3.3.0"
      strip-ansi "^3.0.0"
      utila "^0.4.0"
  
  repeat-element@^1.1.2:
    version "1.1.3"
    resolved "https://registry.npm.taobao.org/repeat-element/download/repeat-element-1.1.3.tgz#782e0d825c0c5a3bb39731f84efee6b742e6b1ce"
    integrity sha1-eC4NglwMWjuzlzH4Tv7mt0Lmsc4=
  
  repeat-string@^1.6.1:
    version "1.6.1"
    resolved "https://registry.npm.taobao.org/repeat-string/download/repeat-string-1.6.1.tgz#8dcae470e1c88abc2d600fff4a776286da75e637"
    integrity sha1-jcrkcOHIirwtYA//Sndihtp15jc=
  
  request-promise-core@1.1.4:
    version "1.1.4"
    resolved "https://registry.npm.taobao.org/request-promise-core/download/request-promise-core-1.1.4.tgz?cache=0&sync_timestamp=1595378718097&other_urls=https%3A%2F%2Fregistry.npm.taobao.org%2Frequest-promise-core%2Fdownload%2Frequest-promise-core-1.1.4.tgz#3eedd4223208d419867b78ce815167d10593a22f"
    integrity sha1-Pu3UIjII1BmGe3jOgVFn0QWToi8=
    dependencies:
      lodash "^4.17.19"
  
  request-promise-native@^1.0.8:
    version "1.0.9"
    resolved "https://registry.npm.taobao.org/request-promise-native/download/request-promise-native-1.0.9.tgz#e407120526a5efdc9a39b28a5679bf47b9d9dc28"
    integrity sha1-5AcSBSal79yaObKKVnm/R7nZ3Cg=
    dependencies:
      request-promise-core "1.1.4"
      stealthy-require "^1.1.1"
      tough-cookie "^2.3.3"
  
  request@^2.88.2:
    version "2.88.2"
    resolved "https://registry.npm.taobao.org/request/download/request-2.88.2.tgz?cache=0&sync_timestamp=1592843183066&other_urls=https%3A%2F%2Fregistry.npm.taobao.org%2Frequest%2Fdownload%2Frequest-2.88.2.tgz#d73c918731cb5a87da047e207234146f664d12b3"
    integrity sha1-1zyRhzHLWofaBH4gcjQUb2ZNErM=
    dependencies:
      aws-sign2 "~0.7.0"
      aws4 "^1.8.0"
      caseless "~0.12.0"
      combined-stream "~1.0.6"
      extend "~3.0.2"
      forever-agent "~0.6.1"
      form-data "~2.3.2"
      har-validator "~5.1.3"
      http-signature "~1.2.0"
      is-typedarray "~1.0.0"
      isstream "~0.1.2"
      json-stringify-safe "~5.0.1"
      mime-types "~2.1.19"
      oauth-sign "~0.9.0"
      performance-now "^2.1.0"
      qs "~6.5.2"
      safe-buffer "^5.1.2"
      tough-cookie "~2.5.0"
      tunnel-agent "^0.6.0"
      uuid "^3.3.2"
  
  require-directory@^2.1.1:
    version "2.1.1"
    resolved "https://registry.npm.taobao.org/require-directory/download/require-directory-2.1.1.tgz#8c64ad5fd30dab1c976e2344ffe7f792a6a6df42"
    integrity sha1-jGStX9MNqxyXbiNE/+f3kqam30I=
  
  require-main-filename@^2.0.0:
    version "2.0.0"
    resolved "https://registry.npm.taobao.org/require-main-filename/download/require-main-filename-2.0.0.tgz#d0b329ecc7cc0f61649f62215be69af54aa8989b"
    integrity sha1-0LMp7MfMD2Fkn2IhW+aa9UqomJs=
  
  require-package-name@^2.0.1:
    version "2.0.1"
    resolved "https://registry.npm.taobao.org/require-package-name/download/require-package-name-2.0.1.tgz#c11e97276b65b8e2923f75dabf5fb2ef0c3841b9"
    integrity sha1-wR6XJ2tluOKSP3Xav1+y7ww4Qbk=
  
  requires-port@^1.0.0:
    version "1.0.0"
    resolved "https://registry.npm.taobao.org/requires-port/download/requires-port-1.0.0.tgz#925d2601d39ac485e091cf0da5c6e694dc3dcaff"
    integrity sha1-kl0mAdOaxIXgkc8NpcbmlNw9yv8=
  
  reselect@4.0.0:
    version "4.0.0"
    resolved "https://registry.npm.taobao.org/reselect/download/reselect-4.0.0.tgz#f2529830e5d3d0e021408b246a206ef4ea4437f7"
    integrity sha1-8lKYMOXT0OAhQIskaiBu9OpEN/c=
  
  resize-observer-polyfill@^1.5.0, resize-observer-polyfill@^1.5.1:
    version "1.5.1"
    resolved "https://registry.npm.taobao.org/resize-observer-polyfill/download/resize-observer-polyfill-1.5.1.tgz#0e9020dd3d21024458d4ebd27e23e40269810464"
    integrity sha1-DpAg3T0hAkRY1OvSfiPkAmmBBGQ=
  
  resolve-cwd@^2.0.0:
    version "2.0.0"
    resolved "https://registry.npm.taobao.org/resolve-cwd/download/resolve-cwd-2.0.0.tgz?cache=0&sync_timestamp=1577797763257&other_urls=https%3A%2F%2Fregistry.npm.taobao.org%2Fresolve-cwd%2Fdownload%2Fresolve-cwd-2.0.0.tgz#00a9f7387556e27038eae232caa372a6a59b665a"
    integrity sha1-AKn3OHVW4nA46uIyyqNypqWbZlo=
    dependencies:
      resolve-from "^3.0.0"
  
  resolve-cwd@^3.0.0:
    version "3.0.0"
    resolved "https://registry.npm.taobao.org/resolve-cwd/download/resolve-cwd-3.0.0.tgz?cache=0&sync_timestamp=1577797763257&other_urls=https%3A%2F%2Fregistry.npm.taobao.org%2Fresolve-cwd%2Fdownload%2Fresolve-cwd-3.0.0.tgz#0f0075f1bb2544766cf73ba6a6e2adfebcb13f2d"
    integrity sha1-DwB18bslRHZs9zumpuKt/ryxPy0=
    dependencies:
      resolve-from "^5.0.0"
  
  resolve-dir@^1.0.0, resolve-dir@^1.0.1:
    version "1.0.1"
    resolved "https://registry.npm.taobao.org/resolve-dir/download/resolve-dir-1.0.1.tgz#79a40644c362be82f26effe739c9bb5382046f43"
    integrity sha1-eaQGRMNivoLybv/nOcm7U4IEb0M=
    dependencies:
      expand-tilde "^2.0.0"
      global-modules "^1.0.0"
  
  resolve-from@^3.0.0:
    version "3.0.0"
    resolved "https://registry.npm.taobao.org/resolve-from/download/resolve-from-3.0.0.tgz#b22c7af7d9d6881bc8b6e653335eebcb0a188748"
    integrity sha1-six699nWiBvItuZTM17rywoYh0g=
  
  resolve-from@^4.0.0:
    version "4.0.0"
    resolved "https://registry.npm.taobao.org/resolve-from/download/resolve-from-4.0.0.tgz#4abcd852ad32dd7baabfe9b40e00a36db5f392e6"
    integrity sha1-SrzYUq0y3Xuqv+m0DgCjbbXzkuY=
  
  resolve-from@^5.0.0:
    version "5.0.0"
    resolved "https://registry.npm.taobao.org/resolve-from/download/resolve-from-5.0.0.tgz#c35225843df8f776df21c57557bc087e9dfdfc69"
    integrity sha1-w1IlhD3493bfIcV1V7wIfp39/Gk=
  
  resolve-pathname@^3.0.0:
    version "3.0.0"
    resolved "https://registry.npm.taobao.org/resolve-pathname/download/resolve-pathname-3.0.0.tgz#99d02224d3cf263689becbb393bc560313025dcd"
    integrity sha1-mdAiJNPPJjaJvsuzk7xWAxMCXc0=
  
  resolve-url@^0.2.1:
    version "0.2.1"
    resolved "https://registry.npm.taobao.org/resolve-url/download/resolve-url-0.2.1.tgz#2c637fe77c893afd2a663fe21aa9080068e2052a"
    integrity sha1-LGN/53yJOv0qZj/iGqkIAGjiBSo=
  
  resolve@^1.1.6, resolve@^1.1.7, resolve@^1.10.0, resolve@^1.12.0, resolve@^1.13.1, resolve@^1.17.0, resolve@^1.3.2:
    version "1.17.0"
    resolved "https://registry.npm.taobao.org/resolve/download/resolve-1.17.0.tgz#b25941b54968231cc2d1bb76a79cb7f2c0bf8444"
    integrity sha1-sllBtUloIxzC0bt2p5y38sC/hEQ=
    dependencies:
      path-parse "^1.0.6"
  
  responselike@1.0.2, responselike@^1.0.2:
    version "1.0.2"
    resolved "https://registry.npm.taobao.org/responselike/download/responselike-1.0.2.tgz#918720ef3b631c5642be068f15ade5a46f4ba1e7"
    integrity sha1-kYcg7ztjHFZCvgaPFa3lpG9Loec=
    dependencies:
      lowercase-keys "^1.0.0"
  
  restore-cursor@^2.0.0:
    version "2.0.0"
    resolved "https://registry.npm.taobao.org/restore-cursor/download/restore-cursor-2.0.0.tgz#9f7ee287f82fd326d4fd162923d62129eee0dfaf"
    integrity sha1-n37ih/gv0ybU/RYpI9YhKe7g368=
    dependencies:
      onetime "^2.0.0"
      signal-exit "^3.0.2"
  
  restore-cursor@^3.1.0:
    version "3.1.0"
    resolved "https://registry.npm.taobao.org/restore-cursor/download/restore-cursor-3.1.0.tgz#39f67c54b3a7a58cea5236d95cf0034239631f7e"
    integrity sha1-OfZ8VLOnpYzqUjbZXPADQjljH34=
    dependencies:
      onetime "^5.1.0"
      signal-exit "^3.0.2"
  
  ret@~0.1.10:
    version "0.1.15"
    resolved "https://registry.npm.taobao.org/ret/download/ret-0.1.15.tgz#b8a4825d5bdb1fc3f6f53c2bc33f81388681c7bc"
    integrity sha1-uKSCXVvbH8P29Twrwz+BOIaBx7w=
  
  reusify@^1.0.4:
    version "1.0.4"
    resolved "https://registry.npm.taobao.org/reusify/download/reusify-1.0.4.tgz#90da382b1e126efc02146e90845a88db12925d76"
    integrity sha1-kNo4Kx4SbvwCFG6QhFqI2xKSXXY=
  
  rgbcolor@^1.0.1:
    version "1.0.1"
    resolved "https://registry.npm.taobao.org/rgbcolor/download/rgbcolor-1.0.1.tgz#d6505ecdb304a6595da26fa4b43307306775945d"
    integrity sha1-1lBezbMEplldom+ktDMHMGd1lF0=
  
  rimraf@2.6.3:
    version "2.6.3"
    resolved "https://registry.npm.taobao.org/rimraf/download/rimraf-2.6.3.tgz#b2d104fe0d8fb27cf9e0a1cda8262dd3833c6cab"
    integrity sha1-stEE/g2Psnz54KHNqCYt04M8bKs=
    dependencies:
      glob "^7.1.3"
  
  rimraf@3.0.2, rimraf@^3.0.0, rimraf@^3.0.2:
    version "3.0.2"
    resolved "https://registry.npm.taobao.org/rimraf/download/rimraf-3.0.2.tgz#f1a5402ba6220ad52cc1282bac1ae3aa49fd061a"
    integrity sha1-8aVAK6YiCtUswSgrrBrjqkn9Bho=
    dependencies:
      glob "^7.1.3"
  
  rimraf@^2.5.4, rimraf@^2.6.3:
    version "2.7.1"
    resolved "https://registry.npm.taobao.org/rimraf/download/rimraf-2.7.1.tgz#35797f13a7fdadc566142c29d4f07ccad483e3ec"
    integrity sha1-NXl/E6f9rcVmFCwp1PB8ytSD4+w=
    dependencies:
      glob "^7.1.3"
  
  ripemd160@^2.0.0, ripemd160@^2.0.1:
    version "2.0.2"
    resolved "https://registry.npm.taobao.org/ripemd160/download/ripemd160-2.0.2.tgz#a1c1a6f624751577ba5d07914cbc92850585890c"
    integrity sha1-ocGm9iR1FXe6XQeRTLyShQWFiQw=
    dependencies:
      hash-base "^3.0.0"
      inherits "^2.0.1"
  
  roarr@^2.15.3:
    version "2.15.4"
    resolved "https://registry.npm.taobao.org/roarr/download/roarr-2.15.4.tgz#f5fe795b7b838ccfe35dc608e0282b9eba2e7afd"
    integrity sha1-9f55W3uDjM/jXcYI4Cgrnrouev0=
    dependencies:
      boolean "^3.0.1"
      detect-node "^2.0.4"
      globalthis "^1.0.1"
      json-stringify-safe "^5.0.1"
      semver-compare "^1.0.0"
      sprintf-js "^1.1.2"
  
  rsvp@^4.8.4:
    version "4.8.5"
    resolved "https://registry.npm.taobao.org/rsvp/download/rsvp-4.8.5.tgz#c8f155311d167f68f21e168df71ec5b083113734"
    integrity sha1-yPFVMR0Wf2jyHhaN9x7FsIMRNzQ=
  
  run-async@^2.4.0:
    version "2.4.1"
    resolved "https://registry.npm.taobao.org/run-async/download/run-async-2.4.1.tgz#8440eccf99ea3e70bd409d49aab88e10c189a455"
    integrity sha1-hEDsz5nqPnC9QJ1JqriOEMGJpFU=
  
  run-parallel@^1.1.9:
    version "1.1.9"
    resolved "https://registry.npm.taobao.org/run-parallel/download/run-parallel-1.1.9.tgz#c9dd3a7cf9f4b2c4b6244e173a6ed866e61dd679"
    integrity sha1-yd06fPn0ssS2JE4XOm7YZuYd1nk=
  
  run-queue@^1.0.0, run-queue@^1.0.3:
    version "1.0.3"
    resolved "https://registry.npm.taobao.org/run-queue/download/run-queue-1.0.3.tgz#e848396f057d223f24386924618e25694161ec47"
    integrity sha1-6Eg5bwV9Ij8kOGkkYY4laUFh7Ec=
    dependencies:
      aproba "^1.1.1"
  
  rw@1:
    version "1.3.3"
    resolved "https://registry.npm.taobao.org/rw/download/rw-1.3.3.tgz#3f862dfa91ab766b14885ef4d01124bfda074fb4"
    integrity sha1-P4Yt+pGrdmsUiF700BEkv9oHT7Q=
  
  rxjs@^6.4.0, rxjs@^6.6.0, rxjs@^6.6.2:
    version "6.6.3"
    resolved "https://registry.npm.taobao.org/rxjs/download/rxjs-6.6.3.tgz?cache=0&sync_timestamp=1599403223598&other_urls=https%3A%2F%2Fregistry.npm.taobao.org%2Frxjs%2Fdownload%2Frxjs-6.6.3.tgz#8ca84635c4daa900c0d3967a6ee7ac60271ee552"
    integrity sha1-jKhGNcTaqQDA05Z6buesYCce5VI=
    dependencies:
      tslib "^1.9.0"
  
  safe-buffer@5.1.2, safe-buffer@~5.1.0, safe-buffer@~5.1.1:
    version "5.1.2"
    resolved "https://registry.npm.taobao.org/safe-buffer/download/safe-buffer-5.1.2.tgz#991ec69d296e0313747d59bdfd2b745c35f8828d"
    integrity sha1-mR7GnSluAxN0fVm9/St0XDX4go0=
  
  safe-buffer@^5.0.1, safe-buffer@^5.1.0, safe-buffer@^5.1.1, safe-buffer@^5.1.2, safe-buffer@^5.2.0, safe-buffer@~5.2.0:
    version "5.2.1"
    resolved "https://registry.npm.taobao.org/safe-buffer/download/safe-buffer-5.2.1.tgz#1eaf9fa9bdb1fdd4ec75f58f9cdb4e6b7827eec6"
    integrity sha1-Hq+fqb2x/dTsdfWPnNtOa3gn7sY=
  
  safe-regex@^1.1.0:
    version "1.1.0"
    resolved "https://registry.npm.taobao.org/safe-regex/download/safe-regex-1.1.0.tgz#40a3669f3b077d1e943d44629e157dd48023bf2e"
    integrity sha1-QKNmnzsHfR6UPURinhV91IAjvy4=
    dependencies:
      ret "~0.1.10"
  
  "safer-buffer@>= 2.1.2 < 3", "safer-buffer@>= 2.1.2 < 3.0.0", safer-buffer@^2.0.2, safer-buffer@^2.1.0, safer-buffer@~2.1.0:
    version "2.1.2"
    resolved "https://registry.npm.taobao.org/safer-buffer/download/safer-buffer-2.1.2.tgz#44fa161b0187b9549dd84bb91802f9bd8385cd6a"
    integrity sha1-RPoWGwGHuVSd2Eu5GAL5vYOFzWo=
  
  sane@^4.0.3:
    version "4.1.0"
    resolved "https://registry.npm.taobao.org/sane/download/sane-4.1.0.tgz#ed881fd922733a6c461bc189dc2b6c006f3ffded"
    integrity sha1-7Ygf2SJzOmxGG8GJ3CtsAG8//e0=
    dependencies:
      "@cnakazawa/watch" "^1.0.3"
      anymatch "^2.0.0"
      capture-exit "^2.0.0"
      exec-sh "^0.3.2"
      execa "^1.0.0"
      fb-watchman "^2.0.0"
      micromatch "^3.1.4"
      minimist "^1.1.1"
      walker "~1.0.5"
  
  sanitize-filename@^1.6.2, sanitize-filename@^1.6.3:
    version "1.6.3"
    resolved "https://registry.npm.taobao.org/sanitize-filename/download/sanitize-filename-1.6.3.tgz#755ebd752045931977e30b2025d340d7c9090378"
    integrity sha1-dV69dSBFkxl34wsgJdNA18kJA3g=
    dependencies:
      truncate-utf8-bytes "^1.0.0"
  
  sax@>=0.6.0, sax@^1.2.4:
    version "1.2.4"
    resolved "https://registry.npm.taobao.org/sax/download/sax-1.2.4.tgz#2816234e2378bddc4e5354fab5caa895df7100d9"
    integrity sha1-KBYjTiN4vdxOU1T6tcqold9xANk=
  
  saxes@^5.0.0:
    version "5.0.1"
    resolved "https://registry.npm.taobao.org/saxes/download/saxes-5.0.1.tgz#eebab953fa3b7608dbe94e5dadb15c888fa6696d"
    integrity sha1-7rq5U/o7dgjb6U5drbFciI+maW0=
    dependencies:
      xmlchars "^2.2.0"
  
  scheduler@^0.19.1:
    version "0.19.1"
    resolved "https://registry.npm.taobao.org/scheduler/download/scheduler-0.19.1.tgz?cache=0&sync_timestamp=1598612905778&other_urls=https%3A%2F%2Fregistry.npm.taobao.org%2Fscheduler%2Fdownload%2Fscheduler-0.19.1.tgz#4f3e2ed2c1a7d65681f4c854fa8c5a1ccb40f196"
    integrity sha1-Tz4u0sGn1laB9MhU+oxaHMtA8ZY=
    dependencies:
      loose-envify "^1.1.0"
      object-assign "^4.1.1"
  
  schema-utils@^1.0.0:
    version "1.0.0"
    resolved "https://registry.npm.taobao.org/schema-utils/download/schema-utils-1.0.0.tgz#0b79a93204d7b600d4b2850d1f66c2a34951c770"
    integrity sha1-C3mpMgTXtgDUsoUNH2bCo0lRx3A=
    dependencies:
      ajv "^6.1.0"
      ajv-errors "^1.0.0"
      ajv-keywords "^3.1.0"
  
  schema-utils@^2.6.5, schema-utils@^2.6.6, schema-utils@^2.7.0, schema-utils@^2.7.1:
    version "2.7.1"
    resolved "https://registry.npm.taobao.org/schema-utils/download/schema-utils-2.7.1.tgz#1ca4f32d1b24c590c203b8e7a50bf0ea4cd394d7"
    integrity sha1-HKTzLRskxZDCA7jnpQvw6kzTlNc=
    dependencies:
      "@types/json-schema" "^7.0.5"
      ajv "^6.12.4"
      ajv-keywords "^3.5.2"
  
  scroll-into-view-if-needed@^2.2.25:
    version "2.2.26"
    resolved "https://registry.npm.taobao.org/scroll-into-view-if-needed/download/scroll-into-view-if-needed-2.2.26.tgz?cache=0&sync_timestamp=1599055279395&other_urls=https%3A%2F%2Fregistry.npm.taobao.org%2Fscroll-into-view-if-needed%2Fdownload%2Fscroll-into-view-if-needed-2.2.26.tgz#e4917da0c820135ff65ad6f7e4b7d7af568c4f13"
    integrity sha1-5JF9oMggE1/2Wtb35LfXr1aMTxM=
    dependencies:
      compute-scroll-into-view "^1.0.16"
  
  seek-bzip@^1.0.5:
    version "1.0.6"
    resolved "https://registry.npm.taobao.org/seek-bzip/download/seek-bzip-1.0.6.tgz#35c4171f55a680916b52a07859ecf3b5857f21c4"
    integrity sha1-NcQXH1WmgJFrUqB4WezztYV/IcQ=
    dependencies:
      commander "^2.8.1"
  
  semver-compare@^1.0.0:
    version "1.0.0"
    resolved "https://registry.npm.taobao.org/semver-compare/download/semver-compare-1.0.0.tgz#0dee216a1c941ab37e9efb1788f6afc5ff5537fc"
    integrity sha1-De4hahyUGrN+nvsXiPavxf9VN/w=
  
  semver-diff@^3.1.1:
    version "3.1.1"
    resolved "https://registry.npm.taobao.org/semver-diff/download/semver-diff-3.1.1.tgz#05f77ce59f325e00e2706afd67bb506ddb1ca32b"
    integrity sha1-Bfd85Z8yXgDicGr9Z7tQbdscoys=
    dependencies:
      semver "^6.3.0"
  
  semver-regex@^2.0.0:
    version "2.0.0"
    resolved "https://registry.npm.taobao.org/semver-regex/download/semver-regex-2.0.0.tgz#a93c2c5844539a770233379107b38c7b4ac9d338"
    integrity sha1-qTwsWERTmncCMzeRB7OMe0rJ0zg=
  
  semver-truncate@^1.1.2:
    version "1.1.2"
    resolved "https://registry.npm.taobao.org/semver-truncate/download/semver-truncate-1.1.2.tgz#57f41de69707a62709a7e0104ba2117109ea47e8"
    integrity sha1-V/Qd5pcHpicJp+AQS6IRcQnqR+g=
    dependencies:
      semver "^5.3.0"
  
  "semver@2 || 3 || 4 || 5", semver@^5.3.0, semver@^5.4.1, semver@^5.5.0, semver@^5.6.0, semver@^5.7.1:
    version "5.7.1"
    resolved "https://registry.npm.taobao.org/semver/download/semver-5.7.1.tgz#a954f931aeba508d307bbf069eff0c01c96116f7"
    integrity sha1-qVT5Ma66UI0we78Gnv8MAclhFvc=
  
  semver@7.0.0:
    version "7.0.0"
    resolved "https://registry.npm.taobao.org/semver/download/semver-7.0.0.tgz#5f3ca35761e47e05b206c6daff2cf814f0316b8e"
    integrity sha1-XzyjV2HkfgWyBsba/yz4FPAxa44=
  
  semver@^6.0.0, semver@^6.2.0, semver@^6.3.0:
    version "6.3.0"
    resolved "https://registry.npm.taobao.org/semver/download/semver-6.3.0.tgz#ee0a64c8af5e8ceea67687b133761e1becbd1d3d"
    integrity sha1-7gpkyK9ejO6mdoexM3YeG+y9HT0=
  
  semver@^7.2.1, semver@^7.3.2:
    version "7.3.2"
    resolved "https://registry.npm.taobao.org/semver/download/semver-7.3.2.tgz#604962b052b81ed0786aae84389ffba70ffd3938"
    integrity sha1-YElisFK4HtB4aq6EOJ/7pw/9OTg=
  
  send@0.17.1:
    version "0.17.1"
    resolved "https://registry.npm.taobao.org/send/download/send-0.17.1.tgz#c1d8b059f7900f7466dd4938bdc44e11ddb376c8"
    integrity sha1-wdiwWfeQD3Rm3Uk4vcROEd2zdsg=
    dependencies:
      debug "2.6.9"
      depd "~1.1.2"
      destroy "~1.0.4"
      encodeurl "~1.0.2"
      escape-html "~1.0.3"
      etag "~1.8.1"
      fresh "0.5.2"
      http-errors "~1.7.2"
      mime "1.6.0"
      ms "2.1.1"
      on-finished "~2.3.0"
      range-parser "~1.2.1"
      statuses "~1.5.0"
  
  sentence-case@^2.1.0:
    version "2.1.1"
    resolved "https://registry.npm.taobao.org/sentence-case/download/sentence-case-2.1.1.tgz#1f6e2dda39c168bf92d13f86d4a918933f667ed4"
    integrity sha1-H24t2jnBaL+S0T+G1KkYkz9mftQ=
    dependencies:
      no-case "^2.2.0"
      upper-case-first "^1.1.2"
  
  serialize-error@^7.0.1:
    version "7.0.1"
    resolved "https://registry.npm.taobao.org/serialize-error/download/serialize-error-7.0.1.tgz#f1360b0447f61ffb483ec4157c737fab7d778e18"
    integrity sha1-8TYLBEf2H/tIPsQVfHN/q313jhg=
    dependencies:
      type-fest "^0.13.1"
  
  serialize-javascript@^4.0.0:
    version "4.0.0"
    resolved "https://registry.npm.taobao.org/serialize-javascript/download/serialize-javascript-4.0.0.tgz?cache=0&sync_timestamp=1599740668657&other_urls=https%3A%2F%2Fregistry.npm.taobao.org%2Fserialize-javascript%2Fdownload%2Fserialize-javascript-4.0.0.tgz#b525e1238489a5ecfc42afacc3fe99e666f4b1aa"
    integrity sha1-tSXhI4SJpez8Qq+sw/6Z5mb0sao=
    dependencies:
      randombytes "^2.1.0"
  
  serialize-javascript@^5.0.1:
    version "5.0.1"
    resolved "https://registry.npm.taobao.org/serialize-javascript/download/serialize-javascript-5.0.1.tgz?cache=0&sync_timestamp=1599740668657&other_urls=https%3A%2F%2Fregistry.npm.taobao.org%2Fserialize-javascript%2Fdownload%2Fserialize-javascript-5.0.1.tgz#7886ec848049a462467a97d3d918ebb2aaf934f4"
    integrity sha1-eIbshIBJpGJGepfT2Rjrsqr5NPQ=
    dependencies:
      randombytes "^2.1.0"
  
  serve-static@1.14.1:
    version "1.14.1"
    resolved "https://registry.npm.taobao.org/serve-static/download/serve-static-1.14.1.tgz#666e636dc4f010f7ef29970a88a674320898b2f9"
    integrity sha1-Zm5jbcTwEPfvKZcKiKZ0MgiYsvk=
    dependencies:
      encodeurl "~1.0.2"
      escape-html "~1.0.3"
      parseurl "~1.3.3"
      send "0.17.1"
  
  set-blocking@^2.0.0:
    version "2.0.0"
    resolved "https://registry.npm.taobao.org/set-blocking/download/set-blocking-2.0.0.tgz#045f9782d011ae9a6803ddd382b24392b3d890f7"
    integrity sha1-BF+XgtARrppoA93TgrJDkrPYkPc=
  
  set-value@^2.0.0, set-value@^2.0.1:
    version "2.0.1"
    resolved "https://registry.npm.taobao.org/set-value/download/set-value-2.0.1.tgz#a18d40530e6f07de4228c7defe4227af8cad005b"
    integrity sha1-oY1AUw5vB95CKMfe/kInr4ytAFs=
    dependencies:
      extend-shallow "^2.0.1"
      is-extendable "^0.1.1"
      is-plain-object "^2.0.3"
      split-string "^3.0.1"
  
  setimmediate@^1.0.4:
    version "1.0.5"
    resolved "https://registry.npm.taobao.org/setimmediate/download/setimmediate-1.0.5.tgz#290cbb232e306942d7d7ea9b83732ab7856f8285"
    integrity sha1-KQy7Iy4waULX1+qbg3Mqt4VvgoU=
  
  setprototypeof@1.1.1:
    version "1.1.1"
    resolved "https://registry.npm.taobao.org/setprototypeof/download/setprototypeof-1.1.1.tgz#7e95acb24aa92f5885e0abef5ba131330d4ae683"
    integrity sha1-fpWsskqpL1iF4KvvW6ExMw1K5oM=
  
  sha.js@^2.4.0, sha.js@^2.4.8:
    version "2.4.11"
    resolved "https://registry.npm.taobao.org/sha.js/download/sha.js-2.4.11.tgz#37a5cf0b81ecbc6943de109ba2960d1b26584ae7"
    integrity sha1-N6XPC4HsvGlD3hCbopYNGyZYSuc=
    dependencies:
      inherits "^2.0.1"
      safe-buffer "^5.0.1"
  
  shallowequal@^1.0.2, shallowequal@^1.1.0:
    version "1.1.0"
    resolved "https://registry.npm.taobao.org/shallowequal/download/shallowequal-1.1.0.tgz#188d521de95b9087404fd4dcb68b13df0ae4e7f8"
    integrity sha1-GI1SHelbkIdAT9TctosT3wrk5/g=
  
  shebang-command@^1.2.0:
    version "1.2.0"
    resolved "https://registry.npm.taobao.org/shebang-command/download/shebang-command-1.2.0.tgz#44aac65b695b03398968c39f363fee5deafdf1ea"
    integrity sha1-RKrGW2lbAzmJaMOfNj/uXer98eo=
    dependencies:
      shebang-regex "^1.0.0"
  
  shebang-command@^2.0.0:
    version "2.0.0"
    resolved "https://registry.npm.taobao.org/shebang-command/download/shebang-command-2.0.0.tgz#ccd0af4f8835fbdc265b82461aaf0c36663f34ea"
    integrity sha1-zNCvT4g1+9wmW4JGGq8MNmY/NOo=
    dependencies:
      shebang-regex "^3.0.0"
  
  shebang-regex@^1.0.0:
    version "1.0.0"
    resolved "https://registry.npm.taobao.org/shebang-regex/download/shebang-regex-1.0.0.tgz#da42f49740c0b42db2ca9728571cb190c98efea3"
    integrity sha1-2kL0l0DAtC2yypcoVxyxkMmO/qM=
  
  shebang-regex@^3.0.0:
    version "3.0.0"
    resolved "https://registry.npm.taobao.org/shebang-regex/download/shebang-regex-3.0.0.tgz#ae16f1644d873ecad843b0307b143362d4c42172"
    integrity sha1-rhbxZE2HPsrYQ7AwexQzYtTEIXI=
  
  shelljs@0.8.4:
    version "0.8.4"
    resolved "https://registry.npm.taobao.org/shelljs/download/shelljs-0.8.4.tgz#de7684feeb767f8716b326078a8a00875890e3c2"
    integrity sha1-3naE/ut2f4cWsyYHiooAh1iQ48I=
    dependencies:
      glob "^7.0.0"
      interpret "^1.0.0"
      rechoir "^0.6.2"
  
  shellwords@^0.1.1:
    version "0.1.1"
    resolved "https://registry.npm.taobao.org/shellwords/download/shellwords-0.1.1.tgz#d6b9181c1a48d397324c84871efbcfc73fc0654b"
    integrity sha1-1rkYHBpI05cyTISHHvvPxz/AZUs=
  
  side-channel@^1.0.2:
    version "1.0.3"
    resolved "https://registry.npm.taobao.org/side-channel/download/side-channel-1.0.3.tgz#cdc46b057550bbab63706210838df5d4c19519c3"
    integrity sha1-zcRrBXVQu6tjcGIQg4311MGVGcM=
    dependencies:
      es-abstract "^1.18.0-next.0"
      object-inspect "^1.8.0"
  
  signal-exit@^3.0.0, signal-exit@^3.0.2:
    version "3.0.3"
    resolved "https://registry.npm.taobao.org/signal-exit/download/signal-exit-3.0.3.tgz?cache=0&sync_timestamp=1592843131591&other_urls=https%3A%2F%2Fregistry.npm.taobao.org%2Fsignal-exit%2Fdownload%2Fsignal-exit-3.0.3.tgz#a1410c2edd8f077b08b4e253c8eacfcaf057461c"
    integrity sha1-oUEMLt2PB3sItOJTyOrPyvBXRhw=
  
  simple-statistics@^6.1.0:
    version "6.1.1"
    resolved "https://registry.npm.taobao.org/simple-statistics/download/simple-statistics-6.1.1.tgz?cache=0&sync_timestamp=1599542777781&other_urls=https%3A%2F%2Fregistry.npm.taobao.org%2Fsimple-statistics%2Fdownload%2Fsimple-statistics-6.1.1.tgz#e3a0799ffc49914d6f421c5a4ac585f6a13e2bad"
    integrity sha1-46B5n/xJkU1vQhxaSsWF9qE+K60=
  
  simple-statistics@^7.1.0:
    version "7.3.0"
    resolved "https://registry.npm.taobao.org/simple-statistics/download/simple-statistics-7.3.0.tgz?cache=0&sync_timestamp=1599542777781&other_urls=https%3A%2F%2Fregistry.npm.taobao.org%2Fsimple-statistics%2Fdownload%2Fsimple-statistics-7.3.0.tgz#e2835b17ada3a217886fad1ebc6f8175088bd501"
    integrity sha1-4oNbF62joheIb60evG+BdQiL1QE=
  
  sisteransi@^1.0.4:
    version "1.0.5"
    resolved "https://registry.npm.taobao.org/sisteransi/download/sisteransi-1.0.5.tgz#134d681297756437cc05ca01370d3a7a571075ed"
    integrity sha1-E01oEpd1ZDfMBcoBNw06elcQde0=
  
  slash@^1.0.0:
    version "1.0.0"
    resolved "https://registry.npm.taobao.org/slash/download/slash-1.0.0.tgz#c41f2f6c39fc16d1cd17ad4b5d896114ae470d55"
    integrity sha1-xB8vbDn8FtHNF61LXYlhFK5HDVU=
  
  slash@^2.0.0:
    version "2.0.0"
    resolved "https://registry.npm.taobao.org/slash/download/slash-2.0.0.tgz#de552851a1759df3a8f206535442f5ec4ddeab44"
    integrity sha1-3lUoUaF1nfOo8gZTVEL17E3eq0Q=
  
  slash@^3.0.0:
    version "3.0.0"
    resolved "https://registry.npm.taobao.org/slash/download/slash-3.0.0.tgz#6539be870c165adbd5240220dbe361f1bc4d4634"
    integrity sha1-ZTm+hwwWWtvVJAIg2+Nh8bxNRjQ=
  
  slice-ansi@^2.1.0:
    version "2.1.0"
    resolved "https://registry.npm.taobao.org/slice-ansi/download/slice-ansi-2.1.0.tgz#cacd7693461a637a5788d92a7dd4fba068e81636"
    integrity sha1-ys12k0YaY3pXiNkqfdT7oGjoFjY=
    dependencies:
      ansi-styles "^3.2.0"
      astral-regex "^1.0.0"
      is-fullwidth-code-point "^2.0.0"
  
  slice-ansi@^3.0.0:
    version "3.0.0"
    resolved "https://registry.npm.taobao.org/slice-ansi/download/slice-ansi-3.0.0.tgz#31ddc10930a1b7e0b67b08c96c2f49b77a789787"
    integrity sha1-Md3BCTCht+C2ewjJbC9Jt3p4l4c=
    dependencies:
      ansi-styles "^4.0.0"
      astral-regex "^2.0.0"
      is-fullwidth-code-point "^3.0.0"
  
  slice-ansi@^4.0.0:
    version "4.0.0"
    resolved "https://registry.npm.taobao.org/slice-ansi/download/slice-ansi-4.0.0.tgz#500e8dd0fd55b05815086255b3195adf2a45fe6b"
    integrity sha1-UA6N0P1VsFgVCGJVsxla3ypF/ms=
    dependencies:
      ansi-styles "^4.0.0"
      astral-regex "^2.0.0"
      is-fullwidth-code-point "^3.0.0"
  
  snake-case@^2.1.0:
    version "2.1.0"
    resolved "https://registry.npm.taobao.org/snake-case/download/snake-case-2.1.0.tgz#41bdb1b73f30ec66a04d4e2cad1b76387d4d6d9f"
    integrity sha1-Qb2xtz8w7GagTU4srRt2OH1NbZ8=
    dependencies:
      no-case "^2.2.0"
  
  snapdragon-node@^2.0.1:
    version "2.1.1"
    resolved "https://registry.npm.taobao.org/snapdragon-node/download/snapdragon-node-2.1.1.tgz#6c175f86ff14bdb0724563e8f3c1b021a286853b"
    integrity sha1-bBdfhv8UvbByRWPo88GwIaKGhTs=
    dependencies:
      define-property "^1.0.0"
      isobject "^3.0.0"
      snapdragon-util "^3.0.1"
  
  snapdragon-util@^3.0.1:
    version "3.0.1"
    resolved "https://registry.npm.taobao.org/snapdragon-util/download/snapdragon-util-3.0.1.tgz#f956479486f2acd79700693f6f7b805e45ab56e2"
    integrity sha1-+VZHlIbyrNeXAGk/b3uAXkWrVuI=
    dependencies:
      kind-of "^3.2.0"
  
  snapdragon@^0.8.1:
    version "0.8.2"
    resolved "https://registry.npm.taobao.org/snapdragon/download/snapdragon-0.8.2.tgz#64922e7c565b0e14204ba1aa7d6964278d25182d"
    integrity sha1-ZJIufFZbDhQgS6GqfWlkJ40lGC0=
    dependencies:
      base "^0.11.1"
      debug "^2.2.0"
      define-property "^0.2.5"
      extend-shallow "^2.0.1"
      map-cache "^0.2.2"
      source-map "^0.5.6"
      source-map-resolve "^0.5.0"
      use "^3.1.0"
  
  sort-keys-length@^1.0.0:
    version "1.0.1"
    resolved "https://registry.npm.taobao.org/sort-keys-length/download/sort-keys-length-1.0.1.tgz#9cb6f4f4e9e48155a6aa0671edd336ff1479a188"
    integrity sha1-nLb09OnkgVWmqgZx7dM2/xR5oYg=
    dependencies:
      sort-keys "^1.0.0"
  
  sort-keys@^1.0.0:
    version "1.1.2"
    resolved "https://registry.npm.taobao.org/sort-keys/download/sort-keys-1.1.2.tgz#441b6d4d346798f1b4e49e8920adfba0e543f9ad"
    integrity sha1-RBttTTRnmPG05J6JIK37oOVD+a0=
    dependencies:
      is-plain-obj "^1.0.0"
  
  sort-keys@^2.0.0:
    version "2.0.0"
    resolved "https://registry.npm.taobao.org/sort-keys/download/sort-keys-2.0.0.tgz#658535584861ec97d730d6cf41822e1f56684128"
    integrity sha1-ZYU1WEhh7JfXMNbPQYIuH1ZoQSg=
    dependencies:
      is-plain-obj "^1.0.0"
  
  source-list-map@^2.0.0:
    version "2.0.1"
    resolved "https://registry.npm.taobao.org/source-list-map/download/source-list-map-2.0.1.tgz#3993bd873bfc48479cca9ea3a547835c7c154b34"
    integrity sha1-OZO9hzv8SEecyp6jpUeDXHwVSzQ=
  
  source-map-resolve@^0.5.0:
    version "0.5.3"
    resolved "https://registry.npm.taobao.org/source-map-resolve/download/source-map-resolve-0.5.3.tgz#190866bece7553e1f8f267a2ee82c606b5509a1a"
    integrity sha1-GQhmvs51U+H48mei7oLGBrVQmho=
    dependencies:
      atob "^2.1.2"
      decode-uri-component "^0.2.0"
      resolve-url "^0.2.1"
      source-map-url "^0.4.0"
      urix "^0.1.0"
  
  source-map-support@^0.5.16, source-map-support@^0.5.19, source-map-support@^0.5.6, source-map-support@~0.5.12:
    version "0.5.19"
    resolved "https://registry.npm.taobao.org/source-map-support/download/source-map-support-0.5.19.tgz#a98b62f86dcaf4f67399648c085291ab9e8fed61"
    integrity sha1-qYti+G3K9PZzmWSMCFKRq56P7WE=
    dependencies:
      buffer-from "^1.0.0"
      source-map "^0.6.0"
  
  source-map-url@^0.4.0:
    version "0.4.0"
    resolved "https://registry.npm.taobao.org/source-map-url/download/source-map-url-0.4.0.tgz#3e935d7ddd73631b97659956d55128e87b5084a3"
    integrity sha1-PpNdfd1zYxuXZZlW1VEo6HtQhKM=
  
  source-map@^0.5.0, source-map@^0.5.6:
    version "0.5.7"
    resolved "https://registry.npm.taobao.org/source-map/download/source-map-0.5.7.tgz#8a039d2d1021d22d1ea14c80d8ea468ba2ef3fcc"
    integrity sha1-igOdLRAh0i0eoUyA2OpGi6LvP8w=
  
  source-map@^0.6.0, source-map@^0.6.1, source-map@~0.6.0, source-map@~0.6.1:
    version "0.6.1"
    resolved "https://registry.npm.taobao.org/source-map/download/source-map-0.6.1.tgz#74722af32e9614e9c287a8d0bbde48b5e2f1a263"
    integrity sha1-dHIq8y6WFOnCh6jQu95IteLxomM=
  
  source-map@^0.7.3:
    version "0.7.3"
    resolved "https://registry.npm.taobao.org/source-map/download/source-map-0.7.3.tgz#5302f8169031735226544092e64981f751750383"
    integrity sha1-UwL4FpAxc1ImVECS5kmB91F1A4M=
  
  spawn-sync@^1.0.15:
    version "1.0.15"
    resolved "https://registry.npm.taobao.org/spawn-sync/download/spawn-sync-1.0.15.tgz#b00799557eb7fb0c8376c29d44e8a1ea67e57476"
    integrity sha1-sAeZVX63+wyDdsKdROih6mfldHY=
    dependencies:
      concat-stream "^1.4.7"
      os-shim "^0.1.2"
  
  spdx-correct@^3.0.0:
    version "3.1.1"
    resolved "https://registry.npm.taobao.org/spdx-correct/download/spdx-correct-3.1.1.tgz#dece81ac9c1e6713e5f7d1b6f17d468fa53d89a9"
    integrity sha1-3s6BrJweZxPl99G28X1Gj6U9iak=
    dependencies:
      spdx-expression-parse "^3.0.0"
      spdx-license-ids "^3.0.0"
  
  spdx-exceptions@^2.1.0:
    version "2.3.0"
    resolved "https://registry.npm.taobao.org/spdx-exceptions/download/spdx-exceptions-2.3.0.tgz#3f28ce1a77a00372683eade4a433183527a2163d"
    integrity sha1-PyjOGnegA3JoPq3kpDMYNSeiFj0=
  
  spdx-expression-parse@^3.0.0:
    version "3.0.1"
    resolved "https://registry.npm.taobao.org/spdx-expression-parse/download/spdx-expression-parse-3.0.1.tgz#cf70f50482eefdc98e3ce0a6833e4a53ceeba679"
    integrity sha1-z3D1BILu/cmOPOCmgz5KU87rpnk=
    dependencies:
      spdx-exceptions "^2.1.0"
      spdx-license-ids "^3.0.0"
  
  spdx-license-ids@^3.0.0:
    version "3.0.5"
    resolved "https://registry.npm.taobao.org/spdx-license-ids/download/spdx-license-ids-3.0.5.tgz#3694b5804567a458d3c8045842a6358632f62654"
    integrity sha1-NpS1gEVnpFjTyARYQqY1hjL2JlQ=
  
  split-on-first@^1.0.0:
    version "1.1.0"
    resolved "https://registry.npm.taobao.org/split-on-first/download/split-on-first-1.1.0.tgz#f610afeee3b12bce1d0c30425e76398b78249a5f"
    integrity sha1-9hCv7uOxK84dDDBCXnY5i3gkml8=
  
  split-string@^3.0.1, split-string@^3.0.2:
    version "3.1.0"
    resolved "https://registry.npm.taobao.org/split-string/download/split-string-3.1.0.tgz#7cb09dda3a86585705c64b39a6466038682e8fe2"
    integrity sha1-fLCd2jqGWFcFxks5pkZgOGguj+I=
    dependencies:
      extend-shallow "^3.0.0"
  
  sprintf-js@^1.1.2:
    version "1.1.2"
    resolved "https://registry.npm.taobao.org/sprintf-js/download/sprintf-js-1.1.2.tgz#da1765262bf8c0f571749f2ad6c26300207ae673"
    integrity sha1-2hdlJiv4wPVxdJ8q1sJjACB65nM=
  
  sprintf-js@~1.0.2:
    version "1.0.3"
    resolved "https://registry.npm.taobao.org/sprintf-js/download/sprintf-js-1.0.3.tgz#04e6926f662895354f3dd015203633b857297e2c"
    integrity sha1-BOaSb2YolTVPPdAVIDYzuFcpfiw=
  
  ssf@~0.11.2:
    version "0.11.2"
    resolved "https://registry.npm.taobao.org/ssf/download/ssf-0.11.2.tgz#0b99698b237548d088fc43cdf2b70c1a7512c06c"
    integrity sha1-C5lpiyN1SNCI/EPN8rcMGnUSwGw=
    dependencies:
      frac "~1.1.2"
  
  sshpk@^1.7.0:
    version "1.16.1"
    resolved "https://registry.npm.taobao.org/sshpk/download/sshpk-1.16.1.tgz#fb661c0bef29b39db40769ee39fa70093d6f6877"
    integrity sha1-+2YcC+8ps520B2nuOfpwCT1vaHc=
    dependencies:
      asn1 "~0.2.3"
      assert-plus "^1.0.0"
      bcrypt-pbkdf "^1.0.0"
      dashdash "^1.12.0"
      ecc-jsbn "~0.1.1"
      getpass "^0.1.1"
      jsbn "~0.1.0"
      safer-buffer "^2.0.2"
      tweetnacl "~0.14.0"
  
  ssri@^6.0.1:
    version "6.0.1"
    resolved "https://registry.npm.taobao.org/ssri/download/ssri-6.0.1.tgz#2a3c41b28dd45b62b63676ecb74001265ae9edd8"
    integrity sha1-KjxBso3UW2K2Nnbst0ABJlrp7dg=
    dependencies:
      figgy-pudding "^3.5.1"
  
  ssri@^8.0.0:
    version "8.0.0"
    resolved "https://registry.npm.taobao.org/ssri/download/ssri-8.0.0.tgz#79ca74e21f8ceaeddfcb4b90143c458b8d988808"
    integrity sha1-ecp04h+M6u3fy0uQFDxFi42YiAg=
    dependencies:
      minipass "^3.1.1"
  
  stack-utils@^2.0.2:
    version "2.0.2"
    resolved "https://registry.npm.taobao.org/stack-utils/download/stack-utils-2.0.2.tgz#5cf48b4557becb4638d0bc4f21d23f5d19586593"
    integrity sha1-XPSLRVe+y0Y40LxPIdI/XRlYZZM=
    dependencies:
      escape-string-regexp "^2.0.0"
  
  stackblur-canvas@^2.0.0:
    version "2.4.0"
    resolved "https://registry.npm.taobao.org/stackblur-canvas/download/stackblur-canvas-2.4.0.tgz#2b2eba910cb46f6feae918e1c402f863d602c01b"
    integrity sha1-Ky66kQy0b2/q6RjhxAL4Y9YCwBs=
  
  stat-mode@^1.0.0:
    version "1.0.0"
    resolved "https://registry.npm.taobao.org/stat-mode/download/stat-mode-1.0.0.tgz#68b55cb61ea639ff57136f36b216a291800d1465"
    integrity sha1-aLVcth6mOf9XE282shaikYANFGU=
  
  static-extend@^0.1.1:
    version "0.1.2"
    resolved "https://registry.npm.taobao.org/static-extend/download/static-extend-0.1.2.tgz#60809c39cbff55337226fd5e0b520f341f1fb5c6"
    integrity sha1-YICcOcv/VTNyJv1eC1IPNB8ftcY=
    dependencies:
      define-property "^0.2.5"
      object-copy "^0.1.0"
  
  "statuses@>= 1.5.0 < 2", statuses@~1.5.0:
    version "1.5.0"
    resolved "https://registry.npm.taobao.org/statuses/download/statuses-1.5.0.tgz#161c7dac177659fd9811f43771fa99381478628c"
    integrity sha1-Fhx9rBd2Wf2YEfQ3cfqZOBR4Yow=
  
  stealthy-require@^1.1.1:
    version "1.1.1"
    resolved "https://registry.npm.taobao.org/stealthy-require/download/stealthy-require-1.1.1.tgz#35b09875b4ff49f26a777e509b3090a3226bf24b"
    integrity sha1-NbCYdbT/SfJqd35QmzCQoyJr8ks=
  
  stream-browserify@^2.0.1:
    version "2.0.2"
    resolved "https://registry.npm.taobao.org/stream-browserify/download/stream-browserify-2.0.2.tgz#87521d38a44aa7ee91ce1cd2a47df0cb49dd660b"
    integrity sha1-h1IdOKRKp+6RzhzSpH3wy0ndZgs=
    dependencies:
      inherits "~2.0.1"
      readable-stream "^2.0.2"
  
  stream-each@^1.1.0:
    version "1.2.3"
    resolved "https://registry.npm.taobao.org/stream-each/download/stream-each-1.2.3.tgz#ebe27a0c389b04fbcc233642952e10731afa9bae"
    integrity sha1-6+J6DDibBPvMIzZClS4Qcxr6m64=
    dependencies:
      end-of-stream "^1.1.0"
      stream-shift "^1.0.0"
  
  stream-http@^2.7.2:
    version "2.8.3"
    resolved "https://registry.npm.taobao.org/stream-http/download/stream-http-2.8.3.tgz#b2d242469288a5a27ec4fe8933acf623de6514fc"
    integrity sha1-stJCRpKIpaJ+xP6JM6z2I95lFPw=
    dependencies:
      builtin-status-codes "^3.0.0"
      inherits "^2.0.1"
      readable-stream "^2.3.6"
      to-arraybuffer "^1.0.0"
      xtend "^4.0.0"
  
  stream-shift@^1.0.0:
    version "1.0.1"
    resolved "https://registry.npm.taobao.org/stream-shift/download/stream-shift-1.0.1.tgz#d7088281559ab2778424279b0877da3c392d5a3d"
    integrity sha1-1wiCgVWasneEJCebCHfaPDktWj0=
  
  strict-uri-encode@^1.0.0:
    version "1.1.0"
    resolved "https://registry.npm.taobao.org/strict-uri-encode/download/strict-uri-encode-1.1.0.tgz#279b225df1d582b1f54e65addd4352e18faa0713"
    integrity sha1-J5siXfHVgrH1TmWt3UNS4Y+qBxM=
  
  strict-uri-encode@^2.0.0:
    version "2.0.0"
    resolved "https://registry.npm.taobao.org/strict-uri-encode/download/strict-uri-encode-2.0.0.tgz#b9c7330c7042862f6b142dc274bbcc5866ce3546"
    integrity sha1-ucczDHBChi9rFC3CdLvMWGbONUY=
  
  string-argv@0.3.1:
    version "0.3.1"
    resolved "https://registry.npm.taobao.org/string-argv/download/string-argv-0.3.1.tgz#95e2fbec0427ae19184935f816d74aaa4c5c19da"
    integrity sha1-leL77AQnrhkYSTX4FtdKqkxcGdo=
  
  string-convert@^0.2.0:
    version "0.2.1"
    resolved "https://registry.npm.taobao.org/string-convert/download/string-convert-0.2.1.tgz#6982cc3049fbb4cd85f8b24568b9d9bf39eeff97"
    integrity sha1-aYLMMEn7tM2F+LJFaLnZvznu/5c=
  
  string-length@^4.0.1:
    version "4.0.1"
    resolved "https://registry.npm.taobao.org/string-length/download/string-length-4.0.1.tgz#4a973bf31ef77c4edbceadd6af2611996985f8a1"
    integrity sha1-Spc78x73fE7bzq3WryYRmWmF+KE=
    dependencies:
      char-regex "^1.0.2"
      strip-ansi "^6.0.0"
  
  string-width@^3.0.0, string-width@^3.1.0:
    version "3.1.0"
    resolved "https://registry.npm.taobao.org/string-width/download/string-width-3.1.0.tgz#22767be21b62af1081574306f69ac51b62203961"
    integrity sha1-InZ74htirxCBV0MG9prFG2IgOWE=
    dependencies:
      emoji-regex "^7.0.1"
      is-fullwidth-code-point "^2.0.0"
      strip-ansi "^5.1.0"
  
  string-width@^4.0.0, string-width@^4.1.0, string-width@^4.2.0:
    version "4.2.0"
    resolved "https://registry.npm.taobao.org/string-width/download/string-width-4.2.0.tgz#952182c46cc7b2c313d1596e623992bd163b72b5"
    integrity sha1-lSGCxGzHssMT0VluYjmSvRY7crU=
    dependencies:
      emoji-regex "^8.0.0"
      is-fullwidth-code-point "^3.0.0"
      strip-ansi "^6.0.0"
  
  string.prototype.matchall@^4.0.2:
    version "4.0.2"
    resolved "https://registry.npm.taobao.org/string.prototype.matchall/download/string.prototype.matchall-4.0.2.tgz#48bb510326fb9fdeb6a33ceaa81a6ea04ef7648e"
    integrity sha1-SLtRAyb7n962ozzqqBpuoE73ZI4=
    dependencies:
      define-properties "^1.1.3"
      es-abstract "^1.17.0"
      has-symbols "^1.0.1"
      internal-slot "^1.0.2"
      regexp.prototype.flags "^1.3.0"
      side-channel "^1.0.2"
  
  string.prototype.trimend@^1.0.1:
    version "1.0.1"
    resolved "https://registry.npm.taobao.org/string.prototype.trimend/download/string.prototype.trimend-1.0.1.tgz#85812a6b847ac002270f5808146064c995fb6913"
    integrity sha1-hYEqa4R6wAInD1gIFGBkyZX7aRM=
    dependencies:
      define-properties "^1.1.3"
      es-abstract "^1.17.5"
  
  string.prototype.trimstart@^1.0.1:
    version "1.0.1"
    resolved "https://registry.npm.taobao.org/string.prototype.trimstart/download/string.prototype.trimstart-1.0.1.tgz#14af6d9f34b053f7cfc89b72f8f2ee14b9039a54"
    integrity sha1-FK9tnzSwU/fPyJty+PLuFLkDmlQ=
    dependencies:
      define-properties "^1.1.3"
      es-abstract "^1.17.5"
  
  string_decoder@^1.0.0, string_decoder@^1.1.1:
    version "1.3.0"
    resolved "https://registry.npm.taobao.org/string_decoder/download/string_decoder-1.3.0.tgz#42f114594a46cf1a8e30b0a84f56c78c3edac21e"
    integrity sha1-QvEUWUpGzxqOMLCoT1bHjD7awh4=
    dependencies:
      safe-buffer "~5.2.0"
  
  string_decoder@~1.1.1:
    version "1.1.1"
    resolved "https://registry.npm.taobao.org/string_decoder/download/string_decoder-1.1.1.tgz#9cf1611ba62685d7030ae9e4ba34149c3af03fc8"
    integrity sha1-nPFhG6YmhdcDCunkujQUnDrwP8g=
    dependencies:
      safe-buffer "~5.1.0"
  
  stringify-object@^3.3.0:
    version "3.3.0"
    resolved "https://registry.npm.taobao.org/stringify-object/download/stringify-object-3.3.0.tgz#703065aefca19300d3ce88af4f5b3956d7556629"
    integrity sha1-cDBlrvyhkwDTzoivT1s5VtdVZik=
    dependencies:
      get-own-enumerable-property-symbols "^3.0.0"
      is-obj "^1.0.1"
      is-regexp "^1.0.0"
  
  strip-ansi@^3.0.0:
    version "3.0.1"
    resolved "https://registry.npm.taobao.org/strip-ansi/download/strip-ansi-3.0.1.tgz#6a385fb8853d952d5ff05d0e8aaf94278dc63dcf"
    integrity sha1-ajhfuIU9lS1f8F0Oiq+UJ43GPc8=
    dependencies:
      ansi-regex "^2.0.0"
  
  strip-ansi@^5.0.0, strip-ansi@^5.1.0, strip-ansi@^5.2.0:
    version "5.2.0"
    resolved "https://registry.npm.taobao.org/strip-ansi/download/strip-ansi-5.2.0.tgz#8c9a536feb6afc962bdfa5b104a5091c1ad9c0ae"
    integrity sha1-jJpTb+tq/JYr36WxBKUJHBrZwK4=
    dependencies:
      ansi-regex "^4.1.0"
  
  strip-ansi@^6.0.0:
    version "6.0.0"
    resolved "https://registry.npm.taobao.org/strip-ansi/download/strip-ansi-6.0.0.tgz#0b1571dd7669ccd4f3e06e14ef1eed26225ae532"
    integrity sha1-CxVx3XZpzNTz4G4U7x7tJiJa5TI=
    dependencies:
      ansi-regex "^5.0.0"
  
  strip-bom@^3.0.0:
    version "3.0.0"
    resolved "https://registry.npm.taobao.org/strip-bom/download/strip-bom-3.0.0.tgz#2334c18e9c759f7bdd56fdef7e9ae3d588e68ed3"
    integrity sha1-IzTBjpx1n3vdVv3vfprj1YjmjtM=
  
  strip-bom@^4.0.0:
    version "4.0.0"
    resolved "https://registry.npm.taobao.org/strip-bom/download/strip-bom-4.0.0.tgz#9c3505c1db45bcedca3d9cf7a16f5c5aa3901878"
    integrity sha1-nDUFwdtFvO3KPZz3oW9cWqOQGHg=
  
  strip-comments@^2.0.1:
    version "2.0.1"
    resolved "https://registry.npm.taobao.org/strip-comments/download/strip-comments-2.0.1.tgz#4ad11c3fbcac177a67a40ac224ca339ca1c1ba9b"
    integrity sha1-StEcP7ysF3pnpArCJMoznKHBups=
  
  strip-dirs@^2.0.0:
    version "2.1.0"
    resolved "https://registry.npm.taobao.org/strip-dirs/download/strip-dirs-2.1.0.tgz#4987736264fc344cf20f6c34aca9d13d1d4ed6c5"
    integrity sha1-SYdzYmT8NEzyD2w0rKnRPR1O1sU=
    dependencies:
      is-natural-number "^4.0.1"
  
  strip-eof@^1.0.0:
    version "1.0.0"
    resolved "https://registry.npm.taobao.org/strip-eof/download/strip-eof-1.0.0.tgz#bb43ff5598a6eb05d89b59fcd129c983313606bf"
    integrity sha1-u0P/VZim6wXYm1n80SnJgzE2Br8=
  
  strip-final-newline@^2.0.0:
    version "2.0.0"
    resolved "https://registry.npm.taobao.org/strip-final-newline/download/strip-final-newline-2.0.0.tgz#89b852fb2fcbe936f6f4b3187afb0a12c1ab58ad"
    integrity sha1-ibhS+y/L6Tb29LMYevsKEsGrWK0=
  
  strip-json-comments@^3.1.0, strip-json-comments@^3.1.1:
    version "3.1.1"
    resolved "https://registry.npm.taobao.org/strip-json-comments/download/strip-json-comments-3.1.1.tgz?cache=0&sync_timestamp=1594571796132&other_urls=https%3A%2F%2Fregistry.npm.taobao.org%2Fstrip-json-comments%2Fdownload%2Fstrip-json-comments-3.1.1.tgz#31f1281b3832630434831c310c01cccda8cbe006"
    integrity sha1-MfEoGzgyYwQ0gxwxDAHMzajL4AY=
  
  strip-json-comments@~2.0.1:
    version "2.0.1"
    resolved "https://registry.npm.taobao.org/strip-json-comments/download/strip-json-comments-2.0.1.tgz?cache=0&sync_timestamp=1594567582667&other_urls=https%3A%2F%2Fregistry.npm.taobao.org%2Fstrip-json-comments%2Fdownload%2Fstrip-json-comments-2.0.1.tgz#3c531942e908c2697c0ec344858c286c7ca0a60a"
    integrity sha1-PFMZQukIwml8DsNEhYwobHygpgo=
  
  strip-outer@^1.0.0:
    version "1.0.1"
    resolved "https://registry.npm.taobao.org/strip-outer/download/strip-outer-1.0.1.tgz#b2fd2abf6604b9d1e6013057195df836b8a9d631"
    integrity sha1-sv0qv2YEudHmATBXGV34Nrip1jE=
    dependencies:
      escape-string-regexp "^1.0.2"
  
  style-loader@1.2.1:
    version "1.2.1"
    resolved "https://registry.npm.taobao.org/style-loader/download/style-loader-1.2.1.tgz#c5cbbfbf1170d076cfdd86e0109c5bba114baa1a"
    integrity sha1-xcu/vxFw0HbP3YbgEJxbuhFLqho=
    dependencies:
      loader-utils "^2.0.0"
      schema-utils "^2.6.6"
  
  styled-components@5.2.0:
    version "5.2.0"
    resolved "https://registry.npm.taobao.org/styled-components/download/styled-components-5.2.0.tgz#6dcb5aa8a629c84b8d5ab34b7167e3e0c6f7ed74"
    integrity sha1-bctaqKYpyEuNWrNLcWfj4Mb37XQ=
    dependencies:
      "@babel/helper-module-imports" "^7.0.0"
      "@babel/traverse" "^7.4.5"
      "@emotion/is-prop-valid" "^0.8.8"
      "@emotion/stylis" "^0.8.4"
      "@emotion/unitless" "^0.7.4"
      babel-plugin-styled-components ">= 1"
      css-to-react-native "^3.0.0"
      hoist-non-react-statics "^3.0.0"
      shallowequal "^1.1.0"
      supports-color "^5.5.0"
  
  sumchecker@^3.0.1:
    version "3.0.1"
    resolved "https://registry.npm.taobao.org/sumchecker/download/sumchecker-3.0.1.tgz#6377e996795abb0b6d348e9b3e1dfb24345a8e42"
    integrity sha1-Y3fplnlauwttNI6bPh37JDRajkI=
    dependencies:
      debug "^4.1.0"
  
  supports-color@^2.0.0:
    version "2.0.0"
    resolved "https://registry.npm.taobao.org/supports-color/download/supports-color-2.0.0.tgz?cache=0&sync_timestamp=1598611725516&other_urls=https%3A%2F%2Fregistry.npm.taobao.org%2Fsupports-color%2Fdownload%2Fsupports-color-2.0.0.tgz#535d045ce6b6363fa40117084629995e9df324c7"
    integrity sha1-U10EXOa2Nj+kARcIRimZXp3zJMc=
  
  supports-color@^5.3.0, supports-color@^5.5.0:
    version "5.5.0"
    resolved "https://registry.npm.taobao.org/supports-color/download/supports-color-5.5.0.tgz?cache=0&sync_timestamp=1598611725516&other_urls=https%3A%2F%2Fregistry.npm.taobao.org%2Fsupports-color%2Fdownload%2Fsupports-color-5.5.0.tgz#e2e69a44ac8772f78a1ec0b35b689df6530efc8f"
    integrity sha1-4uaaRKyHcveKHsCzW2id9lMO/I8=
    dependencies:
      has-flag "^3.0.0"
  
  supports-color@^6.1.0:
    version "6.1.0"
    resolved "https://registry.npm.taobao.org/supports-color/download/supports-color-6.1.0.tgz?cache=0&sync_timestamp=1598611725516&other_urls=https%3A%2F%2Fregistry.npm.taobao.org%2Fsupports-color%2Fdownload%2Fsupports-color-6.1.0.tgz#0764abc69c63d5ac842dd4867e8d025e880df8f3"
    integrity sha1-B2Srxpxj1ayELdSGfo0CXogN+PM=
    dependencies:
      has-flag "^3.0.0"
  
  supports-color@^7.0.0, supports-color@^7.1.0:
    version "7.2.0"
    resolved "https://registry.npm.taobao.org/supports-color/download/supports-color-7.2.0.tgz?cache=0&sync_timestamp=1598611725516&other_urls=https%3A%2F%2Fregistry.npm.taobao.org%2Fsupports-color%2Fdownload%2Fsupports-color-7.2.0.tgz#1b7dcdcb32b8138801b3e478ba6a51caa89648da"
    integrity sha1-G33NyzK4E4gBs+R4umpRyqiWSNo=
    dependencies:
      has-flag "^4.0.0"
  
  supports-hyperlinks@^2.0.0:
    version "2.1.0"
    resolved "https://registry.npm.taobao.org/supports-hyperlinks/download/supports-hyperlinks-2.1.0.tgz#f663df252af5f37c5d49bbd7eeefa9e0b9e59e47"
    integrity sha1-9mPfJSr183xdSbvX7u+p4Lnlnkc=
    dependencies:
      has-flag "^4.0.0"
      supports-color "^7.0.0"
  
  svg-url-loader@6.0.0:
    version "6.0.0"
    resolved "https://registry.npm.taobao.org/svg-url-loader/download/svg-url-loader-6.0.0.tgz#b94861d9f6badfb8ca3e7d3ec4655c1bf732ac5d"
    integrity sha1-uUhh2fa637jKPn0+xGVcG/cyrF0=
    dependencies:
      file-loader "~6.0.0"
      loader-utils "~2.0.0"
  
  swap-case@^1.1.0:
    version "1.1.2"
    resolved "https://registry.npm.taobao.org/swap-case/download/swap-case-1.1.2.tgz#c39203a4587385fad3c850a0bd1bcafa081974e3"
    integrity sha1-w5IDpFhzhfrTyFCgvRvK+ggZdOM=
    dependencies:
      lower-case "^1.1.1"
      upper-case "^1.1.1"
  
  symbol-observable@^1.2.0:
    version "1.2.0"
    resolved "https://registry.npm.taobao.org/symbol-observable/download/symbol-observable-1.2.0.tgz?cache=0&sync_timestamp=1599184891878&other_urls=https%3A%2F%2Fregistry.npm.taobao.org%2Fsymbol-observable%2Fdownload%2Fsymbol-observable-1.2.0.tgz#c22688aed4eab3cdc2dfeacbb561660560a00804"
    integrity sha1-wiaIrtTqs83C3+rLtWFmBWCgCAQ=
  
  symbol-tree@^3.2.4:
    version "3.2.4"
    resolved "https://registry.npm.taobao.org/symbol-tree/download/symbol-tree-3.2.4.tgz#430637d248ba77e078883951fb9aa0eed7c63fa2"
    integrity sha1-QwY30ki6d+B4iDlR+5qg7tfGP6I=
  
  table@^5.2.3:
    version "5.4.6"
    resolved "https://registry.npm.taobao.org/table/download/table-5.4.6.tgz#1292d19500ce3f86053b05f0e8e7e4a3bb21079e"
    integrity sha1-EpLRlQDOP4YFOwXw6Ofko7shB54=
    dependencies:
      ajv "^6.10.2"
      lodash "^4.17.14"
      slice-ansi "^2.1.0"
      string-width "^3.0.0"
  
  tapable@^0.1.8:
    version "0.1.10"
    resolved "https://registry.npm.taobao.org/tapable/download/tapable-0.1.10.tgz#29c35707c2b70e50d07482b5d202e8ed446dafd4"
    integrity sha1-KcNXB8K3DlDQdIK10gLo7URtr9Q=
  
  tapable@^1.0.0, tapable@^1.1.3:
    version "1.1.3"
    resolved "https://registry.npm.taobao.org/tapable/download/tapable-1.1.3.tgz#a1fccc06b58db61fd7a45da2da44f5f3a3e67ba2"
    integrity sha1-ofzMBrWNth/XpF2i2kT186Pme6I=
  
  tar-stream@^1.5.2:
    version "1.6.2"
    resolved "https://registry.npm.taobao.org/tar-stream/download/tar-stream-1.6.2.tgz?cache=0&sync_timestamp=1599741996845&other_urls=https%3A%2F%2Fregistry.npm.taobao.org%2Ftar-stream%2Fdownload%2Ftar-stream-1.6.2.tgz#8ea55dab37972253d9a9af90fdcd559ae435c555"
    integrity sha1-jqVdqzeXIlPZqa+Q/c1VmuQ1xVU=
    dependencies:
      bl "^1.0.0"
      buffer-alloc "^1.2.0"
      end-of-stream "^1.0.0"
      fs-constants "^1.0.0"
      readable-stream "^2.3.0"
      to-buffer "^1.1.1"
      xtend "^4.0.0"
  
  tar@^6.0.2:
    version "6.0.5"
    resolved "https://registry.npm.taobao.org/tar/download/tar-6.0.5.tgz?cache=0&sync_timestamp=1597445351863&other_urls=https%3A%2F%2Fregistry.npm.taobao.org%2Ftar%2Fdownload%2Ftar-6.0.5.tgz#bde815086e10b39f1dcd298e89d596e1535e200f"
    integrity sha1-vegVCG4Qs58dzSmOidWW4VNeIA8=
    dependencies:
      chownr "^2.0.0"
      fs-minipass "^2.0.0"
      minipass "^3.0.0"
      minizlib "^2.1.1"
      mkdirp "^1.0.3"
      yallist "^4.0.0"
  
  temp-file@^3.3.7:
    version "3.3.7"
    resolved "https://registry.npm.taobao.org/temp-file/download/temp-file-3.3.7.tgz#686885d635f872748e384e871855958470aeb18a"
    integrity sha1-aGiF1jX4cnSOOE6HGFWVhHCusYo=
    dependencies:
      async-exit-hook "^2.0.1"
      fs-extra "^8.1.0"
  
  term-size@^2.1.0:
    version "2.2.1"
    resolved "https://registry.npm.taobao.org/term-size/download/term-size-2.2.1.tgz?cache=0&sync_timestamp=1603652889595&other_urls=https%3A%2F%2Fregistry.npm.taobao.org%2Fterm-size%2Fdownload%2Fterm-size-2.2.1.tgz#2a6a54840432c2fb6320fea0f415531e90189f54"
    integrity sha1-KmpUhAQywvtjIP6g9BVTHpAYn1Q=
  
  terminal-link@^2.0.0:
    version "2.1.1"
    resolved "https://registry.npm.taobao.org/terminal-link/download/terminal-link-2.1.1.tgz#14a64a27ab3c0df933ea546fba55f2d078edc994"
    integrity sha1-FKZKJ6s8Dfkz6lRvulXy0HjtyZQ=
    dependencies:
      ansi-escapes "^4.2.1"
      supports-hyperlinks "^2.0.0"
  
  terser-webpack-plugin@4.2.1:
    version "4.2.1"
    resolved "https://registry.npm.taobao.org/terser-webpack-plugin/download/terser-webpack-plugin-4.2.1.tgz#44b88ef4d7443129fb136a68b5ec3e80d63ec471"
    integrity sha1-RLiO9NdEMSn7E2potew+gNY+xHE=
    dependencies:
      cacache "^15.0.5"
      find-cache-dir "^3.3.1"
      jest-worker "^26.3.0"
      p-limit "^3.0.2"
      schema-utils "^2.7.1"
      serialize-javascript "^5.0.1"
      source-map "^0.6.1"
      terser "^5.3.1"
      webpack-sources "^1.4.3"
  
  terser-webpack-plugin@^1.4.3:
    version "1.4.5"
    resolved "https://registry.npm.taobao.org/terser-webpack-plugin/download/terser-webpack-plugin-1.4.5.tgz#a217aefaea330e734ffacb6120ec1fa312d6040b"
    integrity sha1-oheu+uozDnNP+sthIOwfoxLWBAs=
    dependencies:
      cacache "^12.0.2"
      find-cache-dir "^2.1.0"
      is-wsl "^1.1.0"
      schema-utils "^1.0.0"
      serialize-javascript "^4.0.0"
      source-map "^0.6.1"
      terser "^4.1.2"
      webpack-sources "^1.4.0"
      worker-farm "^1.7.0"
  
  terser@^4.1.2, terser@^4.6.3:
    version "4.8.0"
    resolved "https://registry.npm.taobao.org/terser/download/terser-4.8.0.tgz?cache=0&sync_timestamp=1599751558227&other_urls=https%3A%2F%2Fregistry.npm.taobao.org%2Fterser%2Fdownload%2Fterser-4.8.0.tgz#63056343d7c70bb29f3af665865a46fe03a0df17"
    integrity sha1-YwVjQ9fHC7KfOvZlhlpG/gOg3xc=
    dependencies:
      commander "^2.20.0"
      source-map "~0.6.1"
      source-map-support "~0.5.12"
  
  terser@^5.3.1:
    version "5.3.1"
    resolved "https://registry.npm.taobao.org/terser/download/terser-5.3.1.tgz?cache=0&sync_timestamp=1599751558227&other_urls=https%3A%2F%2Fregistry.npm.taobao.org%2Fterser%2Fdownload%2Fterser-5.3.1.tgz#f50fe20ab48b15234fe9bdd86b10148ad5fca787"
    integrity sha1-9Q/iCrSLFSNP6b3YaxAUitX8p4c=
    dependencies:
      commander "^2.20.0"
      source-map "~0.6.1"
      source-map-support "~0.5.12"
  
  test-exclude@^6.0.0:
    version "6.0.0"
    resolved "https://registry.npm.taobao.org/test-exclude/download/test-exclude-6.0.0.tgz#04a8698661d805ea6fa293b6cb9e63ac044ef15e"
    integrity sha1-BKhphmHYBepvopO2y55jrARO8V4=
    dependencies:
      "@istanbuljs/schema" "^0.1.2"
      glob "^7.1.4"
      minimatch "^3.0.4"
  
  text-table@^0.2.0:
    version "0.2.0"
    resolved "https://registry.npm.taobao.org/text-table/download/text-table-0.2.0.tgz#7f5ee823ae805207c00af2df4a84ec3fcfa570b4"
    integrity sha1-f17oI66AUgfACvLfSoTsP8+lcLQ=
  
  throat@^5.0.0:
    version "5.0.0"
    resolved "https://registry.npm.taobao.org/throat/download/throat-5.0.0.tgz#c5199235803aad18754a667d659b5e72ce16764b"
    integrity sha1-xRmSNYA6rRh1SmZ9ZZtecs4Wdks=
  
  through2@^2.0.0:
    version "2.0.5"
    resolved "https://registry.npm.taobao.org/through2/download/through2-2.0.5.tgz?cache=0&sync_timestamp=1593480386934&other_urls=https%3A%2F%2Fregistry.npm.taobao.org%2Fthrough2%2Fdownload%2Fthrough2-2.0.5.tgz#01c1e39eb31d07cb7d03a96a70823260b23132cd"
    integrity sha1-AcHjnrMdB8t9A6lqcIIyYLIxMs0=
    dependencies:
      readable-stream "~2.3.6"
      xtend "~4.0.1"
  
  through@^2.3.6, through@^2.3.8:
    version "2.3.8"
    resolved "https://registry.npm.taobao.org/through/download/through-2.3.8.tgz#0dd4c9ffaabc357960b1b724115d7e0e86a2e1f5"
    integrity sha1-DdTJ/6q8NXlgsbckEV1+Doai4fU=
  
  timed-out@^4.0.1:
    version "4.0.1"
    resolved "https://registry.npm.taobao.org/timed-out/download/timed-out-4.0.1.tgz#f32eacac5a175bea25d7fab565ab3ed8741ef56f"
    integrity sha1-8y6srFoXW+ol1/q1Zas+2HQe9W8=
  
  timers-browserify@^2.0.4:
    version "2.0.11"
    resolved "https://registry.npm.taobao.org/timers-browserify/download/timers-browserify-2.0.11.tgz#800b1f3eee272e5bc53ee465a04d0e804c31211f"
    integrity sha1-gAsfPu4nLlvFPuRloE0OgEwxIR8=
    dependencies:
      setimmediate "^1.0.4"
  
  timm@^1.6.1:
    version "1.7.0"
    resolved "https://registry.npm.taobao.org/timm/download/timm-1.7.0.tgz#c538100a58d066a53cb6cadeb8fb6b0dfd66e270"
    integrity sha1-xTgQCljQZqU8tsreuPtrDf1m4nA=
  
  tiny-invariant@^1.0.2:
    version "1.1.0"
    resolved "https://registry.npm.taobao.org/tiny-invariant/download/tiny-invariant-1.1.0.tgz#634c5f8efdc27714b7f386c35e6760991d230875"
    integrity sha1-Y0xfjv3CdxS384bDXmdgmR0jCHU=
  
  tiny-warning@^1.0.0, tiny-warning@^1.0.3:
    version "1.0.3"
    resolved "https://registry.npm.taobao.org/tiny-warning/download/tiny-warning-1.0.3.tgz#94a30db453df4c643d0fd566060d60a875d84754"
    integrity sha1-lKMNtFPfTGQ9D9VmBg1gqHXYR1Q=
  
  tinycolor2@^1.4.1:
    version "1.4.1"
    resolved "https://registry.npm.taobao.org/tinycolor2/download/tinycolor2-1.4.1.tgz#f4fad333447bc0b07d4dc8e9209d8f39a8ac77e8"
    integrity sha1-9PrTM0R7wLB9TcjpIJ2POaisd+g=
  
  title-case@^2.1.0:
    version "2.1.1"
    resolved "https://registry.npm.taobao.org/title-case/download/title-case-2.1.1.tgz#3e127216da58d2bc5becf137ab91dae3a7cd8faa"
    integrity sha1-PhJyFtpY0rxb7PE3q5Ha46fNj6o=
    dependencies:
      no-case "^2.2.0"
      upper-case "^1.0.3"
  
  tmp@^0.0.33:
    version "0.0.33"
    resolved "https://registry.npm.taobao.org/tmp/download/tmp-0.0.33.tgz?cache=0&sync_timestamp=1592843137359&other_urls=https%3A%2F%2Fregistry.npm.taobao.org%2Ftmp%2Fdownload%2Ftmp-0.0.33.tgz#6d34335889768d21b2bcda0aa277ced3b1bfadf9"
    integrity sha1-bTQzWIl2jSGyvNoKonfO07G/rfk=
    dependencies:
      os-tmpdir "~1.0.2"
  
  tmpl@1.0.x:
    version "1.0.4"
    resolved "https://registry.npm.taobao.org/tmpl/download/tmpl-1.0.4.tgz#23640dd7b42d00433911140820e5cf440e521dd1"
    integrity sha1-I2QN17QtAEM5ERQIIOXPRA5SHdE=
  
  to-arraybuffer@^1.0.0:
    version "1.0.1"
    resolved "https://registry.npm.taobao.org/to-arraybuffer/download/to-arraybuffer-1.0.1.tgz#7d229b1fcc637e466ca081180836a7aabff83f43"
    integrity sha1-fSKbH8xjfkZsoIEYCDanqr/4P0M=
  
  to-buffer@^1.1.1:
    version "1.1.1"
    resolved "https://registry.npm.taobao.org/to-buffer/download/to-buffer-1.1.1.tgz#493bd48f62d7c43fcded313a03dcadb2e1213a80"
    integrity sha1-STvUj2LXxD/N7TE6A9ytsuEhOoA=
  
  to-fast-properties@^2.0.0:
    version "2.0.0"
    resolved "https://registry.npm.taobao.org/to-fast-properties/download/to-fast-properties-2.0.0.tgz#dc5e698cbd079265bc73e0377681a4e4e83f616e"
    integrity sha1-3F5pjL0HkmW8c+A3doGk5Og/YW4=
  
  to-object-path@^0.3.0:
    version "0.3.0"
    resolved "https://registry.npm.taobao.org/to-object-path/download/to-object-path-0.3.0.tgz#297588b7b0e7e0ac08e04e672f85c1f4999e17af"
    integrity sha1-KXWIt7Dn4KwI4E5nL4XB9JmeF68=
    dependencies:
      kind-of "^3.0.2"
  
  to-readable-stream@^1.0.0:
    version "1.0.0"
    resolved "https://registry.npm.taobao.org/to-readable-stream/download/to-readable-stream-1.0.0.tgz#ce0aa0c2f3df6adf852efb404a783e77c0475771"
    integrity sha1-zgqgwvPfat+FLvtASng+d8BHV3E=
  
  to-regex-range@^2.1.0:
    version "2.1.1"
    resolved "https://registry.npm.taobao.org/to-regex-range/download/to-regex-range-2.1.1.tgz#7c80c17b9dfebe599e27367e0d4dd5590141db38"
    integrity sha1-fIDBe53+vlmeJzZ+DU3VWQFB2zg=
    dependencies:
      is-number "^3.0.0"
      repeat-string "^1.6.1"
  
  to-regex-range@^5.0.1:
    version "5.0.1"
    resolved "https://registry.npm.taobao.org/to-regex-range/download/to-regex-range-5.0.1.tgz#1648c44aae7c8d988a326018ed72f5b4dd0392e4"
    integrity sha1-FkjESq58jZiKMmAY7XL1tN0DkuQ=
    dependencies:
      is-number "^7.0.0"
  
  to-regex@^3.0.1, to-regex@^3.0.2:
    version "3.0.2"
    resolved "https://registry.npm.taobao.org/to-regex/download/to-regex-3.0.2.tgz#13cfdd9b336552f30b51f33a8ae1b42a7a7599ce"
    integrity sha1-E8/dmzNlUvMLUfM6iuG0Knp1mc4=
    dependencies:
      define-property "^2.0.2"
      extend-shallow "^3.0.2"
      regex-not "^1.0.2"
      safe-regex "^1.1.0"
  
  toggle-selection@^1.0.6:
    version "1.0.6"
    resolved "https://registry.npm.taobao.org/toggle-selection/download/toggle-selection-1.0.6.tgz#6e45b1263f2017fa0acc7d89d78b15b8bf77da32"
    integrity sha1-bkWxJj8gF/oKzH2J14sVuL932jI=
  
  toidentifier@1.0.0:
    version "1.0.0"
    resolved "https://registry.npm.taobao.org/toidentifier/download/toidentifier-1.0.0.tgz#7e1be3470f1e77948bc43d94a3c8f4d7752ba553"
    integrity sha1-fhvjRw8ed5SLxD2Uo8j013UrpVM=
  
  topojson-client@^3.0.0:
    version "3.1.0"
    resolved "https://registry.npm.taobao.org/topojson-client/download/topojson-client-3.1.0.tgz#22e8b1ed08a2b922feeb4af6f53b6ef09a467b99"
    integrity sha1-Iuix7QiiuSL+60r29Ttu8JpGe5k=
    dependencies:
      commander "2"
  
  tough-cookie@^2.3.3, tough-cookie@~2.5.0:
    version "2.5.0"
    resolved "https://registry.npm.taobao.org/tough-cookie/download/tough-cookie-2.5.0.tgz#cd9fb2a0aa1d5a12b473bd9fb96fa3dcff65ade2"
    integrity sha1-zZ+yoKodWhK0c72fuW+j3P9lreI=
    dependencies:
      psl "^1.1.28"
      punycode "^2.1.1"
  
  tough-cookie@^3.0.1:
    version "3.0.1"
    resolved "https://registry.npm.taobao.org/tough-cookie/download/tough-cookie-3.0.1.tgz#9df4f57e739c26930a018184887f4adb7dca73b2"
    integrity sha1-nfT1fnOcJpMKAYGEiH9K233Kc7I=
    dependencies:
      ip-regex "^2.1.0"
      psl "^1.1.28"
      punycode "^2.1.1"
  
  tr46@^2.0.2:
    version "2.0.2"
    resolved "https://registry.npm.taobao.org/tr46/download/tr46-2.0.2.tgz#03273586def1595ae08fedb38d7733cee91d2479"
    integrity sha1-Ayc1ht7xWVrgj+2zjXczzukdJHk=
    dependencies:
      punycode "^2.1.1"
  
  trim-repeated@^1.0.0:
    version "1.0.0"
    resolved "https://registry.npm.taobao.org/trim-repeated/download/trim-repeated-1.0.0.tgz#e3646a2ea4e891312bf7eace6cfb05380bc01c21"
    integrity sha1-42RqLqTokTEr9+rObPsFOAvAHCE=
    dependencies:
      escape-string-regexp "^1.0.2"
  
  truncate-utf8-bytes@^1.0.0:
    version "1.0.2"
    resolved "https://registry.npm.taobao.org/truncate-utf8-bytes/download/truncate-utf8-bytes-1.0.2.tgz#405923909592d56f78a5818434b0b78489ca5f2b"
    integrity sha1-QFkjkJWS1W94pYGENLC3hInKXys=
    dependencies:
      utf8-byte-length "^1.0.1"
  
  tsconfig-paths@^3.9.0:
    version "3.9.0"
    resolved "https://registry.npm.taobao.org/tsconfig-paths/download/tsconfig-paths-3.9.0.tgz#098547a6c4448807e8fcb8eae081064ee9a3c90b"
    integrity sha1-CYVHpsREiAfo/Ljq4IEGTumjyQs=
    dependencies:
      "@types/json5" "^0.0.29"
      json5 "^1.0.1"
      minimist "^1.2.0"
      strip-bom "^3.0.0"
  
  tslib@^1.10.0, tslib@^1.11.1, tslib@^1.9.0:
    version "1.13.0"
    resolved "https://registry.npm.taobao.org/tslib/download/tslib-1.13.0.tgz?cache=0&sync_timestamp=1596751917452&other_urls=https%3A%2F%2Fregistry.npm.taobao.org%2Ftslib%2Fdownload%2Ftslib-1.13.0.tgz#c881e13cc7015894ed914862d276436fa9a47043"
    integrity sha1-yIHhPMcBWJTtkUhi0nZDb6mkcEM=
  
  tslib@^2.0.0:
    version "2.0.1"
    resolved "https://registry.npm.taobao.org/tslib/download/tslib-2.0.1.tgz?cache=0&sync_timestamp=1596751917452&other_urls=https%3A%2F%2Fregistry.npm.taobao.org%2Ftslib%2Fdownload%2Ftslib-2.0.1.tgz#410eb0d113e5b6356490eec749603725b021b43e"
    integrity sha1-QQ6w0RPltjVkkO7HSWA3JbAhtD4=
  
  tty-browserify@0.0.0:
    version "0.0.0"
    resolved "https://registry.npm.taobao.org/tty-browserify/download/tty-browserify-0.0.0.tgz#a157ba402da24e9bf957f9aa69d524eed42901a6"
    integrity sha1-oVe6QC2iTpv5V/mqadUk7tQpAaY=
  
  tunnel-agent@^0.6.0:
    version "0.6.0"
    resolved "https://registry.npm.taobao.org/tunnel-agent/download/tunnel-agent-0.6.0.tgz#27a5dea06b36b04a0a9966774b290868f0fc40fd"
    integrity sha1-J6XeoGs2sEoKmWZ3SykIaPD8QP0=
    dependencies:
      safe-buffer "^5.0.1"
  
  tunnel@^0.0.6:
    version "0.0.6"
    resolved "https://registry.npm.taobao.org/tunnel/download/tunnel-0.0.6.tgz#72f1314b34a5b192db012324df2cc587ca47f92c"
    integrity sha1-cvExSzSlsZLbASMk3yzFh8pH+Sw=
  
  tweetnacl@^0.14.3, tweetnacl@~0.14.0:
    version "0.14.5"
    resolved "https://registry.npm.taobao.org/tweetnacl/download/tweetnacl-0.14.5.tgz#5ae68177f192d4456269d108afa93ff8743f4f64"
    integrity sha1-WuaBd/GS1EViadEIr6k/+HQ/T2Q=
  
  type-check@^0.4.0, type-check@~0.4.0:
    version "0.4.0"
    resolved "https://registry.npm.taobao.org/type-check/download/type-check-0.4.0.tgz#07b8203bfa7056c0657050e3ccd2c37730bab8f1"
    integrity sha1-B7ggO/pwVsBlcFDjzNLDdzC6uPE=
    dependencies:
      prelude-ls "^1.2.1"
  
  type-check@~0.3.2:
    version "0.3.2"
    resolved "https://registry.npm.taobao.org/type-check/download/type-check-0.3.2.tgz#5884cab512cf1d355e3fb784f30804b2b520db72"
    integrity sha1-WITKtRLPHTVeP7eE8wgEsrUg23I=
    dependencies:
      prelude-ls "~1.1.2"
  
  type-detect@4.0.8:
    version "4.0.8"
    resolved "https://registry.npm.taobao.org/type-detect/download/type-detect-4.0.8.tgz#7646fb5f18871cfbb7749e69bd39a6388eb7450c"
    integrity sha1-dkb7XxiHHPu3dJ5pvTmmOI63RQw=
  
  type-fest@^0.11.0:
    version "0.11.0"
    resolved "https://registry.npm.taobao.org/type-fest/download/type-fest-0.11.0.tgz?cache=0&sync_timestamp=1593293797610&other_urls=https%3A%2F%2Fregistry.npm.taobao.org%2Ftype-fest%2Fdownload%2Ftype-fest-0.11.0.tgz#97abf0872310fed88a5c466b25681576145e33f1"
    integrity sha1-l6vwhyMQ/tiKXEZrJWgVdhReM/E=
  
  type-fest@^0.13.1:
    version "0.13.1"
    resolved "https://registry.npm.taobao.org/type-fest/download/type-fest-0.13.1.tgz?cache=0&sync_timestamp=1606468864826&other_urls=https%3A%2F%2Fregistry.npm.taobao.org%2Ftype-fest%2Fdownload%2Ftype-fest-0.13.1.tgz#0172cb5bce80b0bd542ea348db50c7e21834d934"
    integrity sha1-AXLLW86AsL1ULqNI21DH4hg02TQ=
  
  type-fest@^0.6.0:
    version "0.6.0"
    resolved "https://registry.npm.taobao.org/type-fest/download/type-fest-0.6.0.tgz?cache=0&sync_timestamp=1593293797610&other_urls=https%3A%2F%2Fregistry.npm.taobao.org%2Ftype-fest%2Fdownload%2Ftype-fest-0.6.0.tgz#8d2a2370d3df886eb5c90ada1c5bf6188acf838b"
    integrity sha1-jSojcNPfiG61yQraHFv2GIrPg4s=
  
  type-fest@^0.8.1:
    version "0.8.1"
    resolved "https://registry.npm.taobao.org/type-fest/download/type-fest-0.8.1.tgz?cache=0&sync_timestamp=1593293797610&other_urls=https%3A%2F%2Fregistry.npm.taobao.org%2Ftype-fest%2Fdownload%2Ftype-fest-0.8.1.tgz#09e249ebde851d3b1e48d27c105444667f17b83d"
    integrity sha1-CeJJ696FHTseSNJ8EFREZn8XuD0=
  
  type-is@~1.6.17, type-is@~1.6.18:
    version "1.6.18"
    resolved "https://registry.npm.taobao.org/type-is/download/type-is-1.6.18.tgz#4e552cd05df09467dcbc4ef739de89f2cf37c131"
    integrity sha1-TlUs0F3wlGfcvE73Od6J8s83wTE=
    dependencies:
      media-typer "0.3.0"
      mime-types "~2.1.24"
  
  typedarray-to-buffer@^3.1.5:
    version "3.1.5"
    resolved "https://registry.npm.taobao.org/typedarray-to-buffer/download/typedarray-to-buffer-3.1.5.tgz#a97ee7a9ff42691b9f783ff1bc5112fe3fca9080"
    integrity sha1-qX7nqf9CaRufeD/xvFES/j/KkIA=
    dependencies:
      is-typedarray "^1.0.0"
  
  typedarray@^0.0.6:
    version "0.0.6"
    resolved "https://registry.npm.taobao.org/typedarray/download/typedarray-0.0.6.tgz#867ac74e3864187b1d3d47d996a78ec5c8830777"
    integrity sha1-hnrHTjhkGHsdPUfZlqeOxciDB3c=
  
  typescript@4.0.2:
    version "4.0.2"
    resolved "https://registry.npm.taobao.org/typescript/download/typescript-4.0.2.tgz#7ea7c88777c723c681e33bf7988be5d008d05ac2"
    integrity sha1-fqfIh3fHI8aB4zv3mIvl0AjQWsI=
  
  uglify-js@^3.1.4:
    version "3.10.4"
    resolved "https://registry.npm.taobao.org/uglify-js/download/uglify-js-3.10.4.tgz?cache=0&sync_timestamp=1599412796657&other_urls=https%3A%2F%2Fregistry.npm.taobao.org%2Fuglify-js%2Fdownload%2Fuglify-js-3.10.4.tgz#dd680f5687bc0d7a93b14a3482d16db6eba2bfbb"
    integrity sha1-3WgPVoe8DXqTsUo0gtFttuuiv7s=
  
  unbzip2-stream@^1.0.9:
    version "1.4.3"
    resolved "https://registry.npm.taobao.org/unbzip2-stream/download/unbzip2-stream-1.4.3.tgz#b0da04c4371311df771cdc215e87f2130991ace7"
    integrity sha1-sNoExDcTEd93HNwhXofyEwmRrOc=
    dependencies:
      buffer "^5.2.1"
      through "^2.3.8"
  
  unc-path-regex@^0.1.2:
    version "0.1.2"
    resolved "https://registry.npm.taobao.org/unc-path-regex/download/unc-path-regex-0.1.2.tgz#e73dd3d7b0d7c5ed86fbac6b0ae7d8c6a69d50fa"
    integrity sha1-5z3T17DXxe2G+6xrCufYxqadUPo=
  
  unicode-canonical-property-names-ecmascript@^1.0.4:
    version "1.0.4"
    resolved "https://registry.npm.taobao.org/unicode-canonical-property-names-ecmascript/download/unicode-canonical-property-names-ecmascript-1.0.4.tgz#2619800c4c825800efdd8343af7dd9933cbe2818"
    integrity sha1-JhmADEyCWADv3YNDr33Zkzy+KBg=
  
  unicode-match-property-ecmascript@^1.0.4:
    version "1.0.4"
    resolved "https://registry.npm.taobao.org/unicode-match-property-ecmascript/download/unicode-match-property-ecmascript-1.0.4.tgz#8ed2a32569961bce9227d09cd3ffbb8fed5f020c"
    integrity sha1-jtKjJWmWG86SJ9Cc0/+7j+1fAgw=
    dependencies:
      unicode-canonical-property-names-ecmascript "^1.0.4"
      unicode-property-aliases-ecmascript "^1.0.4"
  
  unicode-match-property-value-ecmascript@^1.2.0:
    version "1.2.0"
    resolved "https://registry.npm.taobao.org/unicode-match-property-value-ecmascript/download/unicode-match-property-value-ecmascript-1.2.0.tgz#0d91f600eeeb3096aa962b1d6fc88876e64ea531"
    integrity sha1-DZH2AO7rMJaqlisdb8iIduZOpTE=
  
  unicode-property-aliases-ecmascript@^1.0.4:
    version "1.1.0"
    resolved "https://registry.npm.taobao.org/unicode-property-aliases-ecmascript/download/unicode-property-aliases-ecmascript-1.1.0.tgz#dd57a99f6207bedff4628abefb94c50db941c8f4"
    integrity sha1-3Vepn2IHvt/0Yoq++5TFDblByPQ=
  
  union-value@^1.0.0:
    version "1.0.1"
    resolved "https://registry.npm.taobao.org/union-value/download/union-value-1.0.1.tgz#0b6fe7b835aecda61c6ea4d4f02c14221e109847"
    integrity sha1-C2/nuDWuzaYcbqTU8CwUIh4QmEc=
    dependencies:
      arr-union "^3.1.0"
      get-value "^2.0.6"
      is-extendable "^0.1.1"
      set-value "^2.0.1"
  
  uniq@^1.0.1:
    version "1.0.1"
    resolved "https://registry.npm.taobao.org/uniq/download/uniq-1.0.1.tgz#b31c5ae8254844a3a8281541ce2b04b865a734ff"
    integrity sha1-sxxa6CVIRKOoKBVBzisEuGWnNP8=
  
  unique-filename@^1.1.1:
    version "1.1.1"
    resolved "https://registry.npm.taobao.org/unique-filename/download/unique-filename-1.1.1.tgz#1d69769369ada0583103a1e6ae87681b56573230"
    integrity sha1-HWl2k2mtoFgxA6HmrodoG1ZXMjA=
    dependencies:
      unique-slug "^2.0.0"
  
  unique-slug@^2.0.0:
    version "2.0.2"
    resolved "https://registry.npm.taobao.org/unique-slug/download/unique-slug-2.0.2.tgz#baabce91083fc64e945b0f3ad613e264f7cd4e6c"
    integrity sha1-uqvOkQg/xk6UWw861hPiZPfNTmw=
    dependencies:
      imurmurhash "^0.1.4"
  
  unique-string@^2.0.0:
    version "2.0.0"
    resolved "https://registry.npm.taobao.org/unique-string/download/unique-string-2.0.0.tgz#39c6451f81afb2749de2b233e3f7c5e8843bd89d"
    integrity sha1-OcZFH4GvsnSd4rIz4/fF6IQ72J0=
    dependencies:
      crypto-random-string "^2.0.0"
  
  universalify@^0.1.0:
    version "0.1.2"
    resolved "https://registry.npm.taobao.org/universalify/download/universalify-0.1.2.tgz#b646f69be3942dabcecc9d6639c80dc105efaa66"
    integrity sha1-tkb2m+OULavOzJ1mOcgNwQXvqmY=
  
  universalify@^1.0.0:
    version "1.0.0"
    resolved "https://registry.npm.taobao.org/universalify/download/universalify-1.0.0.tgz?cache=0&sync_timestamp=1603179970052&other_urls=https%3A%2F%2Fregistry.npm.taobao.org%2Funiversalify%2Fdownload%2Funiversalify-1.0.0.tgz#b61a1da173e8435b2fe3c67d29b9adf8594bd16d"
    integrity sha1-thodoXPoQ1sv48Z9Kbmt+FlL0W0=
  
  universalify@^2.0.0:
    version "2.0.0"
    resolved "https://registry.npm.taobao.org/universalify/download/universalify-2.0.0.tgz?cache=0&sync_timestamp=1603179970052&other_urls=https%3A%2F%2Fregistry.npm.taobao.org%2Funiversalify%2Fdownload%2Funiversalify-2.0.0.tgz#75a4984efedc4b08975c5aeb73f530d02df25717"
    integrity sha1-daSYTv7cSwiXXFrrc/Uw0C3yVxc=
  
  unpipe@1.0.0, unpipe@~1.0.0:
    version "1.0.0"
    resolved "https://registry.npm.taobao.org/unpipe/download/unpipe-1.0.0.tgz#b2bf4ee8514aae6165b4817829d21b2ef49904ec"
    integrity sha1-sr9O6FFKrmFltIF4KdIbLvSZBOw=
  
  unset-value@^1.0.0:
    version "1.0.0"
    resolved "https://registry.npm.taobao.org/unset-value/download/unset-value-1.0.0.tgz#8376873f7d2335179ffb1e6fc3a8ed0dfc8ab559"
    integrity sha1-g3aHP30jNRef+x5vw6jtDfyKtVk=
    dependencies:
      has-value "^0.3.1"
      isobject "^3.0.0"
  
  upath@^1.1.1:
    version "1.2.0"
    resolved "https://registry.npm.taobao.org/upath/download/upath-1.2.0.tgz#8f66dbcd55a883acdae4408af8b035a5044c1894"
    integrity sha1-j2bbzVWog6za5ECK+LA1pQRMGJQ=
  
  update-notifier@^4.1.1:
    version "4.1.3"
    resolved "https://registry.npm.taobao.org/update-notifier/download/update-notifier-4.1.3.tgz#be86ee13e8ce48fb50043ff72057b5bd598e1ea3"
    integrity sha1-vobuE+jOSPtQBD/3IFe1vVmOHqM=
    dependencies:
      boxen "^4.2.0"
      chalk "^3.0.0"
      configstore "^5.0.1"
      has-yarn "^2.1.0"
      import-lazy "^2.1.0"
      is-ci "^2.0.0"
      is-installed-globally "^0.3.1"
      is-npm "^4.0.0"
      is-yarn-global "^0.3.0"
      latest-version "^5.0.0"
      pupa "^2.0.1"
      semver-diff "^3.1.1"
      xdg-basedir "^4.0.0"
  
  upper-case-first@^1.1.0, upper-case-first@^1.1.2:
    version "1.1.2"
    resolved "https://registry.npm.taobao.org/upper-case-first/download/upper-case-first-1.1.2.tgz#5d79bedcff14419518fd2edb0a0507c9b6859115"
    integrity sha1-XXm+3P8UQZUY/S7bCgUHybaFkRU=
    dependencies:
      upper-case "^1.1.1"
  
  upper-case@^1.0.3, upper-case@^1.1.0, upper-case@^1.1.1, upper-case@^1.1.3:
    version "1.1.3"
    resolved "https://registry.npm.taobao.org/upper-case/download/upper-case-1.1.3.tgz#f6b4501c2ec4cdd26ba78be7222961de77621598"
    integrity sha1-9rRQHC7EzdJrp4vnIilh3ndiFZg=
  
  uri-js@^4.2.2:
    version "4.4.0"
    resolved "https://registry.npm.taobao.org/uri-js/download/uri-js-4.4.0.tgz?cache=0&sync_timestamp=1598814588153&other_urls=https%3A%2F%2Fregistry.npm.taobao.org%2Furi-js%2Fdownload%2Furi-js-4.4.0.tgz#aa714261de793e8a82347a7bcc9ce74e86f28602"
    integrity sha1-qnFCYd55PoqCNHp7zJznTobyhgI=
    dependencies:
      punycode "^2.1.0"
  
  urix@^0.1.0:
    version "0.1.0"
    resolved "https://registry.npm.taobao.org/urix/download/urix-0.1.0.tgz#da937f7a62e21fec1fd18d49b35c2935067a6c72"
    integrity sha1-2pN/emLiH+wf0Y1Js1wpNQZ6bHI=
  
  url-loader@4.1.0:
    version "4.1.0"
    resolved "https://registry.npm.taobao.org/url-loader/download/url-loader-4.1.0.tgz#c7d6b0d6b0fccd51ab3ffc58a78d32b8d89a7be2"
    integrity sha1-x9aw1rD8zVGrP/xYp40yuNiae+I=
    dependencies:
      loader-utils "^2.0.0"
      mime-types "^2.1.26"
      schema-utils "^2.6.5"
  
  url-parse-lax@^3.0.0:
    version "3.0.0"
    resolved "https://registry.npm.taobao.org/url-parse-lax/download/url-parse-lax-3.0.0.tgz#16b5cafc07dbe3676c1b1999177823d6503acb0c"
    integrity sha1-FrXK/Afb42dsGxmZF3gj1lA6yww=
    dependencies:
      prepend-http "^2.0.0"
  
  url-to-options@^1.0.1:
    version "1.0.1"
    resolved "https://registry.npm.taobao.org/url-to-options/download/url-to-options-1.0.1.tgz#1505a03a289a48cbd7a434efbaeec5055f5633a9"
    integrity sha1-FQWgOiiaSMvXpDTvuu7FBV9WM6k=
  
  url@^0.11.0:
    version "0.11.0"
    resolved "https://registry.npm.taobao.org/url/download/url-0.11.0.tgz#3838e97cfc60521eb73c525a8e55bfdd9e2e28f1"
    integrity sha1-ODjpfPxgUh63PFJajlW/3Z4uKPE=
    dependencies:
      punycode "1.3.2"
      querystring "0.2.0"
  
  use@^3.1.0:
    version "3.1.1"
    resolved "https://registry.npm.taobao.org/use/download/use-3.1.1.tgz#d50c8cac79a19fbc20f2911f56eb973f4e10070f"
    integrity sha1-1QyMrHmhn7wg8pEfVuuXP04QBw8=
  
  user-home@^1.1.1:
    version "1.1.1"
    resolved "https://registry.npm.taobao.org/user-home/download/user-home-1.1.1.tgz#2b5be23a32b63a7c9deb8d0f28d485724a3df190"
    integrity sha1-K1viOjK2Onyd640PKNSFcko98ZA=
  
  utf8-byte-length@^1.0.1:
    version "1.0.4"
    resolved "https://registry.npm.taobao.org/utf8-byte-length/download/utf8-byte-length-1.0.4.tgz#f45f150c4c66eee968186505ab93fcbb8ad6bf61"
    integrity sha1-9F8VDExm7uloGGUFq5P8u4rWv2E=
  
  utif@^2.0.1:
    version "2.0.1"
    resolved "https://registry.npm.taobao.org/utif/download/utif-2.0.1.tgz#9e1582d9bbd20011a6588548ed3266298e711759"
    integrity sha1-nhWC2bvSABGmWIVI7TJmKY5xF1k=
    dependencies:
      pako "^1.0.5"
  
  util-deprecate@^1.0.1, util-deprecate@~1.0.1:
    version "1.0.2"
    resolved "https://registry.npm.taobao.org/util-deprecate/download/util-deprecate-1.0.2.tgz#450d4dc9fa70de732762fbd2d4a28981419a0ccf"
    integrity sha1-RQ1Nyfpw3nMnYvvS1KKJgUGaDM8=
  
  util.promisify@1.0.0:
    version "1.0.0"
    resolved "https://registry.npm.taobao.org/util.promisify/download/util.promisify-1.0.0.tgz#440f7165a459c9a16dc145eb8e72f35687097030"
    integrity sha1-RA9xZaRZyaFtwUXrjnLzVocJcDA=
    dependencies:
      define-properties "^1.1.2"
      object.getownpropertydescriptors "^2.0.3"
  
  util@0.10.3:
    version "0.10.3"
    resolved "https://registry.npm.taobao.org/util/download/util-0.10.3.tgz#7afb1afe50805246489e3db7fe0ed379336ac0f9"
    integrity sha1-evsa/lCAUkZInj23/g7TeTNqwPk=
    dependencies:
      inherits "2.0.1"
  
  util@^0.11.0:
    version "0.11.1"
    resolved "https://registry.npm.taobao.org/util/download/util-0.11.1.tgz#3236733720ec64bb27f6e26f421aaa2e1b588d61"
    integrity sha1-MjZzNyDsZLsn9uJvQhqqLhtYjWE=
    dependencies:
      inherits "2.0.3"
  
  utila@^0.4.0, utila@~0.4:
    version "0.4.0"
    resolved "https://registry.npm.taobao.org/utila/download/utila-0.4.0.tgz#8a16a05d445657a3aea5eecc5b12a4fa5379772c"
    integrity sha1-ihagXURWV6Oupe7MWxKk+lN5dyw=
  
  utils-merge@1.0.1:
    version "1.0.1"
    resolved "https://registry.npm.taobao.org/utils-merge/download/utils-merge-1.0.1.tgz#9f95710f50a267947b2ccc124741c1028427e713"
    integrity sha1-n5VxD1CiZ5R7LMwSR0HBAoQn5xM=
  
  uuid@^3.3.2:
    version "3.4.0"
    resolved "https://registry.npm.taobao.org/uuid/download/uuid-3.4.0.tgz?cache=0&sync_timestamp=1595884856212&other_urls=https%3A%2F%2Fregistry.npm.taobao.org%2Fuuid%2Fdownload%2Fuuid-3.4.0.tgz#b23e4358afa8a202fe7a100af1f5f883f02007ee"
    integrity sha1-sj5DWK+oogL+ehAK8fX4g/AgB+4=
  
  uuid@^8.3.0:
    version "8.3.0"
    resolved "https://registry.npm.taobao.org/uuid/download/uuid-8.3.0.tgz?cache=0&sync_timestamp=1595884856212&other_urls=https%3A%2F%2Fregistry.npm.taobao.org%2Fuuid%2Fdownload%2Fuuid-8.3.0.tgz#ab738085ca22dc9a8c92725e459b1d507df5d6ea"
    integrity sha1-q3OAhcoi3JqMknJeRZsdUH311uo=
  
  v8-compile-cache@^2.0.3, v8-compile-cache@^2.1.1:
    version "2.1.1"
    resolved "https://registry.npm.taobao.org/v8-compile-cache/download/v8-compile-cache-2.1.1.tgz#54bc3cdd43317bca91e35dcaf305b1a7237de745"
    integrity sha1-VLw83UMxe8qR413K8wWxpyN950U=
  
  v8-to-istanbul@^5.0.1:
    version "5.0.1"
    resolved "https://registry.npm.taobao.org/v8-to-istanbul/download/v8-to-istanbul-5.0.1.tgz?cache=0&sync_timestamp=1596758155034&other_urls=https%3A%2F%2Fregistry.npm.taobao.org%2Fv8-to-istanbul%2Fdownload%2Fv8-to-istanbul-5.0.1.tgz#0608f5b49a481458625edb058488607f25498ba5"
    integrity sha1-Bgj1tJpIFFhiXtsFhIhgfyVJi6U=
    dependencies:
      "@types/istanbul-lib-coverage" "^2.0.1"
      convert-source-map "^1.6.0"
      source-map "^0.7.3"
  
  v8flags@^2.0.10:
    version "2.1.1"
    resolved "https://registry.npm.taobao.org/v8flags/download/v8flags-2.1.1.tgz#aab1a1fa30d45f88dd321148875ac02c0b55e5b4"
    integrity sha1-qrGh+jDUX4jdMhFIh1rALAtV5bQ=
    dependencies:
      user-home "^1.1.1"
  
  validate-npm-package-license@^3.0.1:
    version "3.0.4"
    resolved "https://registry.npm.taobao.org/validate-npm-package-license/download/validate-npm-package-license-3.0.4.tgz#fc91f6b9c7ba15c857f4cb2c5defeec39d4f410a"
    integrity sha1-/JH2uce6FchX9MssXe/uw51PQQo=
    dependencies:
      spdx-correct "^3.0.0"
      spdx-expression-parse "^3.0.0"
  
  value-equal@^1.0.1:
    version "1.0.1"
    resolved "https://registry.npm.taobao.org/value-equal/download/value-equal-1.0.1.tgz#1e0b794c734c5c0cade179c437d356d931a34d6c"
    integrity sha1-Hgt5THNMXAyt4XnEN9NW2TGjTWw=
  
  vary@~1.1.2:
    version "1.1.2"
    resolved "https://registry.npm.taobao.org/vary/download/vary-1.1.2.tgz#2299f02c6ded30d4a5961b0b9f74524a18f634fc"
    integrity sha1-IpnwLG3tMNSllhsLn3RSShj2NPw=
  
  verror@1.10.0:
    version "1.10.0"
    resolved "https://registry.npm.taobao.org/verror/download/verror-1.10.0.tgz#3a105ca17053af55d6e270c1f8288682e18da400"
    integrity sha1-OhBcoXBTr1XW4nDB+CiGguGNpAA=
    dependencies:
      assert-plus "^1.0.0"
      core-util-is "1.0.2"
      extsprintf "^1.2.0"
  
  vm-browserify@^1.0.1:
    version "1.1.2"
    resolved "https://registry.npm.taobao.org/vm-browserify/download/vm-browserify-1.1.2.tgz#78641c488b8e6ca91a75f511e7a3b32a86e5dda0"
    integrity sha1-eGQcSIuObKkadfUR56OzKobl3aA=
  
  w3c-hr-time@^1.0.2:
    version "1.0.2"
    resolved "https://registry.npm.taobao.org/w3c-hr-time/download/w3c-hr-time-1.0.2.tgz#0a89cdf5cc15822df9c360543676963e0cc308cd"
    integrity sha1-ConN9cwVgi35w2BUNnaWPgzDCM0=
    dependencies:
      browser-process-hrtime "^1.0.0"
  
  w3c-xmlserializer@^2.0.0:
    version "2.0.0"
    resolved "https://registry.npm.taobao.org/w3c-xmlserializer/download/w3c-xmlserializer-2.0.0.tgz#3e7104a05b75146cc60f564380b7f683acf1020a"
    integrity sha1-PnEEoFt1FGzGD1ZDgLf2g6zxAgo=
    dependencies:
      xml-name-validator "^3.0.0"
  
  walker@^1.0.7, walker@~1.0.5:
    version "1.0.7"
    resolved "https://registry.npm.taobao.org/walker/download/walker-1.0.7.tgz#2f7f9b8fd10d677262b18a884e28d19618e028fb"
    integrity sha1-L3+bj9ENZ3JisYqITijRlhjgKPs=
    dependencies:
      makeerror "1.0.x"
  
  warning@^4.0.1, warning@^4.0.3:
    version "4.0.3"
    resolved "https://registry.npm.taobao.org/warning/download/warning-4.0.3.tgz#16e9e077eb8a86d6af7d64aa1e05fd85b4678ca3"
    integrity sha1-Fungd+uKhtavfWSqHgX9hbRnjKM=
    dependencies:
      loose-envify "^1.0.0"
  
  watchpack-chokidar2@^2.0.0:
    version "2.0.0"
    resolved "https://registry.npm.taobao.org/watchpack-chokidar2/download/watchpack-chokidar2-2.0.0.tgz#9948a1866cbbd6cb824dea13a7ed691f6c8ddff0"
    integrity sha1-mUihhmy71suCTeoTp+1pH2yN3/A=
    dependencies:
      chokidar "^2.1.8"
  
  watchpack@^1.7.4:
    version "1.7.4"
    resolved "https://registry.npm.taobao.org/watchpack/download/watchpack-1.7.4.tgz?cache=0&sync_timestamp=1598569254580&other_urls=https%3A%2F%2Fregistry.npm.taobao.org%2Fwatchpack%2Fdownload%2Fwatchpack-1.7.4.tgz#6e9da53b3c80bb2d6508188f5b200410866cd30b"
    integrity sha1-bp2lOzyAuy1lCBiPWyAEEIZs0ws=
    dependencies:
      graceful-fs "^4.1.2"
      neo-async "^2.5.0"
    optionalDependencies:
      chokidar "^3.4.1"
      watchpack-chokidar2 "^2.0.0"
  
  wcwidth@^1.0.1:
    version "1.0.1"
    resolved "https://registry.npm.taobao.org/wcwidth/download/wcwidth-1.0.1.tgz#f0b0dcf915bc5ff1528afadb2c0e17b532da2fe8"
    integrity sha1-8LDc+RW8X/FSivrbLA4XtTLaL+g=
    dependencies:
      defaults "^1.0.3"
  
  webidl-conversions@^5.0.0:
    version "5.0.0"
    resolved "https://registry.npm.taobao.org/webidl-conversions/download/webidl-conversions-5.0.0.tgz#ae59c8a00b121543a2acc65c0434f57b0fc11aff"
    integrity sha1-rlnIoAsSFUOirMZcBDT1ew/BGv8=
  
  webidl-conversions@^6.1.0:
    version "6.1.0"
    resolved "https://registry.npm.taobao.org/webidl-conversions/download/webidl-conversions-6.1.0.tgz#9111b4d7ea80acd40f5270d666621afa78b69514"
    integrity sha1-kRG01+qArNQPUnDWZmIa+ni2lRQ=
  
  webpack-cli@3.3.12:
    version "3.3.12"
    resolved "https://registry.npm.taobao.org/webpack-cli/download/webpack-cli-3.3.12.tgz#94e9ada081453cd0aa609c99e500012fd3ad2d4a"
    integrity sha1-lOmtoIFFPNCqYJyZ5QABL9OtLUo=
    dependencies:
      chalk "^2.4.2"
      cross-spawn "^6.0.5"
      enhanced-resolve "^4.1.1"
      findup-sync "^3.0.0"
      global-modules "^2.0.0"
      import-local "^2.0.0"
      interpret "^1.4.0"
      loader-utils "^1.4.0"
      supports-color "^6.1.0"
      v8-compile-cache "^2.1.1"
      yargs "^13.3.2"
  
  webpack-dev-middleware@3.7.2:
    version "3.7.2"
    resolved "https://registry.npm.taobao.org/webpack-dev-middleware/download/webpack-dev-middleware-3.7.2.tgz#0019c3db716e3fa5cecbf64f2ab88a74bab331f3"
    integrity sha1-ABnD23FuP6XOy/ZPKriKdLqzMfM=
    dependencies:
      memory-fs "^0.4.1"
      mime "^2.4.4"
      mkdirp "^0.5.1"
      range-parser "^1.2.1"
      webpack-log "^2.0.0"
  
  webpack-hot-middleware@2.25.0:
    version "2.25.0"
    resolved "https://registry.npm.taobao.org/webpack-hot-middleware/download/webpack-hot-middleware-2.25.0.tgz#4528a0a63ec37f8f8ef565cf9e534d57d09fe706"
    integrity sha1-RSigpj7Df4+O9WXPnlNNV9Cf5wY=
    dependencies:
      ansi-html "0.0.7"
      html-entities "^1.2.0"
      querystring "^0.2.0"
      strip-ansi "^3.0.0"
  
  webpack-log@^2.0.0:
    version "2.0.0"
    resolved "https://registry.npm.taobao.org/webpack-log/download/webpack-log-2.0.0.tgz#5b7928e0637593f119d32f6227c1e0ac31e1b47f"
    integrity sha1-W3ko4GN1k/EZ0y9iJ8HgrDHhtH8=
    dependencies:
      ansi-colors "^3.0.0"
      uuid "^3.3.2"
  
  webpack-node-externals@^2.5.2:
    version "2.5.2"
    resolved "https://registry.npm.taobao.org/webpack-node-externals/download/webpack-node-externals-2.5.2.tgz#178e017a24fec6015bc9e672c77958a6afac861d"
    integrity sha1-F44BeiT+xgFbyeZyx3lYpq+shh0=
  
  webpack-pwa-manifest@4.2.0:
    version "4.2.0"
    resolved "https://registry.npm.taobao.org/webpack-pwa-manifest/download/webpack-pwa-manifest-4.2.0.tgz#5538a567f668fcb21726cb6a0a56e9b131a9b2c3"
    integrity sha1-VTilZ/Zo/LIXJstqClbpsTGpssM=
    dependencies:
      css-color-names "^1.0.0"
      jimp "^0.6.0"
      mime "^2.4.0"
  
  webpack-sources@^1.4.0, webpack-sources@^1.4.1, webpack-sources@^1.4.3:
    version "1.4.3"
    resolved "https://registry.npm.taobao.org/webpack-sources/download/webpack-sources-1.4.3.tgz?cache=0&sync_timestamp=1598284350199&other_urls=https%3A%2F%2Fregistry.npm.taobao.org%2Fwebpack-sources%2Fdownload%2Fwebpack-sources-1.4.3.tgz#eedd8ec0b928fbf1cbfe994e22d2d890f330a933"
    integrity sha1-7t2OwLko+/HL/plOItLYkPMwqTM=
    dependencies:
      source-list-map "^2.0.0"
      source-map "~0.6.1"
  
  webpack@4.44.1:
    version "4.44.1"
    resolved "https://registry.npm.taobao.org/webpack/download/webpack-4.44.1.tgz#17e69fff9f321b8f117d1fda714edfc0b939cc21"
    integrity sha1-F+af/58yG48RfR/acU7fwLk5zCE=
    dependencies:
      "@webassemblyjs/ast" "1.9.0"
      "@webassemblyjs/helper-module-context" "1.9.0"
      "@webassemblyjs/wasm-edit" "1.9.0"
      "@webassemblyjs/wasm-parser" "1.9.0"
      acorn "^6.4.1"
      ajv "^6.10.2"
      ajv-keywords "^3.4.1"
      chrome-trace-event "^1.0.2"
      enhanced-resolve "^4.3.0"
      eslint-scope "^4.0.3"
      json-parse-better-errors "^1.0.2"
      loader-runner "^2.4.0"
      loader-utils "^1.2.3"
      memory-fs "^0.4.1"
      micromatch "^3.1.10"
      mkdirp "^0.5.3"
      neo-async "^2.6.1"
      node-libs-browser "^2.2.1"
      schema-utils "^1.0.0"
      tapable "^1.1.3"
      terser-webpack-plugin "^1.4.3"
      watchpack "^1.7.4"
      webpack-sources "^1.4.1"
  
  whatwg-encoding@^1.0.5:
    version "1.0.5"
    resolved "https://registry.npm.taobao.org/whatwg-encoding/download/whatwg-encoding-1.0.5.tgz#5abacf777c32166a51d085d6b4f3e7d27113ddb0"
    integrity sha1-WrrPd3wyFmpR0IXWtPPn0nET3bA=
    dependencies:
      iconv-lite "0.4.24"
  
  whatwg-fetch@^3.0.0:
    version "3.4.1"
    resolved "https://registry.npm.taobao.org/whatwg-fetch/download/whatwg-fetch-3.4.1.tgz?cache=0&sync_timestamp=1599473175688&other_urls=https%3A%2F%2Fregistry.npm.taobao.org%2Fwhatwg-fetch%2Fdownload%2Fwhatwg-fetch-3.4.1.tgz#e5f871572d6879663fa5674c8f833f15a8425ab3"
    integrity sha1-5fhxVy1oeWY/pWdMj4M/FahCWrM=
  
  whatwg-mimetype@^2.3.0:
    version "2.3.0"
    resolved "https://registry.npm.taobao.org/whatwg-mimetype/download/whatwg-mimetype-2.3.0.tgz#3d4b1e0312d2079879f826aff18dbeeca5960fbf"
    integrity sha1-PUseAxLSB5h5+Cav8Y2+7KWWD78=
  
  whatwg-url@^8.0.0:
    version "8.2.2"
    resolved "https://registry.npm.taobao.org/whatwg-url/download/whatwg-url-8.2.2.tgz?cache=0&sync_timestamp=1599421252063&other_urls=https%3A%2F%2Fregistry.npm.taobao.org%2Fwhatwg-url%2Fdownload%2Fwhatwg-url-8.2.2.tgz#85e7f9795108b53d554cec640b2e8aee2a0d4bfd"
    integrity sha1-hef5eVEItT1VTOxkCy6K7ioNS/0=
    dependencies:
      lodash.sortby "^4.7.0"
      tr46 "^2.0.2"
      webidl-conversions "^6.1.0"
  
  which-module@^2.0.0:
    version "2.0.0"
    resolved "https://registry.npm.taobao.org/which-module/download/which-module-2.0.0.tgz#d9ef07dce77b9902b8a3a8fa4b31c3e3f7e6e87a"
    integrity sha1-2e8H3Od7mQK4o6j6SzHD4/fm6Ho=
  
  which@1.2.x:
    version "1.2.14"
    resolved "https://registry.npm.taobao.org/which/download/which-1.2.14.tgz#9a87c4378f03e827cecaf1acdf56c736c01c14e5"
    integrity sha1-mofEN48D6CfOyvGs31bHNsAcFOU=
    dependencies:
      isexe "^2.0.0"
  
  which@^1.2.14, which@^1.2.9, which@^1.3.1:
    version "1.3.1"
    resolved "https://registry.npm.taobao.org/which/download/which-1.3.1.tgz#a45043d54f5805316da8d62f9f50918d3da70b0a"
    integrity sha1-pFBD1U9YBTFtqNYvn1CRjT2nCwo=
    dependencies:
      isexe "^2.0.0"
  
  which@^2.0.1, which@^2.0.2:
    version "2.0.2"
    resolved "https://registry.npm.taobao.org/which/download/which-2.0.2.tgz#7c6a8dd0a636a0327e10b59c9286eee93f3f51b1"
    integrity sha1-fGqN0KY2oDJ+ELWckobu6T8/UbE=
    dependencies:
      isexe "^2.0.0"
  
  widest-line@^3.1.0:
    version "3.1.0"
    resolved "https://registry.npm.taobao.org/widest-line/download/widest-line-3.1.0.tgz#8292333bbf66cb45ff0de1603b136b7ae1496eca"
    integrity sha1-gpIzO79my0X/DeFgOxNreuFJbso=
    dependencies:
      string-width "^4.0.0"
  
  wmf@~1.0.1:
    version "1.0.2"
    resolved "https://registry.npm.taobao.org/wmf/download/wmf-1.0.2.tgz#7d19d621071a08c2bdc6b7e688a9c435298cc2da"
    integrity sha1-fRnWIQcaCMK9xrfmiKnENSmMwto=
  
  wolfy87-eventemitter@^5.1.0:
    version "5.2.9"
    resolved "https://registry.npm.taobao.org/wolfy87-eventemitter/download/wolfy87-eventemitter-5.2.9.tgz#e879f770b30fbb6512a8afbb330c388591099c2a"
    integrity sha1-6Hn3cLMPu2USqK+7Mww4hZEJnCo=
  
  word-wrap@^1.2.3, word-wrap@~1.2.3:
    version "1.2.3"
    resolved "https://registry.npm.taobao.org/word-wrap/download/word-wrap-1.2.3.tgz#610636f6b1f703891bd34771ccb17fb93b47079c"
    integrity sha1-YQY29rH3A4kb00dxzLF/uTtHB5w=
  
  word@~0.3.0:
    version "0.3.0"
    resolved "https://registry.npm.taobao.org/word/download/word-0.3.0.tgz#8542157e4f8e849f4a363a288992d47612db9961"
    integrity sha1-hUIVfk+OhJ9KNjooiZLUdhLbmWE=
  
  wordwrap@^1.0.0:
    version "1.0.0"
    resolved "https://registry.npm.taobao.org/wordwrap/download/wordwrap-1.0.0.tgz#27584810891456a4171c8d0226441ade90cbcaeb"
    integrity sha1-J1hIEIkUVqQXHI0CJkQa3pDLyus=
  
  worker-farm@^1.7.0:
    version "1.7.0"
    resolved "https://registry.npm.taobao.org/worker-farm/download/worker-farm-1.7.0.tgz#26a94c5391bbca926152002f69b84a4bf772e5a8"
    integrity sha1-JqlMU5G7ypJhUgAvabhKS/dy5ag=
    dependencies:
      errno "~0.1.7"
  
  wrap-ansi@^5.1.0:
    version "5.1.0"
    resolved "https://registry.npm.taobao.org/wrap-ansi/download/wrap-ansi-5.1.0.tgz#1fd1f67235d5b6d0fee781056001bfb694c03b09"
    integrity sha1-H9H2cjXVttD+54EFYAG/tpTAOwk=
    dependencies:
      ansi-styles "^3.2.0"
      string-width "^3.0.0"
      strip-ansi "^5.0.0"
  
  wrap-ansi@^6.2.0:
    version "6.2.0"
    resolved "https://registry.npm.taobao.org/wrap-ansi/download/wrap-ansi-6.2.0.tgz#e9393ba07102e6c91a3b221478f0257cd2856e53"
    integrity sha1-6Tk7oHEC5skaOyIUePAlfNKFblM=
    dependencies:
      ansi-styles "^4.0.0"
      string-width "^4.1.0"
      strip-ansi "^6.0.0"
  
  wrap-ansi@^7.0.0:
    version "7.0.0"
    resolved "https://registry.npm.taobao.org/wrap-ansi/download/wrap-ansi-7.0.0.tgz#67e145cff510a6a6984bdf1152911d69d2eb9e43"
    integrity sha1-Z+FFz/UQpqaYS98RUpEdadLrnkM=
    dependencies:
      ansi-styles "^4.0.0"
      string-width "^4.1.0"
      strip-ansi "^6.0.0"
  
  wrappy@1:
    version "1.0.2"
    resolved "https://registry.npm.taobao.org/wrappy/download/wrappy-1.0.2.tgz#b5243d8f3ec1aa35f1364605bc0d1036e30ab69f"
    integrity sha1-tSQ9jz7BqjXxNkYFvA0QNuMKtp8=
  
  write-file-atomic@^3.0.0:
    version "3.0.3"
    resolved "https://registry.npm.taobao.org/write-file-atomic/download/write-file-atomic-3.0.3.tgz#56bd5c5a5c70481cd19c571bd39ab965a5de56e8"
    integrity sha1-Vr1cWlxwSBzRnFcb05q5ZaXeVug=
    dependencies:
      imurmurhash "^0.1.4"
      is-typedarray "^1.0.0"
      signal-exit "^3.0.2"
      typedarray-to-buffer "^3.1.5"
  
  write@1.0.3:
    version "1.0.3"
    resolved "https://registry.npm.taobao.org/write/download/write-1.0.3.tgz#0800e14523b923a387e415123c865616aae0f5c3"
    integrity sha1-CADhRSO5I6OH5BUSPIZWFqrg9cM=
    dependencies:
      mkdirp "^0.5.1"
  
  ws@^7.2.3:
    version "7.3.1"
    resolved "https://registry.npm.taobao.org/ws/download/ws-7.3.1.tgz#d0547bf67f7ce4f12a72dfe31262c68d7dc551c8"
    integrity sha1-0FR79n985PEqct/jEmLGjX3FUcg=
  
  xdg-basedir@^4.0.0:
    version "4.0.0"
    resolved "https://registry.npm.taobao.org/xdg-basedir/download/xdg-basedir-4.0.0.tgz#4bc8d9984403696225ef83a1573cbbcb4e79db13"
    integrity sha1-S8jZmEQDaWIl74OhVzy7y0552xM=
  
  xhr@^2.0.1:
    version "2.5.0"
    resolved "https://registry.npm.taobao.org/xhr/download/xhr-2.5.0.tgz#bed8d1676d5ca36108667692b74b316c496e49dd"
    integrity sha1-vtjRZ21co2EIZnaSt0sxbEluSd0=
    dependencies:
      global "~4.3.0"
      is-function "^1.0.1"
      parse-headers "^2.0.0"
      xtend "^4.0.0"
  
  xlsx@0.16.7:
    version "0.16.7"
    resolved "https://registry.npm.taobao.org/xlsx/download/xlsx-0.16.7.tgz#62fd6590addac7c4419daaaa2b0c5388015d5f69"
    integrity sha1-Yv1lkK3ax8RBnaqqKwxTiAFdX2k=
    dependencies:
      adler-32 "~1.2.0"
      cfb "^1.1.4"
      codepage "~1.14.0"
      commander "~2.17.1"
      crc-32 "~1.2.0"
      exit-on-epipe "~1.0.1"
      ssf "~0.11.2"
      wmf "~1.0.1"
      word "~0.3.0"
  
  xml-name-validator@^3.0.0:
    version "3.0.0"
    resolved "https://registry.npm.taobao.org/xml-name-validator/download/xml-name-validator-3.0.0.tgz#6ae73e06de4d8c6e47f9fb181f78d648ad457c6a"
    integrity sha1-auc+Bt5NjG5H+fsYH3jWSK1FfGo=
  
  xml-parse-from-string@^1.0.0:
    version "1.0.1"
    resolved "https://registry.npm.taobao.org/xml-parse-from-string/download/xml-parse-from-string-1.0.1.tgz#a9029e929d3dbcded169f3c6e28238d95a5d5a28"
    integrity sha1-qQKekp09vN7RafPG4oI42VpdWig=
  
  xml2js@^0.4.5:
    version "0.4.23"
    resolved "https://registry.npm.taobao.org/xml2js/download/xml2js-0.4.23.tgz?cache=0&other_urls=https%3A%2F%2Fregistry.npm.taobao.org%2Fxml2js%2Fdownload%2Fxml2js-0.4.23.tgz#a0c69516752421eb2ac758ee4d4ccf58843eac66"
    integrity sha1-oMaVFnUkIesqx1juTUzPWIQ+rGY=
    dependencies:
      sax ">=0.6.0"
      xmlbuilder "~11.0.0"
  
  xmlbuilder@~11.0.0:
    version "11.0.1"
    resolved "https://registry.npm.taobao.org/xmlbuilder/download/xmlbuilder-11.0.1.tgz#be9bae1c8a046e76b31127726347d0ad7002beb3"
    integrity sha1-vpuuHIoEbnazESdyY0fQrXACvrM=
  
  xmlchars@^2.2.0:
    version "2.2.0"
    resolved "https://registry.npm.taobao.org/xmlchars/download/xmlchars-2.2.0.tgz#060fe1bcb7f9c76fe2a17db86a9bc3ab894210cb"
    integrity sha1-Bg/hvLf5x2/ioX24apvDq4lCEMs=
  
  xtend@^4.0.0, xtend@~4.0.1:
    version "4.0.2"
    resolved "https://registry.npm.taobao.org/xtend/download/xtend-4.0.2.tgz#bb72779f5fa465186b1f438f674fa347fdb5db54"
    integrity sha1-u3J3n1+kZRhrH0OPZ0+jR/2121Q=
  
  y18n@^4.0.0:
    version "4.0.0"
    resolved "https://registry.npm.taobao.org/y18n/download/y18n-4.0.0.tgz?cache=0&sync_timestamp=1599868278022&other_urls=https%3A%2F%2Fregistry.npm.taobao.org%2Fy18n%2Fdownload%2Fy18n-4.0.0.tgz#95ef94f85ecc81d007c264e190a120f0a3c8566b"
    integrity sha1-le+U+F7MgdAHwmThkKEg8KPIVms=
  
  y18n@^5.0.5:
    version "5.0.5"
    resolved "https://registry.npm.taobao.org/y18n/download/y18n-5.0.5.tgz?cache=0&sync_timestamp=1606777983708&other_urls=https%3A%2F%2Fregistry.npm.taobao.org%2Fy18n%2Fdownload%2Fy18n-5.0.5.tgz#8769ec08d03b1ea2df2500acef561743bbb9ab18"
    integrity sha1-h2nsCNA7HqLfJQCs71YXQ7u5qxg=
  
  yallist@^2.1.2:
    version "2.1.2"
    resolved "https://registry.npm.taobao.org/yallist/download/yallist-2.1.2.tgz#1c11f9218f076089a47dd512f93c6699a6a81d52"
    integrity sha1-HBH5IY8HYImkfdUS+TxmmaaoHVI=
  
  yallist@^3.0.2:
    version "3.1.1"
    resolved "https://registry.npm.taobao.org/yallist/download/yallist-3.1.1.tgz#dbb7daf9bfd8bac9ab45ebf602b8cbad0d5d08fd"
    integrity sha1-27fa+b/YusmrRev2ArjLrQ1dCP0=
  
  yallist@^4.0.0:
    version "4.0.0"
    resolved "https://registry.npm.taobao.org/yallist/download/yallist-4.0.0.tgz#9bb92790d9c0effec63be73519e11a35019a3a72"
    integrity sha1-m7knkNnA7/7GO+c1GeEaNQGaOnI=
  
  yaml@^1.10.0:
    version "1.10.0"
    resolved "https://registry.npm.taobao.org/yaml/download/yaml-1.10.0.tgz?cache=0&sync_timestamp=1598197393404&other_urls=https%3A%2F%2Fregistry.npm.taobao.org%2Fyaml%2Fdownload%2Fyaml-1.10.0.tgz#3b593add944876077d4d683fee01081bd9fff31e"
    integrity sha1-O1k63ZRIdgd9TWg/7gEIG9n/8x4=
  
  yargs-parser@^13.1.2:
    version "13.1.2"
    resolved "https://registry.npm.taobao.org/yargs-parser/download/yargs-parser-13.1.2.tgz?cache=0&sync_timestamp=1599672463725&other_urls=https%3A%2F%2Fregistry.npm.taobao.org%2Fyargs-parser%2Fdownload%2Fyargs-parser-13.1.2.tgz#130f09702ebaeef2650d54ce6e3e5706f7a4fb38"
    integrity sha1-Ew8JcC667vJlDVTObj5XBvek+zg=
    dependencies:
      camelcase "^5.0.0"
      decamelize "^1.2.0"
  
  yargs-parser@^18.1.2:
    version "18.1.3"
    resolved "https://registry.npm.taobao.org/yargs-parser/download/yargs-parser-18.1.3.tgz?cache=0&sync_timestamp=1599672463725&other_urls=https%3A%2F%2Fregistry.npm.taobao.org%2Fyargs-parser%2Fdownload%2Fyargs-parser-18.1.3.tgz#be68c4975c6b2abf469236b0c870362fab09a7b0"
    integrity sha1-vmjEl1xrKr9GkjawyHA2L6sJp7A=
    dependencies:
      camelcase "^5.0.0"
      decamelize "^1.2.0"
  
  yargs-parser@^20.2.2:
    version "20.2.4"
    resolved "https://registry.npm.taobao.org/yargs-parser/download/yargs-parser-20.2.4.tgz?cache=0&sync_timestamp=1604886709178&other_urls=https%3A%2F%2Fregistry.npm.taobao.org%2Fyargs-parser%2Fdownload%2Fyargs-parser-20.2.4.tgz#b42890f14566796f85ae8e3a25290d205f154a54"
    integrity sha1-tCiQ8UVmeW+Fro46JSkNIF8VSlQ=
  
  yargs@^13.3.2:
    version "13.3.2"
    resolved "https://registry.npm.taobao.org/yargs/download/yargs-13.3.2.tgz?cache=0&sync_timestamp=1599709314058&other_urls=https%3A%2F%2Fregistry.npm.taobao.org%2Fyargs%2Fdownload%2Fyargs-13.3.2.tgz#ad7ffefec1aa59565ac915f82dccb38a9c31a2dd"
    integrity sha1-rX/+/sGqWVZayRX4Lcyzipwxot0=
    dependencies:
      cliui "^5.0.0"
      find-up "^3.0.0"
      get-caller-file "^2.0.1"
      require-directory "^2.1.1"
      require-main-filename "^2.0.0"
      set-blocking "^2.0.0"
      string-width "^3.0.0"
      which-module "^2.0.0"
      y18n "^4.0.0"
      yargs-parser "^13.1.2"
  
  yargs@^15.3.1:
    version "15.4.1"
    resolved "https://registry.npm.taobao.org/yargs/download/yargs-15.4.1.tgz?cache=0&sync_timestamp=1599709314058&other_urls=https%3A%2F%2Fregistry.npm.taobao.org%2Fyargs%2Fdownload%2Fyargs-15.4.1.tgz#0d87a16de01aee9d8bec2bfbf74f67851730f4f8"
    integrity sha1-DYehbeAa7p2L7Cv7909nhRcw9Pg=
    dependencies:
      cliui "^6.0.0"
      decamelize "^1.2.0"
      find-up "^4.1.0"
      get-caller-file "^2.0.1"
      require-directory "^2.1.1"
      require-main-filename "^2.0.0"
      set-blocking "^2.0.0"
      string-width "^4.2.0"
      which-module "^2.0.0"
      y18n "^4.0.0"
      yargs-parser "^18.1.2"
  
  yargs@^16.0.3:
    version "16.2.0"
    resolved "https://registry.npm.taobao.org/yargs/download/yargs-16.2.0.tgz?cache=0&sync_timestamp=1607208154489&other_urls=https%3A%2F%2Fregistry.npm.taobao.org%2Fyargs%2Fdownload%2Fyargs-16.2.0.tgz#1c82bf0f6b6a66eafce7ef30e376f49a12477f66"
    integrity sha1-HIK/D2tqZur85+8w43b0mhJHf2Y=
    dependencies:
      cliui "^7.0.2"
      escalade "^3.1.1"
      get-caller-file "^2.0.5"
      require-directory "^2.1.1"
      string-width "^4.2.0"
      y18n "^5.0.5"
      yargs-parser "^20.2.2"
  
  yauzl@^2.10.0, yauzl@^2.4.2:
    version "2.10.0"
    resolved "https://registry.npm.taobao.org/yauzl/download/yauzl-2.10.0.tgz#c7eb17c93e112cb1086fa6d8e51fb0667b79a5f9"
    integrity sha1-x+sXyT4RLLEIb6bY5R+wZnt5pfk=
    dependencies:
      buffer-crc32 "~0.2.3"
      fd-slicer "~1.1.0"
